model,transform,true_char,maps_to_char,maps_to_self,rate,mean_conf
thaichar72_r18_64_gen,rot180,ก,ย,False,0.5,0.31780120730400085
thaichar72_r18_64_gen,rot180,ข,อ,False,0.375,0.25510865449905396
thaichar72_r18_64_gen,rot180,ค,ย,False,0.5,0.662713885307312
thaichar72_r18_64_gen,rot180,ง,ถ,False,0.5,0.30887264013290405
thaichar72_r18_64_gen,rot180,จ,เ,False,0.625,0.16926491260528564
thaichar72_r18_64_gen,rot180,ฉ,ย,False,0.875,0.3646990656852722
thaichar72_r18_64_gen,rot180,ช,น,False,0.875,0.4751127362251282
thaichar72_r18_64_gen,rot180,ซ,น,False,0.5,0.3420814871788025
thaichar72_r18_64_gen,rot180,ญ,ย,False,0.875,0.22462531924247742
thaichar72_r18_64_gen,rot180,ฏ,ย,False,0.3333333333333333,0.2082267850637436
thaichar72_r18_64_gen,rot180,ฐ,๒,False,0.875,0.2004648596048355
thaichar72_r18_64_gen,rot180,ฒ,ฒ,True,0.375,0.19568464159965515
thaichar72_r18_64_gen,rot180,ณ,ย,False,0.75,0.38164058327674866
thaichar72_r18_64_gen,rot180,ด,ย,False,0.5,0.28168484568595886
thaichar72_r18_64_gen,rot180,ต,ย,False,0.375,0.2370917648077011
thaichar72_r18_64_gen,rot180,ถ,ย,False,0.875,0.2902132570743561
thaichar72_r18_64_gen,rot180,ท,แ,False,0.75,0.673328697681427
thaichar72_r18_64_gen,rot180,ธ,เ,False,0.375,0.3407752215862274
thaichar72_r18_64_gen,rot180,น,ท,False,0.5,0.45716458559036255
thaichar72_r18_64_gen,rot180,บ,แ,False,0.375,0.21203288435935974
thaichar72_r18_64_gen,rot180,ป,น,False,0.625,0.37872326374053955
thaichar72_r18_64_gen,rot180,ผ,๖,False,0.5,0.25583434104919434
thaichar72_r18_64_gen,rot180,ฝ,ไ,False,0.75,0.3282250761985779
thaichar72_r18_64_gen,rot180,พ,น,False,0.625,0.6927667856216431
thaichar72_r18_64_gen,rot180,ฟ,น,False,0.5,0.34457287192344666
thaichar72_r18_64_gen,rot180,ภ,ษ,False,0.375,0.13721030950546265
thaichar72_r18_64_gen,rot180,ม,น,False,0.25,0.20921912789344788
thaichar72_r18_64_gen,rot180,ย,อ,False,0.375,0.5104053020477295
thaichar72_r18_64_gen,rot180,ร,ย,False,0.5,0.29817914962768555
thaichar72_r18_64_gen,rot180,ฤ,ษ,False,0.6666666666666666,0.28552940487861633
thaichar72_r18_64_gen,rot180,ล,ย,False,0.5,0.23932218551635742
thaichar72_r18_64_gen,rot180,ว,ย,False,1.0,0.8721792697906494
thaichar72_r18_64_gen,rot180,ศ,ย,False,0.75,0.4287858009338379
thaichar72_r18_64_gen,rot180,ษ,ส,False,0.625,0.44942089915275574
thaichar72_r18_64_gen,rot180,ส,๒,False,0.5,0.27558207511901855
thaichar72_r18_64_gen,rot180,ห,แ,False,0.5,0.5248602628707886
thaichar72_r18_64_gen,rot180,ฬ,ย,False,1.0,0.16048568487167358
thaichar72_r18_64_gen,rot180,อ,อ,True,0.625,0.3271445035934448
thaichar72_r18_64_gen,rot180,ฮ,ด,False,1.0,0.2636183500289917
thaichar72_r18_64_gen,rot180,ฯ,น,False,0.5,0.30178168416023254
thaichar72_r18_64_gen,rot180,ั,ิ,False,0.875,0.7727397680282593
thaichar72_r18_64_gen,rot180,า,่,False,0.5,0.7229165434837341
thaichar72_r18_64_gen,rot180,ิ,ั,False,1.0,0.855103611946106
thaichar72_r18_64_gen,rot180,ี,ร,False,0.375,0.34088143706321716
thaichar72_r18_64_gen,rot180,ึ,้,False,0.6666666666666666,0.4076051712036133
thaichar72_r18_64_gen,rot180,ื,ธ,False,0.25,0.3985934853553772
thaichar72_r18_64_gen,rot180,ุ,ั,False,0.5,0.5439698696136475
thaichar72_r18_64_gen,rot180,ู,ก,False,0.25,0.2543010711669922
thaichar72_r18_64_gen,rot180,เ,า,False,0.5,0.7078618407249451
thaichar72_r18_64_gen,rot180,แ,ท,False,0.75,0.6330438852310181
thaichar72_r18_64_gen,rot180,โ,ใ,False,0.75,0.555858850479126
thaichar72_r18_64_gen,rot180,ใ,ใ,True,0.75,0.4825035631656647
thaichar72_r18_64_gen,rot180,ไ,ใ,False,0.5,0.44696784019470215
thaichar72_r18_64_gen,rot180,ๅ,่,False,0.875,0.8980527520179749
thaichar72_r18_64_gen,rot180,ๆ,เ,False,0.75,0.6875787973403931
thaichar72_r18_64_gen,rot180,็,้,False,0.375,0.1848776638507843
thaichar72_r18_64_gen,rot180,่,่,True,1.0,0.9142422080039978
thaichar72_r18_64_gen,rot180,้,ึ,False,0.5,0.5412008762359619
thaichar72_r18_64_gen,rot180,๊,ิ,False,1.0,0.5627740621566772
thaichar72_r18_64_gen,rot180,์,์,True,0.5,0.49721041321754456
thaichar72_r18_64_gen,rot180,๐,๐,True,1.0,0.9159966707229614
thaichar72_r18_64_gen,rot180,๑,๑,True,0.875,0.6414117217063904
thaichar72_r18_64_gen,rot180,๒,ๆ,False,0.375,0.26132503151893616
thaichar72_r18_64_gen,rot180,๓,๑,False,0.6,0.1376027762889862
thaichar72_r18_64_gen,rot180,๔,ก,False,0.6666666666666666,0.14516034722328186
thaichar72_r18_64_gen,rot180,๕,้,False,0.6666666666666666,0.12308692932128906
thaichar72_r18_64_gen,rot180,๖,จ,False,0.5,0.1519775390625
thaichar72_r18_64_gen,rot180,๗,ต,False,1.0,0.14325948059558868
thaichar72_r18_64_gen,rot180,๘,ร,False,0.6,0.41935449838638306
thaichar72_r18_64_gen,rot180,๙,ค,False,0.3333333333333333,0.19159646332263947
thaichar72_r18_64_gen_v3labels,rot180,ก,ย,False,0.5,0.3891049027442932
thaichar72_r18_64_gen_v3labels,rot180,ข,น,False,0.375,0.2189558446407318
thaichar72_r18_64_gen_v3labels,rot180,ค,ย,False,0.5,0.669385552406311
thaichar72_r18_64_gen_v3labels,rot180,ง,ถ,False,0.75,0.394203245639801
thaichar72_r18_64_gen_v3labels,rot180,จ,เ,False,0.75,0.2735941410064697
thaichar72_r18_64_gen_v3labels,rot180,ฉ,ย,False,0.375,0.27979806065559387
thaichar72_r18_64_gen_v3labels,rot180,ช,น,False,0.5,0.3610173463821411
thaichar72_r18_64_gen_v3labels,rot180,ซ,น,False,0.75,0.36676743626594543
thaichar72_r18_64_gen_v3labels,rot180,ญ,ม,False,0.375,0.17092007398605347
thaichar72_r18_64_gen_v3labels,rot180,ฏ,ย,False,0.5,0.23258517682552338
thaichar72_r18_64_gen_v3labels,rot180,ฐ,ม,False,0.625,0.1531105786561966
thaichar72_r18_64_gen_v3labels,rot180,ฒ,น,False,0.75,0.24796168506145477
thaichar72_r18_64_gen_v3labels,rot180,ณ,บ,False,0.5,0.2941497564315796
thaichar72_r18_64_gen_v3labels,rot180,ด,ย,False,0.5,0.30167636275291443
thaichar72_r18_64_gen_v3labels,rot180,ต,ต,True,0.25,0.15405339002609253
thaichar72_r18_64_gen_v3labels,rot180,ถ,ย,False,0.75,0.3861164152622223
thaichar72_r18_64_gen_v3labels,rot180,ท,น,False,0.5,0.7668660879135132
thaichar72_r18_64_gen_v3labels,rot180,ธ,ม,False,0.375,0.4114658236503601
thaichar72_r18_64_gen_v3labels,rot180,น,ท,False,0.875,0.3984731435775757
thaichar72_r18_64_gen_v3labels,rot180,บ,ก,False,0.625,0.23329605162143707
thaichar72_r18_64_gen_v3labels,rot180,ป,เ,False,0.375,0.36392131447792053
thaichar72_r18_64_gen_v3labels,rot180,ผ,ฝ,False,0.25,0.19850683212280273
thaichar72_r18_64_gen_v3labels,rot180,ฝ,ไ,False,0.75,0.41301968693733215
thaichar72_r18_64_gen_v3labels,rot180,พ,น,False,0.625,0.5354738235473633
thaichar72_r18_64_gen_v3labels,rot180,ฟ,น,False,0.875,0.47449564933776855
thaichar72_r18_64_gen_v3labels,rot180,ภ,ย,False,0.25,0.1782481074333191
thaichar72_r18_64_gen_v3labels,rot180,ม,ท,False,0.375,0.23190227150917053
thaichar72_r18_64_gen_v3labels,rot180,ย,ก,False,0.25,0.4660227298736572
thaichar72_r18_64_gen_v3labels,rot180,ร,ย,False,0.75,0.5038634538650513
thaichar72_r18_64_gen_v3labels,rot180,ฤ,ษ,False,0.6666666666666666,0.3502751290798187
thaichar72_r18_64_gen_v3labels,rot180,ล,ย,False,0.625,0.3526555299758911
thaichar72_r18_64_gen_v3labels,rot180,ว,ย,False,1.0,0.8886638879776001
thaichar72_r18_64_gen_v3labels,rot180,ศ,ย,False,0.625,0.38450053334236145
thaichar72_r18_64_gen_v3labels,rot180,ษ,ส,False,0.5,0.3491440713405609
thaichar72_r18_64_gen_v3labels,rot180,ส,ม,False,0.5,0.4334665536880493
thaichar72_r18_64_gen_v3labels,rot180,ห,น,False,0.5,0.4484366476535797
thaichar72_r18_64_gen_v3labels,rot180,ฬ,น,False,1.0,0.1573576033115387
thaichar72_r18_64_gen_v3labels,rot180,อ,อ,True,0.625,0.3111743927001953
thaichar72_r18_64_gen_v3labels,rot180,ฮ,ฏ,False,0.5,0.300476998090744
thaichar72_r18_64_gen_v3labels,rot180,ฯ,น,False,0.5,0.35014569759368896
thaichar72_r18_64_gen_v3labels,rot180,ั,ิ,False,0.875,0.7827624082565308
thaichar72_r18_64_gen_v3labels,rot180,า,เ,False,0.375,0.7269471883773804
thaichar72_r18_64_gen_v3labels,rot180,ิ,ั,False,1.0,0.8296663165092468
thaichar72_r18_64_gen_v3labels,rot180,ี,์,False,0.375,0.4021245837211609
thaichar72_r18_64_gen_v3labels,rot180,ึ,้,False,0.6666666666666666,0.3991556167602539
thaichar72_r18_64_gen_v3labels,rot180,ื,้,False,0.375,0.582605242729187
thaichar72_r18_64_gen_v3labels,rot180,ุ,่,False,0.5,0.5628450512886047
thaichar72_r18_64_gen_v3labels,rot180,ู,ก,False,0.625,0.2687424421310425
thaichar72_r18_64_gen_v3labels,rot180,เ,า,False,0.5,0.6313230991363525
thaichar72_r18_64_gen_v3labels,rot180,แ,ท,False,0.75,0.7210095524787903
thaichar72_r18_64_gen_v3labels,rot180,โ,ใ,False,0.75,0.6798398494720459
thaichar72_r18_64_gen_v3labels,rot180,ใ,ใ,True,0.875,0.5926125645637512
thaichar72_r18_64_gen_v3labels,rot180,ไ,ใ,False,0.75,0.5518244504928589
thaichar72_r18_64_gen_v3labels,rot180,ๅ,่,False,0.75,0.8935900330543518
thaichar72_r18_64_gen_v3labels,rot180,ๆ,เ,False,0.75,0.6819412708282471
thaichar72_r18_64_gen_v3labels,rot180,็,ั,False,0.375,0.22357915341854095
thaichar72_r18_64_gen_v3labels,rot180,่,่,True,1.0,0.9109777808189392
thaichar72_r18_64_gen_v3labels,rot180,้,ิ,False,0.375,0.5299174785614014
thaichar72_r18_64_gen_v3labels,rot180,๊,ิ,False,0.75,0.5895043611526489
thaichar72_r18_64_gen_v3labels,rot180,์,์,True,0.5,0.6460203528404236
thaichar72_r18_64_gen_v3labels,rot180,๐,๐,True,1.0,0.9156226515769958
thaichar72_r18_64_gen_v3labels,rot180,๑,๑,True,1.0,0.776100754737854
thaichar72_r18_64_gen_v3labels,rot180,๒,ๆ,False,0.75,0.41540080308914185
thaichar72_r18_64_gen_v3labels,rot180,๓,๒,False,0.6,0.11828581988811493
thaichar72_r18_64_gen_v3labels,rot180,๔,ก,False,0.3333333333333333,0.12171849608421326
thaichar72_r18_64_gen_v3labels,rot180,๕,ร,False,0.6666666666666666,0.16088274121284485
thaichar72_r18_64_gen_v3labels,rot180,๖,จ,False,0.5,0.1978348344564438
thaichar72_r18_64_gen_v3labels,rot180,๗,ต,False,1.0,0.13460096716880798
thaichar72_r18_64_gen_v3labels,rot180,๘,ร,False,0.6,0.3667735457420349
thaichar72_r18_64_gen_v3labels,rot180,๙,อ,False,0.6666666666666666,0.18774493038654327
thaichar72_resnet18_64,rot180,ก,บ,False,0.375,0.4427317678928375
thaichar72_resnet18_64,rot180,ข,ก,False,0.375,0.2869751453399658
thaichar72_resnet18_64,rot180,ค,ย,False,0.625,0.519771933555603
thaichar72_resnet18_64,rot180,ง,เ,False,0.5,0.21500657498836517
thaichar72_resnet18_64,rot180,จ,เ,False,0.75,0.1945512592792511
thaichar72_resnet18_64,rot180,ฉ,ย,False,0.875,0.25212737917900085
thaichar72_resnet18_64,rot180,ช,ษ,False,0.375,0.2803674340248108
thaichar72_resnet18_64,rot180,ซ,ษ,False,0.375,0.24827556312084198
thaichar72_resnet18_64,rot180,ญ,ญ,True,0.75,0.20398364961147308
thaichar72_resnet18_64,rot180,ฏ,ย,False,0.6666666666666666,0.31672582030296326
thaichar72_resnet18_64,rot180,ฐ,ษ,False,0.625,0.16015663743019104
thaichar72_resnet18_64,rot180,ฒ,๒,False,0.75,0.2413998693227768
thaichar72_resnet18_64,rot180,ณ,ซ,False,0.25,0.2755686342716217
thaichar72_resnet18_64,rot180,ด,ย,False,0.75,0.5852303504943848
thaichar72_resnet18_64,rot180,ต,๒,False,0.375,0.31155428290367126
thaichar72_resnet18_64,rot180,ถ,บ,False,0.25,0.26274240016937256
thaichar72_resnet18_64,rot180,ท,แ,False,0.5,0.6701138019561768
thaichar72_resnet18_64,rot180,ธ,ฐ,False,0.875,0.4824172258377075
thaichar72_resnet18_64,rot180,น,ท,False,0.625,0.30047330260276794
thaichar72_resnet18_64,rot180,บ,ก,False,1.0,0.47690898180007935
thaichar72_resnet18_64,rot180,ป,ก,False,0.75,0.5056643486022949
thaichar72_resnet18_64,rot180,ผ,ษ,False,0.5,0.39077186584472656
thaichar72_resnet18_64,rot180,ฝ,ท,False,0.5,0.4157369136810303
thaichar72_resnet18_64,rot180,พ,น,False,0.875,0.5045069456100464
thaichar72_resnet18_64,rot180,ฟ,น,False,0.625,0.31706565618515015
thaichar72_resnet18_64,rot180,ภ,ษ,False,0.5,0.27598220109939575
thaichar72_resnet18_64,rot180,ม,ม,True,0.375,0.30739378929138184
thaichar72_resnet18_64,rot180,ย,ก,False,0.375,0.46848294138908386
thaichar72_resnet18_64,rot180,ร,ย,False,0.875,0.4356194734573364
thaichar72_resnet18_64,rot180,ฤ,ษ,False,1.0,0.5305954813957214
thaichar72_resnet18_64,rot180,ล,ษ,False,0.625,0.5409380197525024
thaichar72_resnet18_64,rot180,ว,ย,False,1.0,0.8167199492454529
thaichar72_resnet18_64,rot180,ศ,น,False,0.5,0.6176164150238037
thaichar72_resnet18_64,rot180,ษ,ศ,False,0.25,0.404140830039978
thaichar72_resnet18_64,rot180,ส,ษ,False,0.75,0.5268910527229309
thaichar72_resnet18_64,rot180,ห,น,False,0.375,0.49776482582092285
thaichar72_resnet18_64,rot180,ฬ,น,False,1.0,0.24213622510433197
thaichar72_resnet18_64,rot180,อ,ว,False,0.625,0.6210143566131592
thaichar72_resnet18_64,rot180,ฮ,อ,False,1.0,0.392433226108551
thaichar72_resnet18_64,rot180,ฯ,ผ,False,0.5,0.33059966564178467
thaichar72_resnet18_64,rot180,ั,ิ,False,0.5,0.601791501045227
thaichar72_resnet18_64,rot180,า,เ,False,0.5,0.6233545541763306
thaichar72_resnet18_64,rot180,ิ,ั,False,1.0,0.8345732688903809
thaichar72_resnet18_64,rot180,ี,้,False,0.5,0.42857152223587036
thaichar72_resnet18_64,rot180,ึ,้,False,1.0,0.5561349391937256
thaichar72_resnet18_64,rot180,ื,้,False,0.75,0.4195992648601532
thaichar72_resnet18_64,rot180,ุ,่,False,0.375,0.5744966864585876
thaichar72_resnet18_64,rot180,ู,ก,False,0.625,0.296889066696167
thaichar72_resnet18_64,rot180,เ,า,False,0.5,0.5547866225242615
thaichar72_resnet18_64,rot180,แ,ท,False,1.0,0.8856973052024841
thaichar72_resnet18_64,rot180,โ,เ,False,0.875,0.5552012920379639
thaichar72_resnet18_64,rot180,ใ,ใ,True,0.75,0.4807523787021637
thaichar72_resnet18_64,rot180,ไ,ใ,False,0.5,0.39075785875320435
thaichar72_resnet18_64,rot180,ๅ,่,False,0.75,0.7961432933807373
thaichar72_resnet18_64,rot180,ๆ,เ,False,0.25,0.36746686697006226
thaichar72_resnet18_64,rot180,็,ย,False,0.625,0.2004176378250122
thaichar72_resnet18_64,rot180,่,่,True,1.0,0.9142339825630188
thaichar72_resnet18_64,rot180,้,ึ,False,0.625,0.49242672324180603
thaichar72_resnet18_64,rot180,๊,ิ,False,0.375,0.2497183084487915
thaichar72_resnet18_64,rot180,์,์,True,0.5,0.5596022605895996
thaichar72_resnet18_64,rot180,๐,๐,True,1.0,0.9323533773422241
thaichar72_resnet18_64,rot180,๑,๑,True,1.0,0.29987218976020813
thaichar72_resnet18_64,rot180,๒,ต,False,0.5,0.45738282799720764
thaichar72_resnet18_64,rot180,๓,๓,True,1.0,0.25015440583229065
thaichar72_resnet18_64,rot180,๔,้,False,0.6666666666666666,0.13194583356380463
thaichar72_resnet18_64,rot180,๕,ร,False,1.0,0.24374403059482574
thaichar72_resnet18_64,rot180,๖,ย,False,0.5,0.4063904881477356
thaichar72_resnet18_64,rot180,๗,ต,False,1.0,0.21812501549720764
thaichar72_resnet18_64,rot180,๘,ร,False,0.4,0.16236063838005066
thaichar72_resnet18_64,rot180,๙,อ,False,0.6666666666666666,0.4728657305240631
thaichar72_resnet18_64_v1labels,rot180,ก,ย,False,0.875,0.7505320310592651
thaichar72_resnet18_64_v1labels,rot180,ข,า,False,0.5,0.20958426594734192
thaichar72_resnet18_64_v1labels,rot180,ค,ย,False,0.75,0.5518878698348999
thaichar72_resnet18_64_v1labels,rot180,ง,ถ,False,0.875,0.33136770129203796
thaichar72_resnet18_64_v1labels,rot180,จ,๒,False,0.5,0.26534539461135864
thaichar72_resnet18_64_v1labels,rot180,ฉ,ย,False,0.875,0.33276835083961487
thaichar72_resnet18_64_v1labels,rot180,ช,ม,False,0.375,0.28884926438331604
thaichar72_resnet18_64_v1labels,rot180,ซ,ณ,False,0.375,0.30808955430984497
thaichar72_resnet18_64_v1labels,rot180,ญ,ณ,False,0.625,0.2868354916572571
thaichar72_resnet18_64_v1labels,rot180,ฏ,ย,False,0.8333333333333334,0.576339602470398
thaichar72_resnet18_64_v1labels,rot180,ฐ,ๅ,False,0.5,0.24351803958415985
thaichar72_resnet18_64_v1labels,rot180,ฒ,ฒ,True,0.5,0.32155460119247437
thaichar72_resnet18_64_v1labels,rot180,ณ,ณ,True,0.375,0.30026769638061523
thaichar72_resnet18_64_v1labels,rot180,ด,ย,False,0.75,0.5230065584182739
thaichar72_resnet18_64_v1labels,rot180,ต,๒,False,0.625,0.36045920848846436
thaichar72_resnet18_64_v1labels,rot180,ถ,ย,False,0.75,0.4780844748020172
thaichar72_resnet18_64_v1labels,rot180,ท,น,False,0.5,0.7700985670089722
thaichar72_resnet18_64_v1labels,rot180,ธ,ฐ,False,0.75,0.32772597670555115
thaichar72_resnet18_64_v1labels,rot180,น,น,True,0.75,0.4078216254711151
thaichar72_resnet18_64_v1labels,rot180,บ,ก,False,0.625,0.38518044352531433
thaichar72_resnet18_64_v1labels,rot180,ป,ก,False,0.375,0.4898696541786194
thaichar72_resnet18_64_v1labels,rot180,ผ,ษ,False,0.5,0.28863009810447693
thaichar72_resnet18_64_v1labels,rot180,ฝ,ท,False,0.5,0.32198113203048706
thaichar72_resnet18_64_v1labels,rot180,พ,น,False,0.875,0.6689919233322144
thaichar72_resnet18_64_v1labels,rot180,ฟ,ม,False,0.625,0.5628985166549683
thaichar72_resnet18_64_v1labels,rot180,ภ,ย,False,1.0,0.5614670515060425
thaichar72_resnet18_64_v1labels,rot180,ม,น,False,0.25,0.2973646819591522
thaichar72_resnet18_64_v1labels,rot180,ย,ฉ,False,0.25,0.569979190826416
thaichar72_resnet18_64_v1labels,rot180,ร,ย,False,0.875,0.35070961713790894
thaichar72_resnet18_64_v1labels,rot180,ฤ,ย,False,0.6666666666666666,0.23983316123485565
thaichar72_resnet18_64_v1labels,rot180,ล,ย,False,0.75,0.3541860580444336
thaichar72_resnet18_64_v1labels,rot180,ว,ย,False,1.0,0.8384857177734375
thaichar72_resnet18_64_v1labels,rot180,ศ,ย,False,0.75,0.5545408725738525
thaichar72_resnet18_64_v1labels,rot180,ษ,ย,False,0.25,0.40110960602760315
thaichar72_resnet18_64_v1labels,rot180,ส,ย,False,0.5,0.4604288339614868
thaichar72_resnet18_64_v1labels,rot180,ห,น,False,0.625,0.7048379182815552
thaichar72_resnet18_64_v1labels,rot180,ฬ,น,False,1.0,0.3318535387516022
thaichar72_resnet18_64_v1labels,rot180,อ,ว,False,0.5,0.3849346339702606
thaichar72_resnet18_64_v1labels,rot180,ฮ,ล,False,0.5,0.3077561855316162
thaichar72_resnet18_64_v1labels,rot180,ฯ,ผ,False,0.5,0.5445223450660706
thaichar72_resnet18_64_v1labels,rot180,ั,า,False,0.875,0.7275943756103516
thaichar72_resnet18_64_v1labels,rot180,า,่,False,0.5,0.6545871496200562
thaichar72_resnet18_64_v1labels,rot180,ิ,ั,False,1.0,0.848455548286438
thaichar72_resnet18_64_v1labels,rot180,ี,ย,False,0.25,0.28524088859558105
thaichar72_resnet18_64_v1labels,rot180,ึ,้,False,0.6666666666666666,0.3164907991886139
thaichar72_resnet18_64_v1labels,rot180,ื,า,False,0.375,0.49700814485549927
thaichar72_resnet18_64_v1labels,rot180,ุ,่,False,0.5,0.4546935558319092
thaichar72_resnet18_64_v1labels,rot180,ู,า,False,0.375,0.35199421644210815
thaichar72_resnet18_64_v1labels,rot180,เ,า,False,1.0,0.7583811283111572
thaichar72_resnet18_64_v1labels,rot180,แ,ท,False,1.0,0.5818493366241455
thaichar72_resnet18_64_v1labels,rot180,โ,เ,False,0.5,0.5326367616653442
thaichar72_resnet18_64_v1labels,rot180,ใ,ไ,False,0.625,0.42576831579208374
thaichar72_resnet18_64_v1labels,rot180,ไ,เ,False,0.625,0.3648650646209717
thaichar72_resnet18_64_v1labels,rot180,ๅ,่,False,0.75,0.8447302579879761
thaichar72_resnet18_64_v1labels,rot180,ๆ,เ,False,0.5,0.536336362361908
thaichar72_resnet18_64_v1labels,rot180,็,า,False,0.75,0.38678741455078125
thaichar72_resnet18_64_v1labels,rot180,่,่,True,1.0,0.9026646018028259
thaichar72_resnet18_64_v1labels,rot180,้,า,False,0.75,0.5281164646148682
thaichar72_resnet18_64_v1labels,rot180,๊,า,False,0.875,0.5983132719993591
thaichar72_resnet18_64_v1labels,rot180,์,์,True,0.5,0.4898463487625122
thaichar72_resnet18_64_v1labels,rot180,๐,๐,True,1.0,0.9233936071395874
thaichar72_resnet18_64_v1labels,rot180,๑,๑,True,0.75,0.3205331265926361
thaichar72_resnet18_64_v1labels,rot180,๒,ต,False,0.375,0.49320515990257263
thaichar72_resnet18_64_v1labels,rot180,๓,๑,False,0.6,0.31547412276268005
thaichar72_resnet18_64_v1labels,rot180,๔,ด,False,0.3333333333333333,0.14178770780563354
thaichar72_resnet18_64_v1labels,rot180,๕,า,False,1.0,0.4892750084400177
thaichar72_resnet18_64_v1labels,rot180,๖,า,False,1.0,0.8318320512771606
thaichar72_resnet18_64_v1labels,rot180,๗,ต,False,1.0,0.20488648116588593
thaichar72_resnet18_64_v1labels,rot180,๘,า,False,0.6,0.32126766443252563
thaichar72_resnet18_64_v1labels,rot180,๙,อ,False,1.0,0.4895791709423065
thaichar72_mnv3small_64_small,rot180,ก,ย,False,0.875,0.4673408567905426
thaichar72_mnv3small_64_small,rot180,ข,น,False,0.5,0.2353595793247223
thaichar72_mnv3small_64_small,rot180,ค,ย,False,0.5,0.5259357690811157
thaichar72_mnv3small_64_small,rot180,ง,ล,False,0.875,0.24039310216903687
thaichar72_mnv3small_64_small,rot180,จ,๒,False,0.625,0.2617342472076416
thaichar72_mnv3small_64_small,rot180,ฉ,บ,False,0.5,0.4318861961364746
thaichar72_mnv3small_64_small,rot180,ช,๒,False,0.375,0.3615756928920746
thaichar72_mnv3small_64_small,rot180,ซ,๒,False,0.75,0.2544102668762207
thaichar72_mnv3small_64_small,rot180,ญ,ย,False,0.375,0.3425911068916321
thaichar72_mnv3small_64_small,rot180,ฏ,ย,False,0.6666666666666666,0.43118491768836975
thaichar72_mnv3small_64_small,rot180,ฐ,แ,False,0.5,0.29460209608078003
thaichar72_mnv3small_64_small,rot180,ฒ,ฒ,True,0.75,0.5103452205657959
thaichar72_mnv3small_64_small,rot180,ณ,บ,False,0.5,0.4028465151786804
thaichar72_mnv3small_64_small,rot180,ด,๒,False,0.75,0.4725660979747772
thaichar72_mnv3small_64_small,rot180,ต,๒,False,1.0,0.5863503217697144
thaichar72_mnv3small_64_small,rot180,ถ,ย,False,0.625,0.5636392831802368
thaichar72_mnv3small_64_small,rot180,ท,น,False,0.625,0.6342651844024658
thaichar72_mnv3small_64_small,rot180,ธ,แ,False,0.375,0.3418824076652527
thaichar72_mnv3small_64_small,rot180,น,น,True,0.625,0.4621923565864563
thaichar72_mnv3small_64_small,rot180,บ,ก,False,0.875,0.23316776752471924
thaichar72_mnv3small_64_small,rot180,ป,ม,False,0.5,0.4461107850074768
thaichar72_mnv3small_64_small,rot180,ผ,ษ,False,0.375,0.3250448405742645
thaichar72_mnv3small_64_small,rot180,ฝ,ส,False,0.375,0.47043851017951965
thaichar72_mnv3small_64_small,rot180,พ,น,False,0.875,0.6500735282897949
thaichar72_mnv3small_64_small,rot180,ฟ,น,False,0.375,0.7060137987136841
thaichar72_mnv3small_64_small,rot180,ภ,ย,False,0.625,0.22088280320167542
thaichar72_mnv3small_64_small,rot180,ม,ย,False,0.25,0.25417473912239075
thaichar72_mnv3small_64_small,rot180,ย,ว,False,0.375,0.4856436848640442
thaichar72_mnv3small_64_small,rot180,ร,ย,False,1.0,0.6252155303955078
thaichar72_mnv3small_64_small,rot180,ฤ,๒,False,0.6666666666666666,0.17872147262096405
thaichar72_mnv3small_64_small,rot180,ล,ง,False,0.625,0.5293964147567749
thaichar72_mnv3small_64_small,rot180,ว,ย,False,1.0,0.8675225973129272
thaichar72_mnv3small_64_small,rot180,ศ,ย,False,0.625,0.48122185468673706
thaichar72_mnv3small_64_small,rot180,ษ,ย,False,0.5,0.46764057874679565
thaichar72_mnv3small_64_small,rot180,ส,ย,False,0.75,0.5098978281021118
thaichar72_mnv3small_64_small,rot180,ห,น,False,0.625,0.6141730546951294
thaichar72_mnv3small_64_small,rot180,ฬ,น,False,1.0,0.8299826979637146
thaichar72_mnv3small_64_small,rot180,อ,๑,False,0.625,0.32717961072921753
thaichar72_mnv3small_64_small,rot180,ฮ,อ,False,1.0,0.40303733944892883
thaichar72_mnv3small_64_small,rot180,ฯ,น,False,0.25,0.3873656988143921
thaichar72_mnv3small_64_small,rot180,ั,ิ,False,0.5,0.6171637177467346
thaichar72_mnv3small_64_small,rot180,า,่,False,0.5,0.7357504367828369
thaichar72_mnv3small_64_small,rot180,ิ,ั,False,1.0,0.8751207590103149
thaichar72_mnv3small_64_small,rot180,ี,ั,False,0.75,0.48726004362106323
thaichar72_mnv3small_64_small,rot180,ึ,้,False,0.6666666666666666,0.5108938217163086
thaichar72_mnv3small_64_small,rot180,ื,้,False,0.75,0.5431515574455261
thaichar72_mnv3small_64_small,rot180,ุ,ั,False,0.25,0.4472214877605438
thaichar72_mnv3small_64_small,rot180,ู,็,False,0.375,0.28206366300582886
thaichar72_mnv3small_64_small,rot180,เ,ใ,False,0.625,0.5546185970306396
thaichar72_mnv3small_64_small,rot180,แ,ท,False,1.0,0.8155588507652283
thaichar72_mnv3small_64_small,rot180,โ,เ,False,0.75,0.7474721074104309
thaichar72_mnv3small_64_small,rot180,ใ,เ,False,0.875,0.7808845043182373
thaichar72_mnv3small_64_small,rot180,ไ,น,False,0.25,0.3837262988090515
thaichar72_mnv3small_64_small,rot180,ๅ,่,False,0.75,0.845564603805542
thaichar72_mnv3small_64_small,rot180,ๆ,เ,False,0.375,0.40417760610580444
thaichar72_mnv3small_64_small,rot180,็,ย,False,0.375,0.44770464301109314
thaichar72_mnv3small_64_small,rot180,่,่,True,1.0,0.8850796818733215
thaichar72_mnv3small_64_small,rot180,้,ึ,False,0.5,0.33073699474334717
thaichar72_mnv3small_64_small,rot180,๊,ั,False,0.625,0.40941324830055237
thaichar72_mnv3small_64_small,rot180,์,์,True,0.5,0.4023400545120239
thaichar72_mnv3small_64_small,rot180,๐,๐,True,1.0,0.9150526523590088
thaichar72_mnv3small_64_small,rot180,๑,๑,True,0.875,0.7582119107246399
thaichar72_mnv3small_64_small,rot180,๒,ฒ,False,0.375,0.19973167777061462
thaichar72_mnv3small_64_small,rot180,๓,๑,False,0.6,0.33863693475723267
thaichar72_mnv3small_64_small,rot180,๔,อ,False,1.0,0.14377669990062714
thaichar72_mnv3small_64_small,rot180,๕,ว,False,1.0,0.11349290609359741
thaichar72_mnv3small_64_small,rot180,๖,ุ,False,1.0,0.7107711434364319
thaichar72_mnv3small_64_small,rot180,๗,๑,False,1.0,0.20669753849506378
thaichar72_mnv3small_64_small,rot180,๘,ย,False,0.4,0.3945450186729431
thaichar72_mnv3small_64_small,rot180,๙,อ,False,1.0,0.8485293388366699
thaichar72_r18_64_gen,mirror_h,ก,ก,True,0.5,0.5705311894416809
thaichar72_r18_64_gen,mirror_h,ข,ง,False,0.375,0.24898701906204224
thaichar72_r18_64_gen,mirror_h,ค,ค,True,0.75,0.5653632283210754
thaichar72_r18_64_gen,mirror_h,ง,ย,False,0.625,0.18178462982177734
thaichar72_r18_64_gen,mirror_h,จ,ค,False,0.5,0.24337546527385712
thaichar72_r18_64_gen,mirror_h,ฉ,ล,False,0.75,0.3945769667625427
thaichar72_r18_64_gen,mirror_h,ช,ล,False,0.375,0.3195282220840454
thaichar72_r18_64_gen,mirror_h,ซ,ฒ,False,0.5,0.2504115402698517
thaichar72_r18_64_gen,mirror_h,ญ,ธ,False,0.25,0.22306399047374725
thaichar72_r18_64_gen,mirror_h,ฏ,อ,False,0.3333333333333333,0.31652677059173584
thaichar72_r18_64_gen,mirror_h,ฐ,อ,False,0.625,0.48703837394714355
thaichar72_r18_64_gen,mirror_h,ฒ,๒,False,0.625,0.24378365278244019
thaichar72_r18_64_gen,mirror_h,ณ,แ,False,0.625,0.3639267385005951
thaichar72_r18_64_gen,mirror_h,ด,ด,True,0.625,0.5910329818725586
thaichar72_r18_64_gen,mirror_h,ต,ต,True,0.875,0.7738447785377502
thaichar72_r18_64_gen,mirror_h,ถ,ล,False,0.5,0.41224589943885803
thaichar72_r18_64_gen,mirror_h,ท,ส,False,0.5,0.37905633449554443
thaichar72_r18_64_gen,mirror_h,ธ,ส,False,0.5,0.5275687575340271
thaichar72_r18_64_gen,mirror_h,น,ม,False,0.75,0.6164675354957581
thaichar72_r18_64_gen,mirror_h,บ,เ,False,0.75,0.20286229252815247
thaichar72_r18_64_gen,mirror_h,ป,ษ,False,0.375,0.4183797538280487
thaichar72_r18_64_gen,mirror_h,ผ,ผ,True,1.0,0.5508961081504822
thaichar72_r18_64_gen,mirror_h,ฝ,ผ,False,0.5,0.28700777888298035
thaichar72_r18_64_gen,mirror_h,พ,ห,False,0.375,0.3968813717365265
thaichar72_r18_64_gen,mirror_h,ฟ,พ,False,0.625,0.2858404517173767
thaichar72_r18_64_gen,mirror_h,ภ,ส,False,0.5,0.25572627782821655
thaichar72_r18_64_gen,mirror_h,ม,น,False,1.0,0.7226313948631287
thaichar72_r18_64_gen,mirror_h,ย,ย,True,0.375,0.41661036014556885
thaichar72_r18_64_gen,mirror_h,ร,ล,False,0.75,0.5417589545249939
thaichar72_r18_64_gen,mirror_h,ฤ,ก,False,0.6666666666666666,0.3075193464756012
thaichar72_r18_64_gen,mirror_h,ล,ล,True,0.375,0.4806550443172455
thaichar72_r18_64_gen,mirror_h,ว,ถ,False,0.625,0.3490903377532959
thaichar72_r18_64_gen,mirror_h,ศ,ธ,False,0.375,0.3946875333786011
thaichar72_r18_64_gen,mirror_h,ษ,ษ,True,0.625,0.5197985172271729
thaichar72_r18_64_gen,mirror_h,ส,อ,False,0.375,0.38906246423721313
thaichar72_r18_64_gen,mirror_h,ห,ห,True,0.875,0.4241291582584381
thaichar72_r18_64_gen,mirror_h,ฬ,ห,False,1.0,0.7828080654144287
thaichar72_r18_64_gen,mirror_h,อ,อ,True,0.75,0.22141900658607483
thaichar72_r18_64_gen,mirror_h,ฮ,ธ,False,0.5,0.38232582807540894
thaichar72_r18_64_gen,mirror_h,ฯ,ห,False,0.5,0.18844255805015564
thaichar72_r18_64_gen,mirror_h,ั,ั,True,1.0,0.6189802885055542
thaichar72_r18_64_gen,mirror_h,า,ก,False,1.0,0.8697463274002075
thaichar72_r18_64_gen,mirror_h,ิ,ิ,True,1.0,0.9170066118240356
thaichar72_r18_64_gen,mirror_h,ี,ิ,False,0.875,0.5282771587371826
thaichar72_r18_64_gen,mirror_h,ึ,ิ,False,1.0,0.5175468325614929
thaichar72_r18_64_gen,mirror_h,ื,ิ,False,0.375,0.3623659908771515
thaichar72_r18_64_gen,mirror_h,ุ,่,False,0.5,0.5116277933120728
thaichar72_r18_64_gen,mirror_h,ู,ั,False,0.5,0.3073410987854004
thaichar72_r18_64_gen,mirror_h,เ,ร,False,0.5,0.5189383029937744
thaichar72_r18_64_gen,mirror_h,แ,ม,False,1.0,0.8202255964279175
thaichar72_r18_64_gen,mirror_h,โ,โ,True,0.875,0.9006636142730713
thaichar72_r18_64_gen,mirror_h,ใ,ใ,True,0.875,0.581110954284668
thaichar72_r18_64_gen,mirror_h,ไ,ไ,True,0.625,0.43264976143836975
thaichar72_r18_64_gen,mirror_h,ๅ,ก,False,0.875,0.8810262084007263
thaichar72_r18_64_gen,mirror_h,ๆ,ก,False,0.5,0.3841366767883301
thaichar72_r18_64_gen,mirror_h,็,ร,False,0.25,0.2925204336643219
thaichar72_r18_64_gen,mirror_h,่,่,True,0.8571428571428571,0.8836304545402527
thaichar72_r18_64_gen,mirror_h,้,ั,False,0.875,0.3855472207069397
thaichar72_r18_64_gen,mirror_h,๊,็,False,0.75,0.2166210561990738
thaichar72_r18_64_gen,mirror_h,์,๖,False,0.5,0.39946138858795166
thaichar72_r18_64_gen,mirror_h,๐,๐,True,1.0,0.9175541400909424
thaichar72_r18_64_gen,mirror_h,๑,๑,True,0.75,0.5835736989974976
thaichar72_r18_64_gen,mirror_h,๒,ย,False,0.5,0.15870600938796997
thaichar72_r18_64_gen,mirror_h,๓,็,False,0.6,0.30975252389907837
thaichar72_r18_64_gen,mirror_h,๔,๖,False,1.0,0.42955341935157776
thaichar72_r18_64_gen,mirror_h,๕,ม,False,1.0,0.1992398500442505
thaichar72_r18_64_gen,mirror_h,๖,ย,False,0.5,0.43595296144485474
thaichar72_r18_64_gen,mirror_h,๗,๒,False,1.0,0.403126060962677
thaichar72_r18_64_gen,mirror_h,๘,๒,False,0.6,0.2282549887895584
thaichar72_r18_64_gen,mirror_h,๙,ร,False,0.6666666666666666,0.5593274235725403
thaichar72_r18_64_gen_v3labels,mirror_h,ก,ก,True,0.875,0.7655872106552124
thaichar72_r18_64_gen_v3labels,mirror_h,ข,ห,False,0.375,0.3162420392036438
thaichar72_r18_64_gen_v3labels,mirror_h,ค,ค,True,0.625,0.5879721641540527
thaichar72_r18_64_gen_v3labels,mirror_h,ง,ผ,False,0.625,0.4138539135456085
thaichar72_r18_64_gen_v3labels,mirror_h,จ,ด,False,0.875,0.3000894784927368
thaichar72_r18_64_gen_v3labels,mirror_h,ฉ,ล,False,0.75,0.4102751314640045
thaichar72_r18_64_gen_v3labels,mirror_h,ช,ล,False,0.5,0.374958872795105
thaichar72_r18_64_gen_v3labels,mirror_h,ซ,ฒ,False,0.625,0.28294891119003296
thaichar72_r18_64_gen_v3labels,mirror_h,ญ,น,False,0.5,0.20703858137130737
thaichar72_r18_64_gen_v3labels,mirror_h,ฏ,ฐ,False,0.3333333333333333,0.28634926676750183
thaichar72_r18_64_gen_v3labels,mirror_h,ฐ,ล,False,0.625,0.5574957728385925
thaichar72_r18_64_gen_v3labels,mirror_h,ฒ,ต,False,1.0,0.20607218146324158
thaichar72_r18_64_gen_v3labels,mirror_h,ณ,ณ,True,0.375,0.26991742849349976
thaichar72_r18_64_gen_v3labels,mirror_h,ด,ด,True,0.75,0.6188300848007202
thaichar72_r18_64_gen_v3labels,mirror_h,ต,ต,True,0.875,0.7577691078186035
thaichar72_r18_64_gen_v3labels,mirror_h,ถ,ก,False,0.5,0.30106112360954285
thaichar72_r18_64_gen_v3labels,mirror_h,ท,ห,False,0.625,0.3317713141441345
thaichar72_r18_64_gen_v3labels,mirror_h,ธ,ฐ,False,0.25,0.49026694893836975
thaichar72_r18_64_gen_v3labels,mirror_h,น,ม,False,0.625,0.47377702593803406
thaichar72_r18_64_gen_v3labels,mirror_h,บ,แ,False,0.5,0.2229589819908142
thaichar72_r18_64_gen_v3labels,mirror_h,ป,ษ,False,0.5,0.3106663227081299
thaichar72_r18_64_gen_v3labels,mirror_h,ผ,ผ,True,1.0,0.6369028091430664
thaichar72_r18_64_gen_v3labels,mirror_h,ฝ,ผ,False,0.75,0.3012165427207947
thaichar72_r18_64_gen_v3labels,mirror_h,พ,ผ,False,0.5,0.41796356439590454
thaichar72_r18_64_gen_v3labels,mirror_h,ฟ,พ,False,0.625,0.3072776794433594
thaichar72_r18_64_gen_v3labels,mirror_h,ภ,ก,False,0.75,0.41334009170532227
thaichar72_r18_64_gen_v3labels,mirror_h,ม,น,False,1.0,0.7776849269866943
thaichar72_r18_64_gen_v3labels,mirror_h,ย,ย,True,0.375,0.47946518659591675
thaichar72_r18_64_gen_v3labels,mirror_h,ร,ล,False,0.75,0.636210560798645
thaichar72_r18_64_gen_v3labels,mirror_h,ฤ,ก,False,1.0,0.49569758772850037
thaichar72_r18_64_gen_v3labels,mirror_h,ล,ค,False,0.25,0.362956166267395
thaichar72_r18_64_gen_v3labels,mirror_h,ว,ถ,False,1.0,0.6625343561172485
thaichar72_r18_64_gen_v3labels,mirror_h,ศ,ล,False,0.375,0.3350200951099396
thaichar72_r18_64_gen_v3labels,mirror_h,ษ,ย,False,0.5,0.4704296886920929
thaichar72_r18_64_gen_v3labels,mirror_h,ส,ด,False,0.375,0.37097781896591187
thaichar72_r18_64_gen_v3labels,mirror_h,ห,ห,True,0.625,0.3849480152130127
thaichar72_r18_64_gen_v3labels,mirror_h,ฬ,ส,False,1.0,0.7534187436103821
thaichar72_r18_64_gen_v3labels,mirror_h,อ,อ,True,0.875,0.38418877124786377
thaichar72_r18_64_gen_v3labels,mirror_h,ฮ,อ,False,1.0,0.5432307720184326
thaichar72_r18_64_gen_v3labels,mirror_h,ฯ,ห,False,0.5,0.2920839190483093
thaichar72_r18_64_gen_v3labels,mirror_h,ั,ั,True,1.0,0.6954168081283569
thaichar72_r18_64_gen_v3labels,mirror_h,า,ก,False,1.0,0.8938506245613098
thaichar72_r18_64_gen_v3labels,mirror_h,ิ,ิ,True,1.0,0.9116786122322083
thaichar72_r18_64_gen_v3labels,mirror_h,ี,ิ,False,1.0,0.5974717140197754
thaichar72_r18_64_gen_v3labels,mirror_h,ึ,ิ,False,1.0,0.4537679851055145
thaichar72_r18_64_gen_v3labels,mirror_h,ื,ิ,False,0.5,0.44041645526885986
thaichar72_r18_64_gen_v3labels,mirror_h,ุ,ค,False,0.375,0.5746955275535583
thaichar72_r18_64_gen_v3labels,mirror_h,ู,ั,False,0.375,0.3787273168563843
thaichar72_r18_64_gen_v3labels,mirror_h,เ,ว,False,0.5,0.4731038808822632
thaichar72_r18_64_gen_v3labels,mirror_h,แ,ม,False,1.0,0.8589658737182617
thaichar72_r18_64_gen_v3labels,mirror_h,โ,โ,True,0.875,0.8925213813781738
thaichar72_r18_64_gen_v3labels,mirror_h,ใ,ใ,True,0.875,0.6698075532913208
thaichar72_r18_64_gen_v3labels,mirror_h,ไ,ไ,True,0.875,0.5143321752548218
thaichar72_r18_64_gen_v3labels,mirror_h,ๅ,ก,False,0.875,0.8794094324111938
thaichar72_r18_64_gen_v3labels,mirror_h,ๆ,ก,False,0.625,0.564444899559021
thaichar72_r18_64_gen_v3labels,mirror_h,็,ร,False,0.75,0.294449120759964
thaichar72_r18_64_gen_v3labels,mirror_h,่,่,True,1.0,0.83296138048172
thaichar72_r18_64_gen_v3labels,mirror_h,้,ั,False,0.875,0.3978833556175232
thaichar72_r18_64_gen_v3labels,mirror_h,๊,็,False,0.5,0.3157287836074829
thaichar72_r18_64_gen_v3labels,mirror_h,์,ั,False,0.375,0.4025663137435913
thaichar72_r18_64_gen_v3labels,mirror_h,๐,๐,True,1.0,0.9152732491493225
thaichar72_r18_64_gen_v3labels,mirror_h,๑,๑,True,0.875,0.7820805907249451
thaichar72_r18_64_gen_v3labels,mirror_h,๒,ย,False,0.25,0.1102932021021843
thaichar72_r18_64_gen_v3labels,mirror_h,๓,๓,True,0.8,0.3731285631656647
thaichar72_r18_64_gen_v3labels,mirror_h,๔,ร,False,1.0,0.27090081572532654
thaichar72_r18_64_gen_v3labels,mirror_h,๕,ม,False,1.0,0.2747366428375244
thaichar72_r18_64_gen_v3labels,mirror_h,๖,์,False,1.0,0.5758832097053528
thaichar72_r18_64_gen_v3labels,mirror_h,๗,๒,False,1.0,0.5581633448600769
thaichar72_r18_64_gen_v3labels,mirror_h,๘,ร,False,0.6,0.23680558800697327
thaichar72_r18_64_gen_v3labels,mirror_h,๙,ร,False,0.6666666666666666,0.38048362731933594
thaichar72_resnet18_64,mirror_h,ก,ก,True,1.0,0.7598466873168945
thaichar72_resnet18_64,mirror_h,ข,ผ,False,0.25,0.33759191632270813
thaichar72_resnet18_64,mirror_h,ค,ค,True,0.75,0.6126859188079834
thaichar72_resnet18_64,mirror_h,ง,ย,False,1.0,0.41037997603416443
thaichar72_resnet18_64,mirror_h,จ,อ,False,0.625,0.2757952809333801
thaichar72_resnet18_64,mirror_h,ฉ,ล,False,1.0,0.42384517192840576
thaichar72_resnet18_64,mirror_h,ช,ล,False,0.5,0.393139511346817
thaichar72_resnet18_64,mirror_h,ซ,ล,False,0.5,0.332893431186676
thaichar72_resnet18_64,mirror_h,ญ,น,False,0.25,0.13073796033859253
thaichar72_resnet18_64,mirror_h,ฏ,ย,False,0.3333333333333333,0.29830747842788696
thaichar72_resnet18_64,mirror_h,ฐ,ล,False,0.625,0.4432072639465332
thaichar72_resnet18_64,mirror_h,ฒ,ต,False,1.0,0.5973037481307983
thaichar72_resnet18_64,mirror_h,ณ,ส,False,0.375,0.2884747385978699
thaichar72_resnet18_64,mirror_h,ด,ล,False,0.625,0.689093828201294
thaichar72_resnet18_64,mirror_h,ต,ต,True,0.875,0.8012440204620361
thaichar72_resnet18_64,mirror_h,ถ,ว,False,0.625,0.4300130605697632
thaichar72_resnet18_64,mirror_h,ท,ส,False,0.375,0.3135256767272949
thaichar72_resnet18_64,mirror_h,ธ,ธ,True,0.25,0.5247611403465271
thaichar72_resnet18_64,mirror_h,น,ผ,False,0.375,0.4004257917404175
thaichar72_resnet18_64,mirror_h,บ,บ,True,0.25,0.13845176994800568
thaichar72_resnet18_64,mirror_h,ป,ษ,False,0.625,0.296501100063324
thaichar72_resnet18_64,mirror_h,ผ,ผ,True,0.75,0.601852536201477
thaichar72_resnet18_64,mirror_h,ฝ,ผ,False,0.875,0.5369365215301514
thaichar72_resnet18_64,mirror_h,พ,พ,True,0.625,0.5456268191337585
thaichar72_resnet18_64,mirror_h,ฟ,พ,False,0.625,0.4564950466156006
thaichar72_resnet18_64,mirror_h,ภ,ก,False,0.75,0.6051685214042664
thaichar72_resnet18_64,mirror_h,ม,น,False,0.5,0.46993887424468994
thaichar72_resnet18_64,mirror_h,ย,ย,True,0.5,0.570012629032135
thaichar72_resnet18_64,mirror_h,ร,ร,True,0.75,0.5566976070404053
thaichar72_resnet18_64,mirror_h,ฤ,ก,False,1.0,0.4487555921077728
thaichar72_resnet18_64,mirror_h,ล,ล,True,0.875,0.5107221603393555
thaichar72_resnet18_64,mirror_h,ว,ล,False,0.5,0.22044768929481506
thaichar72_resnet18_64,mirror_h,ศ,ล,False,0.75,0.6951788663864136
thaichar72_resnet18_64,mirror_h,ษ,ษ,True,0.625,0.6582025289535522
thaichar72_resnet18_64,mirror_h,ส,ล,False,0.75,0.640023946762085
thaichar72_resnet18_64,mirror_h,ห,ห,True,0.5,0.3728696405887604
thaichar72_resnet18_64,mirror_h,ฬ,ห,False,1.0,0.681812047958374
thaichar72_resnet18_64,mirror_h,อ,อ,True,0.875,0.7330127954483032
thaichar72_resnet18_64,mirror_h,ฮ,ธ,False,1.0,0.5839351415634155
thaichar72_resnet18_64,mirror_h,ฯ,ท,False,0.25,0.13580714166164398
thaichar72_resnet18_64,mirror_h,ั,ั,True,0.875,0.413377970457077
thaichar72_resnet18_64,mirror_h,า,ก,False,0.875,0.8141566514968872
thaichar72_resnet18_64,mirror_h,ิ,ิ,True,1.0,0.8571826219558716
thaichar72_resnet18_64,mirror_h,ี,ิ,False,0.5,0.47613272070884705
thaichar72_resnet18_64,mirror_h,ึ,ิ,False,1.0,0.46048232913017273
thaichar72_resnet18_64,mirror_h,ื,อ,False,0.375,0.4034281373023987
thaichar72_resnet18_64,mirror_h,ุ,ร,False,0.625,0.720563530921936
thaichar72_resnet18_64,mirror_h,ู,ั,False,0.625,0.34248486161231995
thaichar72_resnet18_64,mirror_h,เ,ร,False,0.875,0.593925952911377
thaichar72_resnet18_64,mirror_h,แ,ม,False,1.0,0.8651059865951538
thaichar72_resnet18_64,mirror_h,โ,โ,True,0.875,0.7691994905471802
thaichar72_resnet18_64,mirror_h,ใ,ใ,True,0.875,0.6300948858261108
thaichar72_resnet18_64,mirror_h,ไ,ย,False,0.5,0.300735205411911
thaichar72_resnet18_64,mirror_h,ๅ,ก,False,0.875,0.8825271725654602
thaichar72_resnet18_64,mirror_h,ๆ,ก,False,0.375,0.44611549377441406
thaichar72_resnet18_64,mirror_h,็,ล,False,0.25,0.35286298394203186
thaichar72_resnet18_64,mirror_h,่,่,True,1.0,0.8238784074783325
thaichar72_resnet18_64,mirror_h,้,ั,False,0.75,0.40628066658973694
thaichar72_resnet18_64,mirror_h,๊,ั,False,0.375,0.2690056562423706
thaichar72_resnet18_64,mirror_h,์,ั,False,0.5,0.45416828989982605
thaichar72_resnet18_64,mirror_h,๐,๐,True,1.0,0.9291471242904663
thaichar72_resnet18_64,mirror_h,๑,๑,True,1.0,0.5286266803741455
thaichar72_resnet18_64,mirror_h,๒,๗,False,1.0,0.31722456216812134
thaichar72_resnet18_64,mirror_h,๓,๓,True,1.0,0.7381377220153809
thaichar72_resnet18_64,mirror_h,๔,๖,False,1.0,0.6474080681800842
thaichar72_resnet18_64,mirror_h,๕,๖,False,1.0,0.16082440316677094
thaichar72_resnet18_64,mirror_h,๖,์,False,1.0,0.7564383745193481
thaichar72_resnet18_64,mirror_h,๗,๒,False,1.0,0.5827155113220215
thaichar72_resnet18_64,mirror_h,๘,๒,False,0.6,0.3181447386741638
thaichar72_resnet18_64,mirror_h,๙,ร,False,0.3333333333333333,0.25634726881980896
thaichar72_resnet18_64_v1labels,mirror_h,ก,ก,True,0.875,0.7291496992111206
thaichar72_resnet18_64_v1labels,mirror_h,ข,ผ,False,0.25,0.3790549635887146
thaichar72_resnet18_64_v1labels,mirror_h,ค,ค,True,0.625,0.6439417004585266
thaichar72_resnet18_64_v1labels,mirror_h,ง,ย,False,0.875,0.39553576707839966
thaichar72_resnet18_64_v1labels,mirror_h,จ,อ,False,0.5,0.35585761070251465
thaichar72_resnet18_64_v1labels,mirror_h,ฉ,ล,False,0.75,0.3228110373020172
thaichar72_resnet18_64_v1labels,mirror_h,ช,ผ,False,0.25,0.3080006241798401
thaichar72_resnet18_64_v1labels,mirror_h,ซ,ต,False,0.375,0.2857331931591034
thaichar72_resnet18_64_v1labels,mirror_h,ญ,ล,False,0.375,0.22723492980003357
thaichar72_resnet18_64_v1labels,mirror_h,ฏ,า,False,0.8333333333333334,0.4703924357891083
thaichar72_resnet18_64_v1labels,mirror_h,ฐ,อ,False,0.875,0.5535091161727905
thaichar72_resnet18_64_v1labels,mirror_h,ฒ,ต,False,0.625,0.4187241792678833
thaichar72_resnet18_64_v1labels,mirror_h,ณ,า,False,0.5,0.34897470474243164
thaichar72_resnet18_64_v1labels,mirror_h,ด,ล,False,0.625,0.7349793314933777
thaichar72_resnet18_64_v1labels,mirror_h,ต,ต,True,0.875,0.7857357859611511
thaichar72_resnet18_64_v1labels,mirror_h,ถ,ก,False,0.375,0.36224228143692017
thaichar72_resnet18_64_v1labels,mirror_h,ท,ห,False,0.5,0.4235168695449829
thaichar72_resnet18_64_v1labels,mirror_h,ธ,ร,False,0.375,0.46134138107299805
thaichar72_resnet18_64_v1labels,mirror_h,น,ม,False,0.625,0.5454850792884827
thaichar72_resnet18_64_v1labels,mirror_h,บ,ย,False,0.75,0.19562074542045593
thaichar72_resnet18_64_v1labels,mirror_h,ป,เ,False,0.375,0.2718823552131653
thaichar72_resnet18_64_v1labels,mirror_h,ผ,ผ,True,0.875,0.6625754833221436
thaichar72_resnet18_64_v1labels,mirror_h,ฝ,ผ,False,0.875,0.6109068989753723
thaichar72_resnet18_64_v1labels,mirror_h,พ,พ,True,0.875,0.7697249054908752
thaichar72_resnet18_64_v1labels,mirror_h,ฟ,ผ,False,0.375,0.4491494297981262
thaichar72_resnet18_64_v1labels,mirror_h,ภ,ก,False,0.5,0.5368778705596924
thaichar72_resnet18_64_v1labels,mirror_h,ม,น,False,0.5,0.6232131719589233
thaichar72_resnet18_64_v1labels,mirror_h,ย,ย,True,0.875,0.6296213865280151
thaichar72_resnet18_64_v1labels,mirror_h,ร,ล,False,0.375,0.4969388246536255
thaichar72_resnet18_64_v1labels,mirror_h,ฤ,ค,False,0.6666666666666666,0.37837982177734375
thaichar72_resnet18_64_v1labels,mirror_h,ล,ล,True,0.625,0.46387314796447754
thaichar72_resnet18_64_v1labels,mirror_h,ว,ถ,False,0.875,0.4206315279006958
thaichar72_resnet18_64_v1labels,mirror_h,ศ,ล,False,0.625,0.6383283734321594
thaichar72_resnet18_64_v1labels,mirror_h,ษ,ย,False,0.5,0.4664936661720276
thaichar72_resnet18_64_v1labels,mirror_h,ส,ล,False,0.625,0.5905601382255554
thaichar72_resnet18_64_v1labels,mirror_h,ห,ห,True,0.375,0.5151771306991577
thaichar72_resnet18_64_v1labels,mirror_h,ฬ,ส,False,1.0,0.5640421509742737
thaichar72_resnet18_64_v1labels,mirror_h,อ,อ,True,0.875,0.7930195927619934
thaichar72_resnet18_64_v1labels,mirror_h,ฮ,อ,False,1.0,0.3195159435272217
thaichar72_resnet18_64_v1labels,mirror_h,ฯ,ง,False,0.5,0.2049942910671234
thaichar72_resnet18_64_v1labels,mirror_h,ั,ั,True,1.0,0.7798900008201599
thaichar72_resnet18_64_v1labels,mirror_h,า,ก,False,0.875,0.8585460186004639
thaichar72_resnet18_64_v1labels,mirror_h,ิ,ิ,True,0.875,0.8647894859313965
thaichar72_resnet18_64_v1labels,mirror_h,ี,ิ,False,0.5,0.4852421283721924
thaichar72_resnet18_64_v1labels,mirror_h,ึ,ิ,False,1.0,0.4657273590564728
thaichar72_resnet18_64_v1labels,mirror_h,ื,อ,False,0.25,0.2369002252817154
thaichar72_resnet18_64_v1labels,mirror_h,ุ,่,False,0.625,0.8135943412780762
thaichar72_resnet18_64_v1labels,mirror_h,ู,ั,False,0.5,0.4157291054725647
thaichar72_resnet18_64_v1labels,mirror_h,เ,ร,False,0.625,0.5111778974533081
thaichar72_resnet18_64_v1labels,mirror_h,แ,ม,False,1.0,0.8340936899185181
thaichar72_resnet18_64_v1labels,mirror_h,โ,โ,True,0.875,0.8446518182754517
thaichar72_resnet18_64_v1labels,mirror_h,ใ,ใ,True,0.5,0.35418277978897095
thaichar72_resnet18_64_v1labels,mirror_h,ไ,า,False,0.375,0.3594350218772888
thaichar72_resnet18_64_v1labels,mirror_h,ๅ,ก,False,0.875,0.9120025634765625
thaichar72_resnet18_64_v1labels,mirror_h,ๆ,า,False,0.5,0.3424122929573059
thaichar72_resnet18_64_v1labels,mirror_h,็,า,False,1.0,0.598209798336029
thaichar72_resnet18_64_v1labels,mirror_h,่,่,True,0.8571428571428571,0.8369516730308533
thaichar72_resnet18_64_v1labels,mirror_h,้,ั,False,1.0,0.5577390193939209
thaichar72_resnet18_64_v1labels,mirror_h,๊,า,False,0.875,0.4128807783126831
thaichar72_resnet18_64_v1labels,mirror_h,์,า,False,0.625,0.4460882544517517
thaichar72_resnet18_64_v1labels,mirror_h,๐,๐,True,1.0,0.9257113337516785
thaichar72_resnet18_64_v1labels,mirror_h,๑,๑,True,1.0,0.8519375920295715
thaichar72_resnet18_64_v1labels,mirror_h,๒,๗,False,0.875,0.3836168050765991
thaichar72_resnet18_64_v1labels,mirror_h,๓,๓,True,0.6,0.555705726146698
thaichar72_resnet18_64_v1labels,mirror_h,๔,๖,False,1.0,0.3896402418613434
thaichar72_resnet18_64_v1labels,mirror_h,๕,๖,False,1.0,0.3696289360523224
thaichar72_resnet18_64_v1labels,mirror_h,๖,๙,False,1.0,0.6958016157150269
thaichar72_resnet18_64_v1labels,mirror_h,๗,๒,False,1.0,0.6350326538085938
thaichar72_resnet18_64_v1labels,mirror_h,๘,า,False,0.6,0.46023115515708923
thaichar72_resnet18_64_v1labels,mirror_h,๙,อ,False,0.6666666666666666,0.4946011006832123
thaichar72_mnv3small_64_small,mirror_h,ก,ก,True,1.0,0.7989366054534912
thaichar72_mnv3small_64_small,mirror_h,ข,ย,False,0.375,0.3856663703918457
thaichar72_mnv3small_64_small,mirror_h,ค,ค,True,0.625,0.6746190786361694
thaichar72_mnv3small_64_small,mirror_h,ง,ผ,False,0.5,0.3930845260620117
thaichar72_mnv3small_64_small,mirror_h,จ,ด,False,0.5,0.271192342042923
thaichar72_mnv3small_64_small,mirror_h,ฉ,ล,False,0.625,0.46874338388442993
thaichar72_mnv3small_64_small,mirror_h,ช,ล,False,0.625,0.5153632164001465
thaichar72_mnv3small_64_small,mirror_h,ซ,ล,False,0.75,0.46068161725997925
thaichar72_mnv3small_64_small,mirror_h,ญ,ก,False,0.25,0.21969778835773468
thaichar72_mnv3small_64_small,mirror_h,ฏ,ฏ,True,0.3333333333333333,0.3740881681442261
thaichar72_mnv3small_64_small,mirror_h,ฐ,ล,False,0.75,0.7748053073883057
thaichar72_mnv3small_64_small,mirror_h,ฒ,ฒ,True,0.75,0.28970372676849365
thaichar72_mnv3small_64_small,mirror_h,ณ,ถ,False,0.25,0.2575110197067261
thaichar72_mnv3small_64_small,mirror_h,ด,ล,False,0.75,0.8029493689537048
thaichar72_mnv3small_64_small,mirror_h,ต,ต,True,0.625,0.5969070196151733
thaichar72_mnv3small_64_small,mirror_h,ถ,ล,False,0.5,0.2991584539413452
thaichar72_mnv3small_64_small,mirror_h,ท,ส,False,0.375,0.4428084194660187
thaichar72_mnv3small_64_small,mirror_h,ธ,ล,False,1.0,0.7614305019378662
thaichar72_mnv3small_64_small,mirror_h,น,ม,False,0.375,0.22066161036491394
thaichar72_mnv3small_64_small,mirror_h,บ,ย,False,0.875,0.5321910381317139
thaichar72_mnv3small_64_small,mirror_h,ป,ษ,False,0.75,0.504619836807251
thaichar72_mnv3small_64_small,mirror_h,ผ,ผ,True,0.5,0.4300377368927002
thaichar72_mnv3small_64_small,mirror_h,ฝ,ผ,False,0.5,0.4266226887702942
thaichar72_mnv3small_64_small,mirror_h,พ,ห,False,0.625,0.5253216028213501
thaichar72_mnv3small_64_small,mirror_h,ฟ,พ,False,0.375,0.4056997299194336
thaichar72_mnv3small_64_small,mirror_h,ภ,ก,False,1.0,0.46604087948799133
thaichar72_mnv3small_64_small,mirror_h,ม,น,False,0.75,0.7260749936103821
thaichar72_mnv3small_64_small,mirror_h,ย,ย,True,0.75,0.7716281414031982
thaichar72_mnv3small_64_small,mirror_h,ร,ล,False,0.75,0.8298755884170532
thaichar72_mnv3small_64_small,mirror_h,ฤ,ค,False,0.6666666666666666,0.5155482292175293
thaichar72_mnv3small_64_small,mirror_h,ล,ล,True,0.375,0.5074719786643982
thaichar72_mnv3small_64_small,mirror_h,ว,ถ,False,1.0,0.5153416991233826
thaichar72_mnv3small_64_small,mirror_h,ศ,ล,False,0.5,0.5643289089202881
thaichar72_mnv3small_64_small,mirror_h,ษ,ย,False,0.375,0.41489100456237793
thaichar72_mnv3small_64_small,mirror_h,ส,อ,False,0.625,0.3561086654663086
thaichar72_mnv3small_64_small,mirror_h,ห,ห,True,0.75,0.6574076414108276
thaichar72_mnv3small_64_small,mirror_h,ฬ,ห,False,1.0,0.9140781164169312
thaichar72_mnv3small_64_small,mirror_h,อ,อ,True,0.75,0.5009035468101501
thaichar72_mnv3small_64_small,mirror_h,ฮ,อ,False,1.0,0.8098088502883911
thaichar72_mnv3small_64_small,mirror_h,ฯ,่,False,0.5,0.27247384190559387
thaichar72_mnv3small_64_small,mirror_h,ั,ั,True,0.875,0.6210298538208008
thaichar72_mnv3small_64_small,mirror_h,า,ก,False,0.875,0.8983860015869141
thaichar72_mnv3small_64_small,mirror_h,ิ,ิ,True,1.0,0.8971463441848755
thaichar72_mnv3small_64_small,mirror_h,ี,ิ,False,0.75,0.4638177454471588
thaichar72_mnv3small_64_small,mirror_h,ึ,ิ,False,1.0,0.33207783102989197
thaichar72_mnv3small_64_small,mirror_h,ื,อ,False,0.5,0.4117817282676697
thaichar72_mnv3small_64_small,mirror_h,ุ,่,False,0.5,0.609550952911377
thaichar72_mnv3small_64_small,mirror_h,ู,ั,False,0.875,0.36126330494880676
thaichar72_mnv3small_64_small,mirror_h,เ,เ,True,0.5,0.41917693614959717
thaichar72_mnv3small_64_small,mirror_h,แ,ม,False,1.0,0.8532085418701172
thaichar72_mnv3small_64_small,mirror_h,โ,โ,True,0.875,0.8471020460128784
thaichar72_mnv3small_64_small,mirror_h,ใ,ใ,True,1.0,0.8395624160766602
thaichar72_mnv3small_64_small,mirror_h,ไ,ไ,True,1.0,0.6995919942855835
thaichar72_mnv3small_64_small,mirror_h,ๅ,ก,False,0.875,0.8960996866226196
thaichar72_mnv3small_64_small,mirror_h,ๆ,่,False,0.375,0.4512537121772766
thaichar72_mnv3small_64_small,mirror_h,็,ล,False,0.25,0.38373076915740967
thaichar72_mnv3small_64_small,mirror_h,่,่,True,1.0,0.8294737935066223
thaichar72_mnv3small_64_small,mirror_h,้,ั,False,0.375,0.3374600112438202
thaichar72_mnv3small_64_small,mirror_h,๊,ั,False,0.5,0.2361983358860016
thaichar72_mnv3small_64_small,mirror_h,์,๖,False,0.375,0.3669438362121582
thaichar72_mnv3small_64_small,mirror_h,๐,๐,True,1.0,0.9116789698600769
thaichar72_mnv3small_64_small,mirror_h,๑,๑,True,1.0,0.8343615531921387
thaichar72_mnv3small_64_small,mirror_h,๒,ป,False,0.375,0.47290316224098206
thaichar72_mnv3small_64_small,mirror_h,๓,๓,True,1.0,0.604590654373169
thaichar72_mnv3small_64_small,mirror_h,๔,๖,False,1.0,0.9002454876899719
thaichar72_mnv3small_64_small,mirror_h,๕,บ,False,0.3333333333333333,0.2724742889404297
thaichar72_mnv3small_64_small,mirror_h,๖,ย,False,0.5,0.6626169085502625
thaichar72_mnv3small_64_small,mirror_h,๗,๒,False,1.0,0.5051757097244263
thaichar72_mnv3small_64_small,mirror_h,๘,๒,False,0.4,0.44950151443481445
thaichar72_mnv3small_64_small,mirror_h,๙,๖,False,1.0,0.5174192786216736
thaichar72_r18_64_gen,mirror_v,ก,บ,False,0.625,0.7289239168167114
thaichar72_r18_64_gen,mirror_v,ข,ภ,False,0.625,0.5012288093566895
thaichar72_r18_64_gen,mirror_v,ค,ย,False,1.0,0.5745066404342651
thaichar72_r18_64_gen,mirror_v,ง,ว,False,1.0,0.9092918634414673
thaichar72_r18_64_gen,mirror_v,จ,อ,False,0.5,0.3548162877559662
thaichar72_r18_64_gen,mirror_v,ฉ,ย,False,0.875,0.35555964708328247
thaichar72_r18_64_gen,mirror_v,ช,ม,False,1.0,0.5930215716362
thaichar72_r18_64_gen,mirror_v,ซ,ม,False,0.75,0.3230563700199127
thaichar72_r18_64_gen,mirror_v,ญ,ย,False,1.0,0.4565296471118927
thaichar72_r18_64_gen,mirror_v,ฏ,ป,False,1.0,0.8727691769599915
thaichar72_r18_64_gen,mirror_v,ฐ,ฏ,False,0.625,0.5437034368515015
thaichar72_r18_64_gen,mirror_v,ฒ,ฒ,True,0.375,0.21707679331302643
thaichar72_r18_64_gen,mirror_v,ณ,ย,False,0.75,0.48822516202926636
thaichar72_r18_64_gen,mirror_v,ด,ย,False,0.75,0.4383596181869507
thaichar72_r18_64_gen,mirror_v,ต,ย,False,0.875,0.5583597421646118
thaichar72_r18_64_gen,mirror_v,ถ,ย,False,1.0,0.897598147392273
thaichar72_r18_64_gen,mirror_v,ท,ม,False,1.0,0.8948403000831604
thaichar72_r18_64_gen,mirror_v,ธ,เ,False,0.375,0.3650190532207489
thaichar72_r18_64_gen,mirror_v,น,ม,False,0.375,0.40438857674598694
thaichar72_r18_64_gen,mirror_v,บ,ภ,False,1.0,0.8879814147949219
thaichar72_r18_64_gen,mirror_v,ป,ภ,False,0.375,0.28889259696006775
thaichar72_r18_64_gen,mirror_v,ผ,ห,False,0.5,0.28418517112731934
thaichar72_r18_64_gen,mirror_v,ฝ,ฯ,False,0.75,0.5110068321228027
thaichar72_r18_64_gen,mirror_v,พ,ม,False,1.0,0.797035813331604
thaichar72_r18_64_gen,mirror_v,ฟ,ฯ,False,0.625,0.32324010133743286
thaichar72_r18_64_gen,mirror_v,ภ,บ,False,1.0,0.8831467628479004
thaichar72_r18_64_gen,mirror_v,ม,ท,False,0.875,0.6623953580856323
thaichar72_r18_64_gen,mirror_v,ย,ถ,False,1.0,0.8585935235023499
thaichar72_r18_64_gen,mirror_v,ร,ง,False,0.625,0.6089828014373779
thaichar72_r18_64_gen,mirror_v,ฤ,ป,False,0.6666666666666666,0.2780872881412506
thaichar72_r18_64_gen,mirror_v,ล,ย,False,1.0,0.8619687557220459
thaichar72_r18_64_gen,mirror_v,ว,ง,False,1.0,0.8591463565826416
thaichar72_r18_64_gen,mirror_v,ศ,ม,False,0.5,0.4084404706954956
thaichar72_r18_64_gen,mirror_v,ษ,ภ,False,0.5,0.4173136353492737
thaichar72_r18_64_gen,mirror_v,ส,ย,False,1.0,0.7993056774139404
thaichar72_r18_64_gen,mirror_v,ห,ม,False,1.0,0.8803104162216187
thaichar72_r18_64_gen,mirror_v,ฬ,ย,False,1.0,0.4583043158054352
thaichar72_r18_64_gen,mirror_v,อ,อ,True,0.875,0.7137810587882996
thaichar72_r18_64_gen,mirror_v,ฮ,ฏ,False,0.5,0.46813875436782837
thaichar72_r18_64_gen,mirror_v,ฯ,ล,False,0.5,0.4434591829776764
thaichar72_r18_64_gen,mirror_v,ั,๑,False,0.375,0.5876468420028687
thaichar72_r18_64_gen,mirror_v,า,า,True,0.375,0.6165016889572144
thaichar72_r18_64_gen,mirror_v,ิ,ั,False,1.0,0.8662508130073547
thaichar72_r18_64_gen,mirror_v,ี,ฯ,False,0.375,0.4640960097312927
thaichar72_r18_64_gen,mirror_v,ึ,็,False,0.6666666666666666,0.3442893326282501
thaichar72_r18_64_gen,mirror_v,ื,ี,False,0.5,0.28970927000045776
thaichar72_r18_64_gen,mirror_v,ุ,่,False,0.5,0.6998376250267029
thaichar72_r18_64_gen,mirror_v,ู,ภ,False,0.75,0.6126836538314819
thaichar72_r18_64_gen,mirror_v,เ,ใ,False,0.375,0.5366727113723755
thaichar72_r18_64_gen,mirror_v,แ,ก,False,0.75,0.45337581634521484
thaichar72_r18_64_gen,mirror_v,โ,ใ,False,0.625,0.5677098035812378
thaichar72_r18_64_gen,mirror_v,ใ,ร,False,0.5,0.47137749195098877
thaichar72_r18_64_gen,mirror_v,ไ,ใ,False,0.375,0.42543530464172363
thaichar72_r18_64_gen,mirror_v,ๅ,่,False,0.875,0.8614742755889893
thaichar72_r18_64_gen,mirror_v,ๆ,ป,False,0.5,0.6332744359970093
thaichar72_r18_64_gen,mirror_v,็,ั,False,0.5,0.320412814617157
thaichar72_r18_64_gen,mirror_v,่,่,True,1.0,0.8864535093307495
thaichar72_r18_64_gen,mirror_v,้,ก,False,0.375,0.5194699764251709
thaichar72_r18_64_gen,mirror_v,๊,ั,False,0.875,0.4266369938850403
thaichar72_r18_64_gen,mirror_v,์,ุ,False,0.5,0.5544335246086121
thaichar72_r18_64_gen,mirror_v,๐,๐,True,1.0,0.9152438640594482
thaichar72_r18_64_gen,mirror_v,๑,๑,True,0.875,0.7121053338050842
thaichar72_r18_64_gen,mirror_v,๒,ค,False,0.625,0.24187317490577698
thaichar72_r18_64_gen,mirror_v,๓,ั,False,0.8,0.11289568990468979
thaichar72_r18_64_gen,mirror_v,๔,ร,False,1.0,0.1980218142271042
thaichar72_r18_64_gen,mirror_v,๕,ร,False,1.0,0.32876673340797424
thaichar72_r18_64_gen,mirror_v,๖,ค,False,0.5,0.37284761667251587
thaichar72_r18_64_gen,mirror_v,๗,๑,False,1.0,0.40437230467796326
thaichar72_r18_64_gen,mirror_v,๘,ร,False,0.6,0.3588956296443939
thaichar72_r18_64_gen,mirror_v,๙,ฐ,False,0.3333333333333333,0.3042081594467163
thaichar72_r18_64_gen_v3labels,mirror_v,ก,บ,False,0.625,0.7331571578979492
thaichar72_r18_64_gen_v3labels,mirror_v,ข,ภ,False,0.875,0.5369036197662354
thaichar72_r18_64_gen_v3labels,mirror_v,ค,ย,False,1.0,0.6866178512573242
thaichar72_r18_64_gen_v3labels,mirror_v,ง,ว,False,1.0,0.9045302867889404
thaichar72_r18_64_gen_v3labels,mirror_v,จ,ฏ,False,0.75,0.4450637102127075
thaichar72_r18_64_gen_v3labels,mirror_v,ฉ,ย,False,0.75,0.2836374044418335
thaichar72_r18_64_gen_v3labels,mirror_v,ช,ม,False,1.0,0.6469628810882568
thaichar72_r18_64_gen_v3labels,mirror_v,ซ,ม,False,0.75,0.47232329845428467
thaichar72_r18_64_gen_v3labels,mirror_v,ญ,ย,False,0.75,0.3023698329925537
thaichar72_r18_64_gen_v3labels,mirror_v,ฏ,ป,False,1.0,0.8848872184753418
thaichar72_r18_64_gen_v3labels,mirror_v,ฐ,ฏ,False,0.875,0.7047625780105591
thaichar72_r18_64_gen_v3labels,mirror_v,ฒ,ฒ,True,0.625,0.2917338013648987
thaichar72_r18_64_gen_v3labels,mirror_v,ณ,ย,False,0.5,0.4435321092605591
thaichar72_r18_64_gen_v3labels,mirror_v,ด,ย,False,0.75,0.5169715881347656
thaichar72_r18_64_gen_v3labels,mirror_v,ต,ย,False,1.0,0.6444051265716553
thaichar72_r18_64_gen_v3labels,mirror_v,ถ,ย,False,1.0,0.9018836617469788
thaichar72_r18_64_gen_v3labels,mirror_v,ท,ม,False,1.0,0.8978781700134277
thaichar72_r18_64_gen_v3labels,mirror_v,ธ,ฏ,False,0.25,0.2547544538974762
thaichar72_r18_64_gen_v3labels,mirror_v,น,ม,False,0.5,0.3779808282852173
thaichar72_r18_64_gen_v3labels,mirror_v,บ,ภ,False,1.0,0.8933736085891724
thaichar72_r18_64_gen_v3labels,mirror_v,ป,ฤ,False,0.5,0.3758438527584076
thaichar72_r18_64_gen_v3labels,mirror_v,ผ,ท,False,0.5,0.4921381175518036
thaichar72_r18_64_gen_v3labels,mirror_v,ฝ,ๆ,False,0.5,0.42873311042785645
thaichar72_r18_64_gen_v3labels,mirror_v,พ,ม,False,1.0,0.7161144614219666
thaichar72_r18_64_gen_v3labels,mirror_v,ฟ,ฯ,False,0.875,0.3865785300731659
thaichar72_r18_64_gen_v3labels,mirror_v,ภ,บ,False,1.0,0.8921264410018921
thaichar72_r18_64_gen_v3labels,mirror_v,ม,ท,False,0.875,0.529511034488678
thaichar72_r18_64_gen_v3labels,mirror_v,ย,ถ,False,1.0,0.8809401988983154
thaichar72_r18_64_gen_v3labels,mirror_v,ร,ง,False,0.5,0.4969560205936432
thaichar72_r18_64_gen_v3labels,mirror_v,ฤ,ป,False,1.0,0.44417890906333923
thaichar72_r18_64_gen_v3labels,mirror_v,ล,ย,False,1.0,0.899497389793396
thaichar72_r18_64_gen_v3labels,mirror_v,ว,ง,False,1.0,0.7925847172737122
thaichar72_r18_64_gen_v3labels,mirror_v,ศ,ย,False,0.5,0.4052485227584839
thaichar72_r18_64_gen_v3labels,mirror_v,ษ,ภ,False,0.375,0.2981512248516083
thaichar72_r18_64_gen_v3labels,mirror_v,ส,ย,False,1.0,0.7054693698883057
thaichar72_r18_64_gen_v3labels,mirror_v,ห,ม,False,1.0,0.8703250885009766
thaichar72_r18_64_gen_v3labels,mirror_v,ฬ,ม,False,1.0,0.6282066106796265
thaichar72_r18_64_gen_v3labels,mirror_v,อ,อ,True,0.875,0.7270433306694031
thaichar72_r18_64_gen_v3labels,mirror_v,ฮ,ฏ,False,1.0,0.5019320249557495
thaichar72_r18_64_gen_v3labels,mirror_v,ฯ,ล,False,0.5,0.5448728799819946
thaichar72_r18_64_gen_v3labels,mirror_v,ั,ิ,False,0.375,0.5964610576629639
thaichar72_r18_64_gen_v3labels,mirror_v,า,า,True,0.375,0.6572441458702087
thaichar72_r18_64_gen_v3labels,mirror_v,ิ,ั,False,1.0,0.8351516723632812
thaichar72_r18_64_gen_v3labels,mirror_v,ี,ฯ,False,0.25,0.448859840631485
thaichar72_r18_64_gen_v3labels,mirror_v,ึ,็,False,0.6666666666666666,0.30932188034057617
thaichar72_r18_64_gen_v3labels,mirror_v,ื,ี,False,0.375,0.4111384153366089
thaichar72_r18_64_gen_v3labels,mirror_v,ุ,์,False,0.875,0.7513234615325928
thaichar72_r18_64_gen_v3labels,mirror_v,ู,ภ,False,0.75,0.6083910465240479
thaichar72_r18_64_gen_v3labels,mirror_v,เ,ก,False,0.625,0.5941668748855591
thaichar72_r18_64_gen_v3labels,mirror_v,แ,ก,False,0.5,0.4325889050960541
thaichar72_r18_64_gen_v3labels,mirror_v,โ,ใ,False,0.625,0.6311274766921997
thaichar72_r18_64_gen_v3labels,mirror_v,ใ,ใ,True,0.5,0.6631610989570618
thaichar72_r18_64_gen_v3labels,mirror_v,ไ,ใ,False,0.5,0.5475229024887085
thaichar72_r18_64_gen_v3labels,mirror_v,ๅ,่,False,0.875,0.8921867609024048
thaichar72_r18_64_gen_v3labels,mirror_v,ๆ,ป,False,0.5,0.626683235168457
thaichar72_r18_64_gen_v3labels,mirror_v,็,ั,False,0.25,0.27258196473121643
thaichar72_r18_64_gen_v3labels,mirror_v,่,่,True,1.0,0.8892310261726379
thaichar72_r18_64_gen_v3labels,mirror_v,้,ก,False,0.375,0.35488635301589966
thaichar72_r18_64_gen_v3labels,mirror_v,๊,ิ,False,0.625,0.4120483696460724
thaichar72_r18_64_gen_v3labels,mirror_v,์,ุ,False,0.5,0.5143201351165771
thaichar72_r18_64_gen_v3labels,mirror_v,๐,๐,True,1.0,0.9177087545394897
thaichar72_r18_64_gen_v3labels,mirror_v,๑,๑,True,0.875,0.8798298835754395
thaichar72_r18_64_gen_v3labels,mirror_v,๒,ฒ,False,0.5,0.34087181091308594
thaichar72_r18_64_gen_v3labels,mirror_v,๓,ั,False,0.8,0.16837237775325775
thaichar72_r18_64_gen_v3labels,mirror_v,๔,ร,False,1.0,0.23409336805343628
thaichar72_r18_64_gen_v3labels,mirror_v,๕,ฐ,False,0.6666666666666666,0.21131622791290283
thaichar72_r18_64_gen_v3labels,mirror_v,๖,ก,False,1.0,0.5724036693572998
thaichar72_r18_64_gen_v3labels,mirror_v,๗,๑,False,1.0,0.583641529083252
thaichar72_r18_64_gen_v3labels,mirror_v,๘,ร,False,0.6,0.34309181571006775
thaichar72_r18_64_gen_v3labels,mirror_v,๙,ฐ,False,0.6666666666666666,0.24656957387924194
thaichar72_resnet18_64,mirror_v,ก,บ,False,0.75,0.6450670957565308
thaichar72_resnet18_64,mirror_v,ข,ภ,False,0.5,0.2814708650112152
thaichar72_resnet18_64,mirror_v,ค,ย,False,1.0,0.729110062122345
thaichar72_resnet18_64,mirror_v,ง,ว,False,1.0,0.8459857702255249
thaichar72_resnet18_64,mirror_v,จ,อ,False,0.5,0.4091019630432129
thaichar72_resnet18_64,mirror_v,ฉ,ย,False,0.875,0.3094865083694458
thaichar72_resnet18_64,mirror_v,ช,ฏ,False,0.375,0.37281009554862976
thaichar72_resnet18_64,mirror_v,ซ,ล,False,0.75,0.388736367225647
thaichar72_resnet18_64,mirror_v,ญ,ย,False,0.625,0.21466268599033356
thaichar72_resnet18_64,mirror_v,ฏ,ป,False,0.8333333333333334,0.7109050750732422
thaichar72_resnet18_64,mirror_v,ฐ,ย,False,0.5,0.6236969232559204
thaichar72_resnet18_64,mirror_v,ฒ,ฐ,False,0.25,0.17669561505317688
thaichar72_resnet18_64,mirror_v,ณ,ย,False,0.625,0.25727522373199463
thaichar72_resnet18_64,mirror_v,ด,ย,False,0.75,0.5900787115097046
thaichar72_resnet18_64,mirror_v,ต,ย,False,1.0,0.787056565284729
thaichar72_resnet18_64,mirror_v,ถ,ย,False,1.0,0.906579852104187
thaichar72_resnet18_64,mirror_v,ท,ม,False,1.0,0.9000740647315979
thaichar72_resnet18_64,mirror_v,ธ,ฏ,False,0.375,0.2808930277824402
thaichar72_resnet18_64,mirror_v,น,ภ,False,0.5,0.35035035014152527
thaichar72_resnet18_64,mirror_v,บ,ภ,False,1.0,0.8315641283988953
thaichar72_resnet18_64,mirror_v,ป,ฤ,False,0.375,0.3036623001098633
thaichar72_resnet18_64,mirror_v,ผ,ท,False,0.5,0.5005680322647095
thaichar72_resnet18_64,mirror_v,ฝ,ฯ,False,0.375,0.2862789034843445
thaichar72_resnet18_64,mirror_v,พ,ม,False,0.625,0.5205950736999512
thaichar72_resnet18_64,mirror_v,ฟ,แ,False,0.375,0.43772974610328674
thaichar72_resnet18_64,mirror_v,ภ,บ,False,1.0,0.8466970920562744
thaichar72_resnet18_64,mirror_v,ม,ท,False,1.0,0.7130845189094543
thaichar72_resnet18_64,mirror_v,ย,ถ,False,1.0,0.8199087381362915
thaichar72_resnet18_64,mirror_v,ร,ง,False,0.5,0.6361271739006042
thaichar72_resnet18_64,mirror_v,ฤ,ป,False,1.0,0.6451418995857239
thaichar72_resnet18_64,mirror_v,ล,ย,False,1.0,0.8534247875213623
thaichar72_resnet18_64,mirror_v,ว,ง,False,1.0,0.8545489311218262
thaichar72_resnet18_64,mirror_v,ศ,ย,False,0.625,0.4352434277534485
thaichar72_resnet18_64,mirror_v,ษ,ภ,False,0.5,0.4198662042617798
thaichar72_resnet18_64,mirror_v,ส,ย,False,1.0,0.6548604965209961
thaichar72_resnet18_64,mirror_v,ห,ม,False,1.0,0.8594041466712952
thaichar72_resnet18_64,mirror_v,ฬ,พ,False,1.0,0.2810305953025818
thaichar72_resnet18_64,mirror_v,อ,อ,True,1.0,0.898036003112793
thaichar72_resnet18_64,mirror_v,ฮ,ถ,False,0.5,0.37712758779525757
thaichar72_resnet18_64,mirror_v,ฯ,ล,False,0.5,0.5392170548439026
thaichar72_resnet18_64,mirror_v,ั,ั,True,0.375,0.734581708908081
thaichar72_resnet18_64,mirror_v,า,่,False,0.375,0.4989345073699951
thaichar72_resnet18_64,mirror_v,ิ,ั,False,0.875,0.7637426853179932
thaichar72_resnet18_64,mirror_v,ี,ี,True,0.375,0.3490056097507477
thaichar72_resnet18_64,mirror_v,ึ,็,False,0.6666666666666666,0.3009503185749054
thaichar72_resnet18_64,mirror_v,ื,ื,True,0.375,0.3080677390098572
thaichar72_resnet18_64,mirror_v,ุ,์,False,0.625,0.756127655506134
thaichar72_resnet18_64,mirror_v,ู,ภ,False,0.625,0.5255860686302185
thaichar72_resnet18_64,mirror_v,เ,ใ,False,0.375,0.35914090275764465
thaichar72_resnet18_64,mirror_v,แ,ห,False,0.5,0.42153874039649963
thaichar72_resnet18_64,mirror_v,โ,เ,False,0.625,0.5455539226531982
thaichar72_resnet18_64,mirror_v,ใ,ใ,True,0.625,0.44723090529441833
thaichar72_resnet18_64,mirror_v,ไ,ย,False,0.75,0.4845247268676758
thaichar72_resnet18_64,mirror_v,ๅ,่,False,0.875,0.8224003314971924
thaichar72_resnet18_64,mirror_v,ๆ,ป,False,0.5,0.6923999190330505
thaichar72_resnet18_64,mirror_v,็,ั,False,0.375,0.30603018403053284
thaichar72_resnet18_64,mirror_v,่,่,True,1.0,0.9149338006973267
thaichar72_resnet18_64,mirror_v,้,ิ,False,0.375,0.3133150339126587
thaichar72_resnet18_64,mirror_v,๊,๊,True,0.5,0.28228428959846497
thaichar72_resnet18_64,mirror_v,์,ั,False,0.5,0.4416978359222412
thaichar72_resnet18_64,mirror_v,๐,๐,True,1.0,0.9319533705711365
thaichar72_resnet18_64,mirror_v,๑,อ,False,0.5,0.27118223905563354
thaichar72_resnet18_64,mirror_v,๒,ค,False,0.75,0.4227220118045807
thaichar72_resnet18_64,mirror_v,๓,๓,True,0.8,0.22182747721672058
thaichar72_resnet18_64,mirror_v,๔,ฐ,False,1.0,0.6171976923942566
thaichar72_resnet18_64,mirror_v,๕,ฐ,False,1.0,0.4758516848087311
thaichar72_resnet18_64,mirror_v,๖,ก,False,0.5,0.30044934153556824
thaichar72_resnet18_64,mirror_v,๗,ซ,False,1.0,0.11769919097423553
thaichar72_resnet18_64,mirror_v,๘,ร,False,0.4,0.20110496878623962
thaichar72_resnet18_64,mirror_v,๙,ล,False,0.6666666666666666,0.21042515337467194
thaichar72_resnet18_64_v1labels,mirror_v,ก,ย,False,0.5,0.8301535248756409
thaichar72_resnet18_64_v1labels,mirror_v,ข,า,False,0.375,0.3986554741859436
thaichar72_resnet18_64_v1labels,mirror_v,ค,ย,False,0.875,0.8019847273826599
thaichar72_resnet18_64_v1labels,mirror_v,ง,ว,False,1.0,0.8882032632827759
thaichar72_resnet18_64_v1labels,mirror_v,จ,อ,False,0.625,0.40681761503219604
thaichar72_resnet18_64_v1labels,mirror_v,ฉ,ย,False,0.875,0.3718447685241699
thaichar72_resnet18_64_v1labels,mirror_v,ช,ม,False,0.875,0.46301689743995667
thaichar72_resnet18_64_v1labels,mirror_v,ซ,า,False,0.5,0.43132907152175903
thaichar72_resnet18_64_v1labels,mirror_v,ญ,ย,False,0.75,0.46750974655151367
thaichar72_resnet18_64_v1labels,mirror_v,ฏ,ป,False,0.6666666666666666,0.6940878033638
thaichar72_resnet18_64_v1labels,mirror_v,ฐ,า,False,0.5,0.43325477838516235
thaichar72_resnet18_64_v1labels,mirror_v,ฒ,ฒ,True,0.5,0.40710148215293884
thaichar72_resnet18_64_v1labels,mirror_v,ณ,ย,False,0.625,0.4411115050315857
thaichar72_resnet18_64_v1labels,mirror_v,ด,ย,False,0.5,0.6580345630645752
thaichar72_resnet18_64_v1labels,mirror_v,ต,ย,False,0.625,0.7401250004768372
thaichar72_resnet18_64_v1labels,mirror_v,ถ,ย,False,1.0,0.9065780639648438
thaichar72_resnet18_64_v1labels,mirror_v,ท,ม,False,1.0,0.8859922885894775
thaichar72_resnet18_64_v1labels,mirror_v,ธ,ณ,False,0.25,0.3734882175922394
thaichar72_resnet18_64_v1labels,mirror_v,น,ภ,False,0.5,0.39444491267204285
thaichar72_resnet18_64_v1labels,mirror_v,บ,ภ,False,1.0,0.8949476480484009
thaichar72_resnet18_64_v1labels,mirror_v,ป,ฤ,False,0.625,0.5188367366790771
thaichar72_resnet18_64_v1labels,mirror_v,ผ,ห,False,0.5,0.517122745513916
thaichar72_resnet18_64_v1labels,mirror_v,ฝ,ฯ,False,0.25,0.33687734603881836
thaichar72_resnet18_64_v1labels,mirror_v,พ,ม,False,1.0,0.8076510429382324
thaichar72_resnet18_64_v1labels,mirror_v,ฟ,ม,False,0.375,0.42196542024612427
thaichar72_resnet18_64_v1labels,mirror_v,ภ,บ,False,1.0,0.8446640968322754
thaichar72_resnet18_64_v1labels,mirror_v,ม,ท,False,0.75,0.5154420137405396
thaichar72_resnet18_64_v1labels,mirror_v,ย,ถ,False,0.75,0.8627938628196716
thaichar72_resnet18_64_v1labels,mirror_v,ร,า,False,0.75,0.3724435567855835
thaichar72_resnet18_64_v1labels,mirror_v,ฤ,ป,False,1.0,0.6018526554107666
thaichar72_resnet18_64_v1labels,mirror_v,ล,ย,False,1.0,0.8849891424179077
thaichar72_resnet18_64_v1labels,mirror_v,ว,ง,False,1.0,0.73357754945755
thaichar72_resnet18_64_v1labels,mirror_v,ศ,ย,False,0.375,0.5140928626060486
thaichar72_resnet18_64_v1labels,mirror_v,ษ,ภ,False,0.5,0.5026923418045044
thaichar72_resnet18_64_v1labels,mirror_v,ส,ย,False,0.875,0.6369863152503967
thaichar72_resnet18_64_v1labels,mirror_v,ห,ม,False,1.0,0.8808074593544006
thaichar72_resnet18_64_v1labels,mirror_v,ฬ,น,False,1.0,0.5921306014060974
thaichar72_resnet18_64_v1labels,mirror_v,อ,อ,True,1.0,0.8970810174942017
thaichar72_resnet18_64_v1labels,mirror_v,ฮ,า,False,1.0,0.24392974376678467
thaichar72_resnet18_64_v1labels,mirror_v,ฯ,ล,False,0.75,0.510742723941803
thaichar72_resnet18_64_v1labels,mirror_v,ั,า,False,0.625,0.7280969619750977
thaichar72_resnet18_64_v1labels,mirror_v,า,า,True,0.5,0.6991665363311768
thaichar72_resnet18_64_v1labels,mirror_v,ิ,ั,False,1.0,0.8666569590568542
thaichar72_resnet18_64_v1labels,mirror_v,ี,็,False,0.5,0.33869606256484985
thaichar72_resnet18_64_v1labels,mirror_v,ึ,็,False,0.6666666666666666,0.7058889269828796
thaichar72_resnet18_64_v1labels,mirror_v,ื,า,False,0.625,0.41144290566444397
thaichar72_resnet18_64_v1labels,mirror_v,ุ,์,False,0.5,0.6160120964050293
thaichar72_resnet18_64_v1labels,mirror_v,ู,ภ,False,0.5,0.6255364418029785
thaichar72_resnet18_64_v1labels,mirror_v,เ,ร,False,0.375,0.373853474855423
thaichar72_resnet18_64_v1labels,mirror_v,แ,ห,False,0.5,0.4312347173690796
thaichar72_resnet18_64_v1labels,mirror_v,โ,ใ,False,0.75,0.5459648370742798
thaichar72_resnet18_64_v1labels,mirror_v,ใ,ใ,True,0.75,0.5736793875694275
thaichar72_resnet18_64_v1labels,mirror_v,ไ,ย,False,0.625,0.5342734456062317
thaichar72_resnet18_64_v1labels,mirror_v,ๅ,่,False,0.75,0.8761568069458008
thaichar72_resnet18_64_v1labels,mirror_v,ๆ,ป,False,0.5,0.5435221195220947
thaichar72_resnet18_64_v1labels,mirror_v,็,า,False,0.625,0.49627548456192017
thaichar72_resnet18_64_v1labels,mirror_v,่,่,True,1.0,0.9182400107383728
thaichar72_resnet18_64_v1labels,mirror_v,้,า,False,0.625,0.6218602657318115
thaichar72_resnet18_64_v1labels,mirror_v,๊,า,False,0.625,0.5301699638366699
thaichar72_resnet18_64_v1labels,mirror_v,์,ุ,False,0.5,0.6173259019851685
thaichar72_resnet18_64_v1labels,mirror_v,๐,๐,True,1.0,0.9241061210632324
thaichar72_resnet18_64_v1labels,mirror_v,๑,อ,False,0.375,0.274847149848938
thaichar72_resnet18_64_v1labels,mirror_v,๒,ค,False,0.375,0.3540400266647339
thaichar72_resnet18_64_v1labels,mirror_v,๓,ั,False,1.0,0.4659355580806732
thaichar72_resnet18_64_v1labels,mirror_v,๔,ร,False,0.6666666666666666,0.3660164773464203
thaichar72_resnet18_64_v1labels,mirror_v,๕,ร,False,0.6666666666666666,0.5792041420936584
thaichar72_resnet18_64_v1labels,mirror_v,๖,ภ,False,0.5,0.2635405659675598
thaichar72_resnet18_64_v1labels,mirror_v,๗,า,False,1.0,0.34032875299453735
thaichar72_resnet18_64_v1labels,mirror_v,๘,า,False,1.0,0.6080547571182251
thaichar72_resnet18_64_v1labels,mirror_v,๙,า,False,1.0,0.5015618801116943
thaichar72_mnv3small_64_small,mirror_v,ก,บ,False,0.375,0.7580529451370239
thaichar72_mnv3small_64_small,mirror_v,ข,ฏ,False,0.75,0.47637465596199036
thaichar72_mnv3small_64_small,mirror_v,ค,ย,False,0.5,0.44621044397354126
thaichar72_mnv3small_64_small,mirror_v,ง,ว,False,1.0,0.7089205980300903
thaichar72_mnv3small_64_small,mirror_v,จ,ฏ,False,0.875,0.7817211747169495
thaichar72_mnv3small_64_small,mirror_v,ฉ,อ,False,0.5,0.260601669549942
thaichar72_mnv3small_64_small,mirror_v,ช,ฏ,False,0.75,0.42160433530807495
thaichar72_mnv3small_64_small,mirror_v,ซ,ม,False,0.5,0.5770738124847412
thaichar72_mnv3small_64_small,mirror_v,ญ,ย,False,0.625,0.370476096868515
thaichar72_mnv3small_64_small,mirror_v,ฏ,ป,False,1.0,0.6957168579101562
thaichar72_mnv3small_64_small,mirror_v,ฐ,ฏ,False,0.875,0.8484408855438232
thaichar72_mnv3small_64_small,mirror_v,ฒ,ย,False,0.5,0.37165629863739014
thaichar72_mnv3small_64_small,mirror_v,ณ,ย,False,0.625,0.513691782951355
thaichar72_mnv3small_64_small,mirror_v,ด,ย,False,0.5,0.5371081829071045
thaichar72_mnv3small_64_small,mirror_v,ต,ย,False,0.625,0.47421061992645264
thaichar72_mnv3small_64_small,mirror_v,ถ,ย,False,1.0,0.8999173641204834
thaichar72_mnv3small_64_small,mirror_v,ท,ม,False,1.0,0.9047053456306458
thaichar72_mnv3small_64_small,mirror_v,ธ,ฏ,False,0.625,0.38024014234542847
thaichar72_mnv3small_64_small,mirror_v,น,ท,False,0.375,0.26588892936706543
thaichar72_mnv3small_64_small,mirror_v,บ,ภ,False,1.0,0.8843370676040649
thaichar72_mnv3small_64_small,mirror_v,ป,ฤ,False,0.875,0.5990781784057617
thaichar72_mnv3small_64_small,mirror_v,ผ,ท,False,0.5,0.3994410037994385
thaichar72_mnv3small_64_small,mirror_v,ฝ,ฯ,False,0.875,0.787203311920166
thaichar72_mnv3small_64_small,mirror_v,พ,ม,False,1.0,0.7615457773208618
thaichar72_mnv3small_64_small,mirror_v,ฟ,ม,False,0.375,0.3090003430843353
thaichar72_mnv3small_64_small,mirror_v,ภ,บ,False,1.0,0.8837047815322876
thaichar72_mnv3small_64_small,mirror_v,ม,ท,False,1.0,0.7193492650985718
thaichar72_mnv3small_64_small,mirror_v,ย,ถ,False,1.0,0.9030733108520508
thaichar72_mnv3small_64_small,mirror_v,ร,ง,False,0.625,0.7291086912155151
thaichar72_mnv3small_64_small,mirror_v,ฤ,ป,False,1.0,0.4958883225917816
thaichar72_mnv3small_64_small,mirror_v,ล,ย,False,1.0,0.8858693838119507
thaichar72_mnv3small_64_small,mirror_v,ว,ง,False,1.0,0.8898875117301941
thaichar72_mnv3small_64_small,mirror_v,ศ,ย,False,0.625,0.4973246455192566
thaichar72_mnv3small_64_small,mirror_v,ษ,ภ,False,1.0,0.644436240196228
thaichar72_mnv3small_64_small,mirror_v,ส,ย,False,0.875,0.7983235120773315
thaichar72_mnv3small_64_small,mirror_v,ห,ม,False,1.0,0.9006304740905762
thaichar72_mnv3small_64_small,mirror_v,ฬ,ม,False,1.0,0.693966269493103
thaichar72_mnv3small_64_small,mirror_v,อ,อ,True,1.0,0.855994701385498
thaichar72_mnv3small_64_small,mirror_v,ฮ,ฏ,False,1.0,0.7226368188858032
thaichar72_mnv3small_64_small,mirror_v,ฯ,ป,False,0.5,0.7128034234046936
thaichar72_mnv3small_64_small,mirror_v,ั,ก,False,0.75,0.4858834743499756
thaichar72_mnv3small_64_small,mirror_v,า,่,False,0.5,0.544054388999939
thaichar72_mnv3small_64_small,mirror_v,ิ,ั,False,1.0,0.7809774279594421
thaichar72_mnv3small_64_small,mirror_v,ี,ฯ,False,0.375,0.3366990089416504
thaichar72_mnv3small_64_small,mirror_v,ึ,็,False,0.6666666666666666,0.4773561954498291
thaichar72_mnv3small_64_small,mirror_v,ื,ฯ,False,0.625,0.3500295877456665
thaichar72_mnv3small_64_small,mirror_v,ุ,์,False,0.875,0.6792588233947754
thaichar72_mnv3small_64_small,mirror_v,ู,ภ,False,0.75,0.7390888333320618
thaichar72_mnv3small_64_small,mirror_v,เ,ก,False,0.5,0.5307315587997437
thaichar72_mnv3small_64_small,mirror_v,แ,ค,False,0.5,0.5306193232536316
thaichar72_mnv3small_64_small,mirror_v,โ,เ,False,0.5,0.6599107384681702
thaichar72_mnv3small_64_small,mirror_v,ใ,ใ,True,0.875,0.2244352102279663
thaichar72_mnv3small_64_small,mirror_v,ไ,ข,False,0.25,0.3467891216278076
thaichar72_mnv3small_64_small,mirror_v,ๅ,่,False,0.875,0.8361791372299194
thaichar72_mnv3small_64_small,mirror_v,ๆ,ป,False,0.625,0.5092159509658813
thaichar72_mnv3small_64_small,mirror_v,็,ึ,False,0.25,0.41557639837265015
thaichar72_mnv3small_64_small,mirror_v,่,่,True,1.0,0.9016909599304199
thaichar72_mnv3small_64_small,mirror_v,้,ก,False,0.375,0.40382981300354004
thaichar72_mnv3small_64_small,mirror_v,๊,ั,False,1.0,0.5856740474700928
thaichar72_mnv3small_64_small,mirror_v,์,ุ,False,0.875,0.6055519580841064
thaichar72_mnv3small_64_small,mirror_v,๐,๐,True,1.0,0.9131510853767395
thaichar72_mnv3small_64_small,mirror_v,๑,๑,True,0.875,0.6335710287094116
thaichar72_mnv3small_64_small,mirror_v,๒,ฒ,False,0.625,0.46062329411506653
thaichar72_mnv3small_64_small,mirror_v,๓,ณ,False,0.4,0.20267605781555176
thaichar72_mnv3small_64_small,mirror_v,๔,ฐ,False,1.0,0.47140154242515564
thaichar72_mnv3small_64_small,mirror_v,๕,ซ,False,0.3333333333333333,0.27689701318740845
thaichar72_mnv3small_64_small,mirror_v,๖,อ,False,1.0,0.5269952416419983
thaichar72_mnv3small_64_small,mirror_v,๗,ุ,False,1.0,0.132712259888649
thaichar72_mnv3small_64_small,mirror_v,๘,ึ,False,0.4,0.42725062370300293
thaichar72_mnv3small_64_small,mirror_v,๙,อ,False,0.6666666666666666,0.47895491123199463
thaichar72_r18_64_gen,rot90_cw,ก,ว,False,0.625,0.3204488158226013
thaichar72_r18_64_gen,rot90_cw,ข,ึ,False,0.625,0.43929409980773926
thaichar72_r18_64_gen,rot90_cw,ค,ึ,False,0.5,0.38162678480148315
thaichar72_r18_64_gen,rot90_cw,ง,ั,False,0.625,0.30828016996383667
thaichar72_r18_64_gen,rot90_cw,จ,ึ,False,0.625,0.22859027981758118
thaichar72_r18_64_gen,rot90_cw,ฉ,ย,False,0.625,0.257516086101532
thaichar72_r18_64_gen,rot90_cw,ช,ึ,False,0.75,0.37996265292167664
thaichar72_r18_64_gen,rot90_cw,ซ,ย,False,0.5,0.24458779394626617
thaichar72_r18_64_gen,rot90_cw,ญ,ย,False,0.875,0.41977420449256897
thaichar72_r18_64_gen,rot90_cw,ฏ,ั,False,0.5,0.3371361792087555
thaichar72_r18_64_gen,rot90_cw,ฐ,ื,False,0.5,0.40597808361053467
thaichar72_r18_64_gen,rot90_cw,ฒ,อ,False,1.0,0.46666064858436584
thaichar72_r18_64_gen,rot90_cw,ณ,ย,False,0.625,0.21814200282096863
thaichar72_r18_64_gen,rot90_cw,ด,๑,False,0.5,0.33804774284362793
thaichar72_r18_64_gen,rot90_cw,ต,อ,False,0.5,0.2475186288356781
thaichar72_r18_64_gen,rot90_cw,ถ,ี,False,0.375,0.29736509919166565
thaichar72_r18_64_gen,rot90_cw,ท,ร,False,0.625,0.2272912561893463
thaichar72_r18_64_gen,rot90_cw,ธ,ึ,False,0.625,0.4388740062713623
thaichar72_r18_64_gen,rot90_cw,น,ร,False,0.5,0.2748950719833374
thaichar72_r18_64_gen,rot90_cw,บ,็,False,0.375,0.12839829921722412
thaichar72_r18_64_gen,rot90_cw,ป,ี,False,0.625,0.4871028959751129
thaichar72_r18_64_gen,rot90_cw,ผ,ร,False,0.5,0.2980128824710846
thaichar72_r18_64_gen,rot90_cw,ฝ,ก,False,0.375,0.39633023738861084
thaichar72_r18_64_gen,rot90_cw,พ,ร,False,0.375,0.26801732182502747
thaichar72_r18_64_gen,rot90_cw,ฟ,ี,False,0.625,0.5529800057411194
thaichar72_r18_64_gen,rot90_cw,ภ,บ,False,0.375,0.16403579711914062
thaichar72_r18_64_gen,rot90_cw,ม,ษ,False,0.25,0.31664878129959106
thaichar72_r18_64_gen,rot90_cw,ย,ั,False,0.375,0.3692284822463989
thaichar72_r18_64_gen,rot90_cw,ร,ั,False,1.0,0.7396898865699768
thaichar72_r18_64_gen,rot90_cw,ฤ,ี,False,0.3333333333333333,0.29804134368896484
thaichar72_r18_64_gen,rot90_cw,ล,ั,False,0.25,0.22263197600841522
thaichar72_r18_64_gen,rot90_cw,ว,ั,False,0.875,0.6450875997543335
thaichar72_r18_64_gen,rot90_cw,ศ,ึ,False,0.625,0.3290797472000122
thaichar72_r18_64_gen,rot90_cw,ษ,๔,False,0.625,0.365028977394104
thaichar72_r18_64_gen,rot90_cw,ส,อ,False,0.375,0.2696649730205536
thaichar72_r18_64_gen,rot90_cw,ห,ึ,False,0.75,0.2824856638908386
thaichar72_r18_64_gen,rot90_cw,ฬ,ื,False,1.0,0.25882822275161743
thaichar72_r18_64_gen,rot90_cw,อ,๐,False,0.875,0.57774817943573
thaichar72_r18_64_gen,rot90_cw,ฮ,ื,False,0.5,0.44401806592941284
thaichar72_r18_64_gen,rot90_cw,ฯ,ร,False,0.5,0.16923290491104126
thaichar72_r18_64_gen,rot90_cw,ั,อ,False,0.5,0.3362833261489868
thaichar72_r18_64_gen,rot90_cw,า,ิ,False,0.375,0.6080669164657593
thaichar72_r18_64_gen,rot90_cw,ิ,า,False,0.625,0.3728274703025818
thaichar72_r18_64_gen,rot90_cw,ี,อ,False,0.375,0.6204361319541931
thaichar72_r18_64_gen,rot90_cw,ึ,า,False,0.6666666666666666,0.31452423334121704
thaichar72_r18_64_gen,rot90_cw,ื,อ,False,0.5,0.48075005412101746
thaichar72_r18_64_gen,rot90_cw,ุ,ึ,False,0.625,0.7153782844543457
thaichar72_r18_64_gen,rot90_cw,ู,ร,False,0.25,0.18952158093452454
thaichar72_r18_64_gen,rot90_cw,เ,์,False,1.0,0.6451199650764465
thaichar72_r18_64_gen,rot90_cw,แ,็,False,0.5,0.4168829917907715
thaichar72_r18_64_gen,rot90_cw,โ,ี,False,1.0,0.8196664452552795
thaichar72_r18_64_gen,rot90_cw,ใ,ี,False,0.5,0.4660150408744812
thaichar72_r18_64_gen,rot90_cw,ไ,ี,False,1.0,0.8610830307006836
thaichar72_r18_64_gen,rot90_cw,ๅ,ิ,False,0.875,0.8586097955703735
thaichar72_r18_64_gen,rot90_cw,ๆ,ึ,False,0.875,0.30863773822784424
thaichar72_r18_64_gen,rot90_cw,็,ถ,False,0.75,0.6925886869430542
thaichar72_r18_64_gen,rot90_cw,่,ิ,False,0.8571428571428571,0.8016036748886108
thaichar72_r18_64_gen,rot90_cw,้,ง,False,0.625,0.350892573595047
thaichar72_r18_64_gen,rot90_cw,๊,อ,False,1.0,0.5756771564483643
thaichar72_r18_64_gen,rot90_cw,์,ั,False,0.375,0.5463606119155884
thaichar72_r18_64_gen,rot90_cw,๐,๐,True,1.0,0.8789358139038086
thaichar72_r18_64_gen,rot90_cw,๑,๑,True,1.0,0.7677690982818604
thaichar72_r18_64_gen,rot90_cw,๒,ร,False,0.25,0.27010577917099
thaichar72_r18_64_gen,rot90_cw,๓,อ,False,1.0,0.41578584909439087
thaichar72_r18_64_gen,rot90_cw,๔,อ,False,1.0,0.2377956360578537
thaichar72_r18_64_gen,rot90_cw,๕,ณ,False,0.6666666666666666,0.06844272464513779
thaichar72_r18_64_gen,rot90_cw,๖,์,False,1.0,0.5744145512580872
thaichar72_r18_64_gen,rot90_cw,๗,อ,False,1.0,0.6947711706161499
thaichar72_r18_64_gen,rot90_cw,๘,ณ,False,0.6,0.2778300940990448
thaichar72_r18_64_gen,rot90_cw,๙,๓,False,1.0,0.7603421211242676
thaichar72_r18_64_gen_v3labels,rot90_cw,ก,ว,False,0.625,0.4172970652580261
thaichar72_r18_64_gen_v3labels,rot90_cw,ข,ึ,False,0.75,0.5742344856262207
thaichar72_r18_64_gen_v3labels,rot90_cw,ค,ึ,False,0.5,0.4063560664653778
thaichar72_r18_64_gen_v3labels,rot90_cw,ง,ึ,False,0.375,0.1971280872821808
thaichar72_r18_64_gen_v3labels,rot90_cw,จ,ึ,False,0.875,0.45311489701271057
thaichar72_r18_64_gen_v3labels,rot90_cw,ฉ,อ,False,0.375,0.19141927361488342
thaichar72_r18_64_gen_v3labels,rot90_cw,ช,ึ,False,0.75,0.39986133575439453
thaichar72_r18_64_gen_v3labels,rot90_cw,ซ,ย,False,0.5,0.2761208117008209
thaichar72_r18_64_gen_v3labels,rot90_cw,ญ,ย,False,0.875,0.4031612277030945
thaichar72_r18_64_gen_v3labels,rot90_cw,ฏ,ั,False,1.0,0.21297003328800201
thaichar72_r18_64_gen_v3labels,rot90_cw,ฐ,ื,False,0.375,0.3222666382789612
thaichar72_r18_64_gen_v3labels,rot90_cw,ฒ,อ,False,1.0,0.39702746272087097
thaichar72_r18_64_gen_v3labels,rot90_cw,ณ,อ,False,0.375,0.206981360912323
thaichar72_r18_64_gen_v3labels,rot90_cw,ด,อ,False,0.25,0.2294611781835556
thaichar72_r18_64_gen_v3labels,rot90_cw,ต,อ,False,0.5,0.30485275387763977
thaichar72_r18_64_gen_v3labels,rot90_cw,ถ,ว,False,0.5,0.28571462631225586
thaichar72_r18_64_gen_v3labels,rot90_cw,ท,ร,False,0.75,0.29259899258613586
thaichar72_r18_64_gen_v3labels,rot90_cw,ธ,ี,False,0.375,0.39209622144699097
thaichar72_r18_64_gen_v3labels,rot90_cw,น,็,False,0.5,0.3580209016799927
thaichar72_r18_64_gen_v3labels,rot90_cw,บ,็,False,0.75,0.33600836992263794
thaichar72_r18_64_gen_v3labels,rot90_cw,ป,ี,False,0.75,0.5155609846115112
thaichar72_r18_64_gen_v3labels,rot90_cw,ผ,ร,False,0.375,0.26849907636642456
thaichar72_r18_64_gen_v3labels,rot90_cw,ฝ,ย,False,0.625,0.4515500068664551
thaichar72_r18_64_gen_v3labels,rot90_cw,พ,ร,False,0.375,0.3870185613632202
thaichar72_r18_64_gen_v3labels,rot90_cw,ฟ,ี,False,0.625,0.606342613697052
thaichar72_r18_64_gen_v3labels,rot90_cw,ภ,บ,False,0.375,0.18137216567993164
thaichar72_r18_64_gen_v3labels,rot90_cw,ม,บ,False,0.25,0.3098180890083313
thaichar72_r18_64_gen_v3labels,rot90_cw,ย,ื,False,0.375,0.3418397903442383
thaichar72_r18_64_gen_v3labels,rot90_cw,ร,ั,False,1.0,0.5880919098854065
thaichar72_r18_64_gen_v3labels,rot90_cw,ฤ,ี,False,0.6666666666666666,0.2467082142829895
thaichar72_r18_64_gen_v3labels,rot90_cw,ล,๑,False,0.625,0.22915087640285492
thaichar72_r18_64_gen_v3labels,rot90_cw,ว,ว,True,0.625,0.4722679853439331
thaichar72_r18_64_gen_v3labels,rot90_cw,ศ,อ,False,0.5,0.34082382917404175
thaichar72_r18_64_gen_v3labels,rot90_cw,ษ,๔,False,0.625,0.4709319472312927
thaichar72_r18_64_gen_v3labels,rot90_cw,ส,อ,False,0.75,0.3775012195110321
thaichar72_r18_64_gen_v3labels,rot90_cw,ห,ธ,False,0.25,0.26305466890335083
thaichar72_r18_64_gen_v3labels,rot90_cw,ฬ,ื,False,1.0,0.21723651885986328
thaichar72_r18_64_gen_v3labels,rot90_cw,อ,๐,False,0.625,0.4907785654067993
thaichar72_r18_64_gen_v3labels,rot90_cw,ฮ,ื,False,1.0,0.40443217754364014
thaichar72_r18_64_gen_v3labels,rot90_cw,ฯ,ร,False,0.5,0.22072239220142365
thaichar72_r18_64_gen_v3labels,rot90_cw,ั,อ,False,0.5,0.3584861755371094
thaichar72_r18_64_gen_v3labels,rot90_cw,า,ิ,False,0.375,0.6686124801635742
thaichar72_r18_64_gen_v3labels,rot90_cw,ิ,า,False,0.625,0.3705911934375763
thaichar72_r18_64_gen_v3labels,rot90_cw,ี,ก,False,0.25,0.5035359263420105
thaichar72_r18_64_gen_v3labels,rot90_cw,ึ,น,False,0.3333333333333333,0.3381645679473877
thaichar72_r18_64_gen_v3labels,rot90_cw,ื,อ,False,0.5,0.32705968618392944
thaichar72_r18_64_gen_v3labels,rot90_cw,ุ,ึ,False,0.625,0.6889939308166504
thaichar72_r18_64_gen_v3labels,rot90_cw,ู,ร,False,0.25,0.1939193606376648
thaichar72_r18_64_gen_v3labels,rot90_cw,เ,์,False,1.0,0.659690797328949
thaichar72_r18_64_gen_v3labels,rot90_cw,แ,็,False,0.5,0.5615702271461487
thaichar72_r18_64_gen_v3labels,rot90_cw,โ,ี,False,1.0,0.8505518436431885
thaichar72_r18_64_gen_v3labels,rot90_cw,ใ,ี,False,1.0,0.7446084022521973
thaichar72_r18_64_gen_v3labels,rot90_cw,ไ,ี,False,1.0,0.8328306674957275
thaichar72_r18_64_gen_v3labels,rot90_cw,ๅ,ิ,False,0.875,0.8039401769638062
thaichar72_r18_64_gen_v3labels,rot90_cw,ๆ,ึ,False,0.75,0.3792685866355896
thaichar72_r18_64_gen_v3labels,rot90_cw,็,ถ,False,0.75,0.7689738869667053
thaichar72_r18_64_gen_v3labels,rot90_cw,่,ิ,False,0.7142857142857143,0.8328596949577332
thaichar72_r18_64_gen_v3labels,rot90_cw,้,ง,False,0.375,0.2533046007156372
thaichar72_r18_64_gen_v3labels,rot90_cw,๊,อ,False,1.0,0.5793287754058838
thaichar72_r18_64_gen_v3labels,rot90_cw,์,ู,False,0.5,0.5467181205749512
thaichar72_r18_64_gen_v3labels,rot90_cw,๐,๐,True,1.0,0.8689614534378052
thaichar72_r18_64_gen_v3labels,rot90_cw,๑,๑,True,1.0,0.7788844108581543
thaichar72_r18_64_gen_v3labels,rot90_cw,๒,ร,False,0.375,0.2656109929084778
thaichar72_r18_64_gen_v3labels,rot90_cw,๓,อ,False,1.0,0.6718459129333496
thaichar72_r18_64_gen_v3labels,rot90_cw,๔,ล,False,1.0,0.2154243141412735
thaichar72_r18_64_gen_v3labels,rot90_cw,๕,ล,False,0.6666666666666666,0.09936191886663437
thaichar72_r18_64_gen_v3labels,rot90_cw,๖,์,False,1.0,0.6012115478515625
thaichar72_r18_64_gen_v3labels,rot90_cw,๗,อ,False,1.0,0.7017432451248169
thaichar72_r18_64_gen_v3labels,rot90_cw,๘,ม,False,0.4,0.3887763023376465
thaichar72_r18_64_gen_v3labels,rot90_cw,๙,๓,False,1.0,0.8160440921783447
thaichar72_resnet18_64,rot90_cw,ก,ซ,False,0.25,0.1655658781528473
thaichar72_resnet18_64,rot90_cw,ข,ย,False,0.375,0.19048337638378143
thaichar72_resnet18_64,rot90_cw,ค,ว,False,0.25,0.3272779583930969
thaichar72_resnet18_64,rot90_cw,ง,ึ,False,0.5,0.17185693979263306
thaichar72_resnet18_64,rot90_cw,จ,ื,False,0.5,0.1327618956565857
thaichar72_resnet18_64,rot90_cw,ฉ,อ,False,0.875,0.18273398280143738
thaichar72_resnet18_64,rot90_cw,ช,ึ,False,0.5,0.2648564279079437
thaichar72_resnet18_64,rot90_cw,ซ,ย,False,0.75,0.2240394949913025
thaichar72_resnet18_64,rot90_cw,ญ,ย,False,0.375,0.14903980493545532
thaichar72_resnet18_64,rot90_cw,ฏ,ื,False,0.5,0.15300925076007843
thaichar72_resnet18_64,rot90_cw,ฐ,ื,False,0.75,0.42632991075515747
thaichar72_resnet18_64,rot90_cw,ฒ,ฐ,False,0.5,0.1874876320362091
thaichar72_resnet18_64,rot90_cw,ณ,ย,False,0.625,0.15022501349449158
thaichar72_resnet18_64,rot90_cw,ด,อ,False,0.75,0.3165897727012634
thaichar72_resnet18_64,rot90_cw,ต,อ,False,0.5,0.37767037749290466
thaichar72_resnet18_64,rot90_cw,ถ,๐,False,0.5,0.20952793955802917
thaichar72_resnet18_64,rot90_cw,ท,ร,False,0.375,0.143992617726326
thaichar72_resnet18_64,rot90_cw,ธ,ี,False,0.25,0.3578648567199707
thaichar72_resnet18_64,rot90_cw,น,็,False,0.5,0.2046901285648346
thaichar72_resnet18_64,rot90_cw,บ,็,False,0.625,0.21153047680854797
thaichar72_resnet18_64,rot90_cw,ป,ี,False,0.375,0.3216308355331421
thaichar72_resnet18_64,rot90_cw,ผ,ธ,False,0.625,0.3591080904006958
thaichar72_resnet18_64,rot90_cw,ฝ,ี,False,0.375,0.257502943277359
thaichar72_resnet18_64,rot90_cw,พ,ร,False,0.75,0.4103008508682251
thaichar72_resnet18_64,rot90_cw,ฟ,ื,False,0.625,0.5074056386947632
thaichar72_resnet18_64,rot90_cw,ภ,บ,False,0.625,0.15312780439853668
thaichar72_resnet18_64,rot90_cw,ม,ห,False,0.375,0.20960435271263123
thaichar72_resnet18_64,rot90_cw,ย,ื,False,0.5,0.42348000407218933
thaichar72_resnet18_64,rot90_cw,ร,ั,False,1.0,0.6714291572570801
thaichar72_resnet18_64,rot90_cw,ฤ,อ,False,0.3333333333333333,0.07175779342651367
thaichar72_resnet18_64,rot90_cw,ล,ซ,False,0.5,0.16658075153827667
thaichar72_resnet18_64,rot90_cw,ว,ั,False,0.75,0.45332837104797363
thaichar72_resnet18_64,rot90_cw,ศ,ิ,False,0.5,0.2544768750667572
thaichar72_resnet18_64,rot90_cw,ษ,ล,False,0.375,0.27069586515426636
thaichar72_resnet18_64,rot90_cw,ส,อ,False,0.75,0.27193859219551086
thaichar72_resnet18_64,rot90_cw,ห,ึ,False,0.375,0.35020047426223755
thaichar72_resnet18_64,rot90_cw,ฬ,ย,False,1.0,0.13002756237983704
thaichar72_resnet18_64,rot90_cw,อ,๐,False,0.375,0.22009003162384033
thaichar72_resnet18_64,rot90_cw,ฮ,ั,False,0.5,0.19619591534137726
thaichar72_resnet18_64,rot90_cw,ฯ,ร,False,0.25,0.12639270722866058
thaichar72_resnet18_64,rot90_cw,ั,อ,False,0.375,0.3244267404079437
thaichar72_resnet18_64,rot90_cw,า,ิ,False,0.375,0.5206952691078186
thaichar72_resnet18_64,rot90_cw,ิ,า,False,0.5,0.4149376153945923
thaichar72_resnet18_64,rot90_cw,ี,ล,False,0.25,0.3584260642528534
thaichar72_resnet18_64,rot90_cw,ึ,เ,False,0.6666666666666666,0.3917727768421173
thaichar72_resnet18_64,rot90_cw,ื,เ,False,0.5,0.36068710684776306
thaichar72_resnet18_64,rot90_cw,ุ,ึ,False,0.5,0.4635752737522125
thaichar72_resnet18_64,rot90_cw,ู,์,False,0.5,0.16510334610939026
thaichar72_resnet18_64,rot90_cw,เ,์,False,0.875,0.610278844833374
thaichar72_resnet18_64,rot90_cw,แ,ธ,False,0.75,0.31723523139953613
thaichar72_resnet18_64,rot90_cw,โ,ี,False,0.875,0.654227614402771
thaichar72_resnet18_64,rot90_cw,ใ,ึ,False,0.875,0.5205416679382324
thaichar72_resnet18_64,rot90_cw,ไ,ี,False,0.5,0.36234360933303833
thaichar72_resnet18_64,rot90_cw,ๅ,ิ,False,0.75,0.8233797550201416
thaichar72_resnet18_64,rot90_cw,ๆ,บ,False,0.375,0.23295149207115173
thaichar72_resnet18_64,rot90_cw,็,ถ,False,0.75,0.7362920045852661
thaichar72_resnet18_64,rot90_cw,่,ิ,False,0.7142857142857143,0.842289924621582
thaichar72_resnet18_64,rot90_cw,้,ง,False,0.5,0.5061779022216797
thaichar72_resnet18_64,rot90_cw,๊,อ,False,0.875,0.6732652187347412
thaichar72_resnet18_64,rot90_cw,์,ั,False,0.5,0.632156491279602
thaichar72_resnet18_64,rot90_cw,๐,๐,True,1.0,0.8309449553489685
thaichar72_resnet18_64,rot90_cw,๑,อ,False,0.75,0.5310900211334229
thaichar72_resnet18_64,rot90_cw,๒,๙,False,0.75,0.6790457367897034
thaichar72_resnet18_64,rot90_cw,๓,อ,False,1.0,0.7232102155685425
thaichar72_resnet18_64,rot90_cw,๔,ค,False,0.3333333333333333,0.14429043233394623
thaichar72_resnet18_64,rot90_cw,๕,ั,False,1.0,0.16892178356647491
thaichar72_resnet18_64,rot90_cw,๖,ซ,False,0.5,0.33260077238082886
thaichar72_resnet18_64,rot90_cw,๗,อ,False,1.0,0.6288283467292786
thaichar72_resnet18_64,rot90_cw,๘,ถ,False,0.6,0.38784509897232056
thaichar72_resnet18_64,rot90_cw,๙,๓,False,1.0,0.3850608766078949
thaichar72_resnet18_64_v1labels,rot90_cw,ก,า,False,0.75,0.5291560292243958
thaichar72_resnet18_64_v1labels,rot90_cw,ข,อ,False,0.375,0.26903191208839417
thaichar72_resnet18_64_v1labels,rot90_cw,ค,า,False,0.875,0.4214506447315216
thaichar72_resnet18_64_v1labels,rot90_cw,ง,็,False,0.625,0.18094438314437866
thaichar72_resnet18_64_v1labels,rot90_cw,จ,า,False,0.375,0.19910956919193268
thaichar72_resnet18_64_v1labels,rot90_cw,ฉ,อ,False,0.75,0.25603047013282776
thaichar72_resnet18_64_v1labels,rot90_cw,ช,า,False,0.75,0.2800387442111969
thaichar72_resnet18_64_v1labels,rot90_cw,ซ,า,False,0.375,0.29220810532569885
thaichar72_resnet18_64_v1labels,rot90_cw,ญ,ฮ,False,0.375,0.3020917773246765
thaichar72_resnet18_64_v1labels,rot90_cw,ฏ,า,False,1.0,0.6196188926696777
thaichar72_resnet18_64_v1labels,rot90_cw,ฐ,า,False,0.875,0.4379470944404602
thaichar72_resnet18_64_v1labels,rot90_cw,ฒ,อ,False,0.75,0.5607802867889404
thaichar72_resnet18_64_v1labels,rot90_cw,ณ,า,False,1.0,0.5733579993247986
thaichar72_resnet18_64_v1labels,rot90_cw,ด,า,False,0.5,0.47145044803619385
thaichar72_resnet18_64_v1labels,rot90_cw,ต,อ,False,0.5,0.5677772760391235
thaichar72_resnet18_64_v1labels,rot90_cw,ถ,ว,False,0.5,0.3376755714416504
thaichar72_resnet18_64_v1labels,rot90_cw,ท,็,False,0.625,0.4202839136123657
thaichar72_resnet18_64_v1labels,rot90_cw,ธ,า,False,0.625,0.5349681377410889
thaichar72_resnet18_64_v1labels,rot90_cw,น,า,False,0.625,0.24171918630599976
thaichar72_resnet18_64_v1labels,rot90_cw,บ,็,False,0.625,0.40024369955062866
thaichar72_resnet18_64_v1labels,rot90_cw,ป,ั,False,0.25,0.2734357416629791
thaichar72_resnet18_64_v1labels,rot90_cw,ผ,ร,False,0.5,0.31406402587890625
thaichar72_resnet18_64_v1labels,rot90_cw,ฝ,า,False,0.375,0.2962019741535187
thaichar72_resnet18_64_v1labels,rot90_cw,พ,า,False,0.5,0.5275482535362244
thaichar72_resnet18_64_v1labels,rot90_cw,ฟ,ื,False,0.5,0.3508698046207428
thaichar72_resnet18_64_v1labels,rot90_cw,ภ,ว,False,0.5,0.25271186232566833
thaichar72_resnet18_64_v1labels,rot90_cw,ม,ห,False,0.25,0.23927375674247742
thaichar72_resnet18_64_v1labels,rot90_cw,ย,า,False,0.5,0.3560478687286377
thaichar72_resnet18_64_v1labels,rot90_cw,ร,ั,False,1.0,0.8214396834373474
thaichar72_resnet18_64_v1labels,rot90_cw,ฤ,า,False,0.6666666666666666,0.3038693070411682
thaichar72_resnet18_64_v1labels,rot90_cw,ล,า,False,0.625,0.34290099143981934
thaichar72_resnet18_64_v1labels,rot90_cw,ว,ั,False,0.875,0.6007077693939209
thaichar72_resnet18_64_v1labels,rot90_cw,ศ,า,False,0.375,0.4284186363220215
thaichar72_resnet18_64_v1labels,rot90_cw,ษ,็,False,0.625,0.253549724817276
thaichar72_resnet18_64_v1labels,rot90_cw,ส,า,False,0.875,0.4889247715473175
thaichar72_resnet18_64_v1labels,rot90_cw,ห,า,False,0.5,0.2933235764503479
thaichar72_resnet18_64_v1labels,rot90_cw,ฬ,ฮ,False,1.0,0.2526540756225586
thaichar72_resnet18_64_v1labels,rot90_cw,อ,ว,False,0.875,0.548975944519043
thaichar72_resnet18_64_v1labels,rot90_cw,ฮ,า,False,1.0,0.5679470896720886
thaichar72_resnet18_64_v1labels,rot90_cw,ฯ,อ,False,0.5,0.2545941174030304
thaichar72_resnet18_64_v1labels,rot90_cw,ั,า,False,0.375,0.33419424295425415
thaichar72_resnet18_64_v1labels,rot90_cw,า,า,True,0.5,0.5828762054443359
thaichar72_resnet18_64_v1labels,rot90_cw,ิ,ช,False,0.25,0.4141263961791992
thaichar72_resnet18_64_v1labels,rot90_cw,ี,ม,False,0.25,0.35533228516578674
thaichar72_resnet18_64_v1labels,rot90_cw,ึ,น,False,0.6666666666666666,0.33686867356300354
thaichar72_resnet18_64_v1labels,rot90_cw,ื,ล,False,0.375,0.40997910499572754
thaichar72_resnet18_64_v1labels,rot90_cw,ุ,า,False,0.375,0.5375750660896301
thaichar72_resnet18_64_v1labels,rot90_cw,ู,า,False,0.5,0.22773677110671997
thaichar72_resnet18_64_v1labels,rot90_cw,เ,์,False,0.5,0.3359561562538147
thaichar72_resnet18_64_v1labels,rot90_cw,แ,า,False,0.5,0.2379905879497528
thaichar72_resnet18_64_v1labels,rot90_cw,โ,ี,False,1.0,0.8343623876571655
thaichar72_resnet18_64_v1labels,rot90_cw,ใ,ึ,False,0.875,0.5078700184822083
thaichar72_resnet18_64_v1labels,rot90_cw,ไ,ี,False,1.0,0.6307789087295532
thaichar72_resnet18_64_v1labels,rot90_cw,ๅ,ิ,False,0.75,0.8138186931610107
thaichar72_resnet18_64_v1labels,rot90_cw,ๆ,ั,False,0.375,0.2235293686389923
thaichar72_resnet18_64_v1labels,rot90_cw,็,ถ,False,0.625,0.7468475103378296
thaichar72_resnet18_64_v1labels,rot90_cw,่,ิ,False,0.8571428571428571,0.7763316035270691
thaichar72_resnet18_64_v1labels,rot90_cw,้,า,False,0.5,0.4148678779602051
thaichar72_resnet18_64_v1labels,rot90_cw,๊,อ,False,0.75,0.5416083931922913
thaichar72_resnet18_64_v1labels,rot90_cw,์,ั,False,0.5,0.5241330862045288
thaichar72_resnet18_64_v1labels,rot90_cw,๐,๐,True,1.0,0.8819529414176941
thaichar72_resnet18_64_v1labels,rot90_cw,๑,๑,True,0.75,0.4915895164012909
thaichar72_resnet18_64_v1labels,rot90_cw,๒,๙,False,0.75,0.5093396902084351
thaichar72_resnet18_64_v1labels,rot90_cw,๓,อ,False,1.0,0.6934184432029724
thaichar72_resnet18_64_v1labels,rot90_cw,๔,า,False,1.0,0.373236745595932
thaichar72_resnet18_64_v1labels,rot90_cw,๕,า,False,1.0,0.38564589619636536
thaichar72_resnet18_64_v1labels,rot90_cw,๖,อ,False,0.5,0.15013352036476135
thaichar72_resnet18_64_v1labels,rot90_cw,๗,๒,False,1.0,0.11808692663908005
thaichar72_resnet18_64_v1labels,rot90_cw,๘,ม,False,0.4,0.2201813906431198
thaichar72_resnet18_64_v1labels,rot90_cw,๙,ณ,False,0.3333333333333333,0.4158710539340973
thaichar72_mnv3small_64_small,rot90_cw,ก,ว,False,0.125,0.27721068263053894
thaichar72_mnv3small_64_small,rot90_cw,ข,ึ,False,0.75,0.639049232006073
thaichar72_mnv3small_64_small,rot90_cw,ค,๑,False,0.5,0.2076214849948883
thaichar72_mnv3small_64_small,rot90_cw,ง,ั,False,0.5,0.2880498170852661
thaichar72_mnv3small_64_small,rot90_cw,จ,๑,False,0.5,0.17335368692874908
thaichar72_mnv3small_64_small,rot90_cw,ฉ,ภ,False,0.25,0.12505364418029785
thaichar72_mnv3small_64_small,rot90_cw,ช,ย,False,0.75,0.7860382795333862
thaichar72_mnv3small_64_small,rot90_cw,ซ,ย,False,1.0,0.8657716512680054
thaichar72_mnv3small_64_small,rot90_cw,ญ,ย,False,0.75,0.4732174873352051
thaichar72_mnv3small_64_small,rot90_cw,ฏ,ั,False,1.0,0.5382331013679504
thaichar72_mnv3small_64_small,rot90_cw,ฐ,ย,False,0.375,0.2988753914833069
thaichar72_mnv3small_64_small,rot90_cw,ฒ,อ,False,1.0,0.8733701705932617
thaichar72_mnv3small_64_small,rot90_cw,ณ,ย,False,0.875,0.5693262815475464
thaichar72_mnv3small_64_small,rot90_cw,ด,๑,False,0.625,0.4038622975349426
thaichar72_mnv3small_64_small,rot90_cw,ต,อ,False,0.5,0.45438238978385925
thaichar72_mnv3small_64_small,rot90_cw,ถ,๐,False,0.625,0.2735797166824341
thaichar72_mnv3small_64_small,rot90_cw,ท,ช,False,0.5,0.3036404252052307
thaichar72_mnv3small_64_small,rot90_cw,ธ,ย,False,0.375,0.26096275448799133
thaichar72_mnv3small_64_small,rot90_cw,น,็,False,0.5,0.3755861222743988
thaichar72_mnv3small_64_small,rot90_cw,บ,็,False,0.875,0.462751179933548
thaichar72_mnv3small_64_small,rot90_cw,ป,ี,False,0.5,0.5304619073867798
thaichar72_mnv3small_64_small,rot90_cw,ผ,อ,False,0.5,0.3003985285758972
thaichar72_mnv3small_64_small,rot90_cw,ฝ,ั,False,0.75,0.5277004241943359
thaichar72_mnv3small_64_small,rot90_cw,พ,ช,False,0.5,0.4011389911174774
thaichar72_mnv3small_64_small,rot90_cw,ฟ,ี,False,0.5,0.5789044499397278
thaichar72_mnv3small_64_small,rot90_cw,ภ,บ,False,0.5,0.22915521264076233
thaichar72_mnv3small_64_small,rot90_cw,ม,ี,False,0.375,0.457091748714447
thaichar72_mnv3small_64_small,rot90_cw,ย,๓,False,0.375,0.47152793407440186
thaichar72_mnv3small_64_small,rot90_cw,ร,ั,False,1.0,0.5444665551185608
thaichar72_mnv3small_64_small,rot90_cw,ฤ,๑,False,0.6666666666666666,0.11831896752119064
thaichar72_mnv3small_64_small,rot90_cw,ล,ช,False,0.25,0.2645835876464844
thaichar72_mnv3small_64_small,rot90_cw,ว,ั,False,0.75,0.4487677216529846
thaichar72_mnv3small_64_small,rot90_cw,ศ,อ,False,0.75,0.4101332426071167
thaichar72_mnv3small_64_small,rot90_cw,ษ,็,False,0.375,0.32761651277542114
thaichar72_mnv3small_64_small,rot90_cw,ส,อ,False,0.625,0.4926992952823639
thaichar72_mnv3small_64_small,rot90_cw,ห,ช,False,0.375,0.5077452659606934
thaichar72_mnv3small_64_small,rot90_cw,ฬ,ย,False,1.0,0.7235274910926819
thaichar72_mnv3small_64_small,rot90_cw,อ,๑,False,1.0,0.4710546135902405
thaichar72_mnv3small_64_small,rot90_cw,ฮ,๓,False,1.0,0.4631801247596741
thaichar72_mnv3small_64_small,rot90_cw,ฯ,ึ,False,0.5,0.17038708925247192
thaichar72_mnv3small_64_small,rot90_cw,ั,ง,False,0.5,0.6007919907569885
thaichar72_mnv3small_64_small,rot90_cw,า,ั,False,0.5,0.503990888595581
thaichar72_mnv3small_64_small,rot90_cw,ิ,อ,False,0.5,0.41203147172927856
thaichar72_mnv3small_64_small,rot90_cw,ี,ม,False,0.375,0.41077354550361633
thaichar72_mnv3small_64_small,rot90_cw,ึ,น,False,0.6666666666666666,0.4208219051361084
thaichar72_mnv3small_64_small,rot90_cw,ื,ษ,False,0.375,0.3570811152458191
thaichar72_mnv3small_64_small,rot90_cw,ุ,ึ,False,0.75,0.6781123876571655
thaichar72_mnv3small_64_small,rot90_cw,ู,ง,False,0.25,0.23678308725357056
thaichar72_mnv3small_64_small,rot90_cw,เ,์,False,0.625,0.5357770919799805
thaichar72_mnv3small_64_small,rot90_cw,แ,ก,False,0.75,0.28345340490341187
thaichar72_mnv3small_64_small,rot90_cw,โ,ี,False,0.625,0.5886415243148804
thaichar72_mnv3small_64_small,rot90_cw,ใ,ึ,False,0.875,0.4180986285209656
thaichar72_mnv3small_64_small,rot90_cw,ไ,ี,False,0.875,0.6414341330528259
thaichar72_mnv3small_64_small,rot90_cw,ๅ,ิ,False,0.625,0.6679003238677979
thaichar72_mnv3small_64_small,rot90_cw,ๆ,ึ,False,0.5,0.31901365518569946
thaichar72_mnv3small_64_small,rot90_cw,็,ถ,False,0.625,0.7263970971107483
thaichar72_mnv3small_64_small,rot90_cw,่,ิ,False,0.5714285714285714,0.5939221382141113
thaichar72_mnv3small_64_small,rot90_cw,้,ฐ,False,0.25,0.3821379542350769
thaichar72_mnv3small_64_small,rot90_cw,๊,อ,False,0.875,0.6704388856887817
thaichar72_mnv3small_64_small,rot90_cw,์,จ,False,0.375,0.5354186296463013
thaichar72_mnv3small_64_small,rot90_cw,๐,๐,True,1.0,0.8768311142921448
thaichar72_mnv3small_64_small,rot90_cw,๑,อ,False,0.75,0.6222995519638062
thaichar72_mnv3small_64_small,rot90_cw,๒,ล,False,0.625,0.6424086093902588
thaichar72_mnv3small_64_small,rot90_cw,๓,อ,False,1.0,0.8837982416152954
thaichar72_mnv3small_64_small,rot90_cw,๔,ล,False,1.0,0.14152763783931732
thaichar72_mnv3small_64_small,rot90_cw,๕,ณ,False,1.0,0.22227978706359863
thaichar72_mnv3small_64_small,rot90_cw,๖,ั,False,1.0,0.39815473556518555
thaichar72_mnv3small_64_small,rot90_cw,๗,อ,False,1.0,0.16659463942050934
thaichar72_mnv3small_64_small,rot90_cw,๘,ณ,False,0.6,0.2534172534942627
thaichar72_mnv3small_64_small,rot90_cw,๙,๓,False,1.0,0.4388428032398224
thaichar72_r18_64_gen,rot90_ccw,ก,็,False,0.875,0.7363581657409668
thaichar72_r18_64_gen,rot90_ccw,ข,ร,False,0.625,0.4638172388076782
thaichar72_r18_64_gen,rot90_ccw,ค,็,False,0.875,0.5618006587028503
thaichar72_r18_64_gen,rot90_ccw,ง,า,False,0.375,0.2630852460861206
thaichar72_r18_64_gen,rot90_ccw,จ,็,False,0.875,0.4238837957382202
thaichar72_r18_64_gen,rot90_ccw,ฉ,ึ,False,0.375,0.24476510286331177
thaichar72_r18_64_gen,rot90_ccw,ช,ร,False,0.625,0.40256765484809875
thaichar72_r18_64_gen,rot90_ccw,ซ,ร,False,0.5,0.4259943962097168
thaichar72_r18_64_gen,rot90_ccw,ญ,ร,False,0.5,0.30617445707321167
thaichar72_r18_64_gen,rot90_ccw,ฏ,็,False,1.0,0.9042770266532898
thaichar72_r18_64_gen,rot90_ccw,ฐ,็,False,0.5,0.20013488829135895
thaichar72_r18_64_gen,rot90_ccw,ฒ,ส,False,1.0,0.2133021205663681
thaichar72_r18_64_gen,rot90_ccw,ณ,ส,False,0.25,0.23263436555862427
thaichar72_r18_64_gen,rot90_ccw,ด,็,False,0.375,0.41496098041534424
thaichar72_r18_64_gen,rot90_ccw,ต,ร,False,0.625,0.29259008169174194
thaichar72_r18_64_gen,rot90_ccw,ถ,็,False,1.0,0.7904374003410339
thaichar72_r18_64_gen,rot90_ccw,ท,ร,False,1.0,0.4830170273780823
thaichar72_r18_64_gen,rot90_ccw,ธ,ร,False,0.5,0.38389188051223755
thaichar72_r18_64_gen,rot90_ccw,น,ร,False,0.625,0.27422890067100525
thaichar72_r18_64_gen,rot90_ccw,บ,ล,False,0.5,0.33493661880493164
thaichar72_r18_64_gen,rot90_ccw,ป,ว,False,0.5,0.40655001997947693
thaichar72_r18_64_gen,rot90_ccw,ผ,ส,False,0.625,0.31840062141418457
thaichar72_r18_64_gen,rot90_ccw,ฝ,ซ,False,0.25,0.3398996591567993
thaichar72_r18_64_gen,rot90_ccw,พ,ร,False,1.0,0.37113553285598755
thaichar72_r18_64_gen,rot90_ccw,ฟ,ร,False,0.625,0.6327596306800842
thaichar72_r18_64_gen,rot90_ccw,ภ,็,False,0.875,0.6801024079322815
thaichar72_r18_64_gen,rot90_ccw,ม,็,False,0.625,0.3967742621898651
thaichar72_r18_64_gen,rot90_ccw,ย,ั,False,0.625,0.3202994465827942
thaichar72_r18_64_gen,rot90_ccw,ร,์,False,0.5,0.4075302481651306
thaichar72_r18_64_gen,rot90_ccw,ฤ,็,False,1.0,0.5987148880958557
thaichar72_r18_64_gen,rot90_ccw,ล,็,False,0.875,0.4071044325828552
thaichar72_r18_64_gen,rot90_ccw,ว,์,False,1.0,0.34793180227279663
thaichar72_r18_64_gen,rot90_ccw,ศ,๕,False,0.375,0.2978823184967041
thaichar72_r18_64_gen,rot90_ccw,ษ,ื,False,0.375,0.24491186439990997
thaichar72_r18_64_gen,rot90_ccw,ส,๕,False,0.375,0.17158231139183044
thaichar72_r18_64_gen,rot90_ccw,ห,ร,False,1.0,0.604435920715332
thaichar72_r18_64_gen,rot90_ccw,ฬ,ร,False,1.0,0.35315707325935364
thaichar72_r18_64_gen,rot90_ccw,อ,๐,False,0.625,0.452359676361084
thaichar72_r18_64_gen,rot90_ccw,ฮ,๐,False,0.5,0.30436602234840393
thaichar72_r18_64_gen,rot90_ccw,ฯ,ร,False,0.75,0.583612859249115
thaichar72_r18_64_gen,rot90_ccw,ั,อ,False,0.625,0.7507508993148804
thaichar72_r18_64_gen,rot90_ccw,า,์,False,1.0,0.7479397654533386
thaichar72_r18_64_gen,rot90_ccw,ิ,ด,False,0.5,0.36985185742378235
thaichar72_r18_64_gen,rot90_ccw,ี,ซ,False,0.25,0.6349501609802246
thaichar72_r18_64_gen,rot90_ccw,ึ,ข,False,0.3333333333333333,0.4695267379283905
thaichar72_r18_64_gen,rot90_ccw,ื,ข,False,0.625,0.4106103777885437
thaichar72_r18_64_gen,rot90_ccw,ุ,์,False,1.0,0.878216028213501
thaichar72_r18_64_gen,rot90_ccw,ู,ล,False,0.75,0.6707644462585449
thaichar72_r18_64_gen,rot90_ccw,เ,ี,False,0.625,0.5188387036323547
thaichar72_r18_64_gen,rot90_ccw,แ,ึ,False,0.5,0.35748085379600525
thaichar72_r18_64_gen,rot90_ccw,โ,์,False,0.5,0.5221555233001709
thaichar72_r18_64_gen,rot90_ccw,ใ,์,False,0.5,0.496429443359375
thaichar72_r18_64_gen,rot90_ccw,ไ,ิ,False,0.5,0.6829096078872681
thaichar72_r18_64_gen,rot90_ccw,ๅ,์,False,0.875,0.7805943489074707
thaichar72_r18_64_gen,rot90_ccw,ๆ,์,False,1.0,0.7571765184402466
thaichar72_r18_64_gen,rot90_ccw,็,ง,False,0.375,0.4639206528663635
thaichar72_r18_64_gen,rot90_ccw,่,ิ,False,0.7142857142857143,0.6950479745864868
thaichar72_r18_64_gen,rot90_ccw,้,ล,False,0.5,0.5078162550926208
thaichar72_r18_64_gen,rot90_ccw,๊,อ,False,0.875,0.5824545621871948
thaichar72_r18_64_gen,rot90_ccw,์,๖,False,0.625,0.32216712832450867
thaichar72_r18_64_gen,rot90_ccw,๐,๐,True,1.0,0.8825937509536743
thaichar72_r18_64_gen,rot90_ccw,๑,๑,True,1.0,0.8082233667373657
thaichar72_r18_64_gen,rot90_ccw,๒,อ,False,1.0,0.7703961133956909
thaichar72_r18_64_gen,rot90_ccw,๓,๙,False,0.6,0.18667973577976227
thaichar72_r18_64_gen,rot90_ccw,๔,ษ,False,1.0,0.8950096964836121
thaichar72_r18_64_gen,rot90_ccw,๕,ษ,False,1.0,0.37905776500701904
thaichar72_r18_64_gen,rot90_ccw,๖,ว,False,0.5,0.40390318632125854
thaichar72_r18_64_gen,rot90_ccw,๗,อ,False,1.0,0.43615955114364624
thaichar72_r18_64_gen,rot90_ccw,๘,อ,False,0.6,0.35019510984420776
thaichar72_r18_64_gen,rot90_ccw,๙,บ,False,1.0,0.16707994043827057
thaichar72_r18_64_gen_v3labels,rot90_ccw,ก,็,False,0.875,0.8233617544174194
thaichar72_r18_64_gen_v3labels,rot90_ccw,ข,ร,False,0.375,0.5262435674667358
thaichar72_r18_64_gen_v3labels,rot90_ccw,ค,็,False,0.875,0.6202260255813599
thaichar72_r18_64_gen_v3labels,rot90_ccw,ง,ั,False,0.5,0.2688819169998169
thaichar72_r18_64_gen_v3labels,rot90_ccw,จ,็,False,0.875,0.44139373302459717
thaichar72_r18_64_gen_v3labels,rot90_ccw,ฉ,ึ,False,0.375,0.25269678235054016
thaichar72_r18_64_gen_v3labels,rot90_ccw,ช,ร,False,0.5,0.4641239047050476
thaichar72_r18_64_gen_v3labels,rot90_ccw,ซ,ร,False,0.875,0.4458828866481781
thaichar72_r18_64_gen_v3labels,rot90_ccw,ญ,๘,False,0.5,0.4262390434741974
thaichar72_r18_64_gen_v3labels,rot90_ccw,ฏ,็,False,1.0,0.9104666113853455
thaichar72_r18_64_gen_v3labels,rot90_ccw,ฐ,็,False,0.75,0.30276763439178467
thaichar72_r18_64_gen_v3labels,rot90_ccw,ฒ,ส,False,0.625,0.16335836052894592
thaichar72_r18_64_gen_v3labels,rot90_ccw,ณ,ส,False,0.5,0.2989025413990021
thaichar72_r18_64_gen_v3labels,rot90_ccw,ด,็,False,0.375,0.36837732791900635
thaichar72_r18_64_gen_v3labels,rot90_ccw,ต,ร,False,0.25,0.24613237380981445
thaichar72_r18_64_gen_v3labels,rot90_ccw,ถ,็,False,1.0,0.8071474432945251
thaichar72_r18_64_gen_v3labels,rot90_ccw,ท,ร,False,1.0,0.5394877195358276
thaichar72_r18_64_gen_v3labels,rot90_ccw,ธ,ร,False,0.5,0.4295819401741028
thaichar72_r18_64_gen_v3labels,rot90_ccw,น,ร,False,0.375,0.2969724237918854
thaichar72_r18_64_gen_v3labels,rot90_ccw,บ,ว,False,0.75,0.3455352187156677
thaichar72_r18_64_gen_v3labels,rot90_ccw,ป,ว,False,0.875,0.5796071887016296
thaichar72_r18_64_gen_v3labels,rot90_ccw,ผ,๙,False,0.375,0.2543998062610626
thaichar72_r18_64_gen_v3labels,rot90_ccw,ฝ,ร,False,0.5,0.3508760333061218
thaichar72_r18_64_gen_v3labels,rot90_ccw,พ,ร,False,0.875,0.5406575798988342
thaichar72_r18_64_gen_v3labels,rot90_ccw,ฟ,ร,False,0.875,0.6940642595291138
thaichar72_r18_64_gen_v3labels,rot90_ccw,ภ,็,False,0.875,0.7370343804359436
thaichar72_r18_64_gen_v3labels,rot90_ccw,ม,็,False,0.5,0.40443071722984314
thaichar72_r18_64_gen_v3labels,rot90_ccw,ย,ว,False,0.25,0.23705294728279114
thaichar72_r18_64_gen_v3labels,rot90_ccw,ร,็,False,0.5,0.2713119089603424
thaichar72_r18_64_gen_v3labels,rot90_ccw,ฤ,็,False,1.0,0.7676723003387451
thaichar72_r18_64_gen_v3labels,rot90_ccw,ล,็,False,1.0,0.4601384997367859
thaichar72_r18_64_gen_v3labels,rot90_ccw,ว,์,False,0.875,0.3102673590183258
thaichar72_r18_64_gen_v3labels,rot90_ccw,ศ,็,False,0.375,0.22212274372577667
thaichar72_r18_64_gen_v3labels,rot90_ccw,ษ,ื,False,0.5,0.46400588750839233
thaichar72_r18_64_gen_v3labels,rot90_ccw,ส,็,False,0.375,0.21093247830867767
thaichar72_r18_64_gen_v3labels,rot90_ccw,ห,ร,False,1.0,0.6767947673797607
thaichar72_r18_64_gen_v3labels,rot90_ccw,ฬ,ร,False,1.0,0.24521459639072418
thaichar72_r18_64_gen_v3labels,rot90_ccw,อ,๑,False,0.5,0.46707576513290405
thaichar72_r18_64_gen_v3labels,rot90_ccw,ฮ,๐,False,0.5,0.28202518820762634
thaichar72_r18_64_gen_v3labels,rot90_ccw,ฯ,ร,False,0.5,0.662268877029419
thaichar72_r18_64_gen_v3labels,rot90_ccw,ั,อ,False,0.75,0.7072893977165222
thaichar72_r18_64_gen_v3labels,rot90_ccw,า,์,False,1.0,0.7077454924583435
thaichar72_r18_64_gen_v3labels,rot90_ccw,ิ,อ,False,0.375,0.24910664558410645
thaichar72_r18_64_gen_v3labels,rot90_ccw,ี,ซ,False,0.25,0.47284072637557983
thaichar72_r18_64_gen_v3labels,rot90_ccw,ึ,ข,False,0.6666666666666666,0.22394518554210663
thaichar72_r18_64_gen_v3labels,rot90_ccw,ื,ข,False,0.5,0.3565090298652649
thaichar72_r18_64_gen_v3labels,rot90_ccw,ุ,์,False,1.0,0.9012386798858643
thaichar72_r18_64_gen_v3labels,rot90_ccw,ู,ล,False,0.75,0.6893965005874634
thaichar72_r18_64_gen_v3labels,rot90_ccw,เ,ี,False,1.0,0.7185521721839905
thaichar72_r18_64_gen_v3labels,rot90_ccw,แ,็,False,0.5,0.4438507556915283
thaichar72_r18_64_gen_v3labels,rot90_ccw,โ,ี,False,0.875,0.4966854751110077
thaichar72_r18_64_gen_v3labels,rot90_ccw,ใ,ี,False,0.75,0.6903499960899353
thaichar72_r18_64_gen_v3labels,rot90_ccw,ไ,ี,False,0.5,0.7864173054695129
thaichar72_r18_64_gen_v3labels,rot90_ccw,ๅ,์,False,0.625,0.7437109351158142
thaichar72_r18_64_gen_v3labels,rot90_ccw,ๆ,์,False,1.0,0.7487983703613281
thaichar72_r18_64_gen_v3labels,rot90_ccw,็,ง,False,0.5,0.41533809900283813
thaichar72_r18_64_gen_v3labels,rot90_ccw,่,ิ,False,0.5714285714285714,0.7323797941207886
thaichar72_r18_64_gen_v3labels,rot90_ccw,้,ล,False,0.5,0.6306288838386536
thaichar72_r18_64_gen_v3labels,rot90_ccw,๊,อ,False,1.0,0.7060050964355469
thaichar72_r18_64_gen_v3labels,rot90_ccw,์,๖,False,0.375,0.23916378617286682
thaichar72_r18_64_gen_v3labels,rot90_ccw,๐,๐,True,1.0,0.8692486882209778
thaichar72_r18_64_gen_v3labels,rot90_ccw,๑,๑,True,0.875,0.8506122827529907
thaichar72_r18_64_gen_v3labels,rot90_ccw,๒,อ,False,1.0,0.8866314888000488
thaichar72_r18_64_gen_v3labels,rot90_ccw,๓,อ,False,0.8,0.28857889771461487
thaichar72_r18_64_gen_v3labels,rot90_ccw,๔,ษ,False,1.0,0.8706085085868835
thaichar72_r18_64_gen_v3labels,rot90_ccw,๕,ข,False,1.0,0.22972850501537323
thaichar72_r18_64_gen_v3labels,rot90_ccw,๖,ว,False,0.5,0.48608648777008057
thaichar72_r18_64_gen_v3labels,rot90_ccw,๗,อ,False,1.0,0.5683778524398804
thaichar72_r18_64_gen_v3labels,rot90_ccw,๘,ข,False,0.4,0.3762400150299072
thaichar72_r18_64_gen_v3labels,rot90_ccw,๙,บ,False,0.6666666666666666,0.16962695121765137
thaichar72_resnet18_64,rot90_ccw,ก,็,False,0.75,0.5281009078025818
thaichar72_resnet18_64,rot90_ccw,ข,ร,False,0.625,0.630946159362793
thaichar72_resnet18_64,rot90_ccw,ค,็,False,0.875,0.6398956775665283
thaichar72_resnet18_64,rot90_ccw,ง,ซ,False,0.375,0.1807931512594223
thaichar72_resnet18_64,rot90_ccw,จ,็,False,0.875,0.3963954448699951
thaichar72_resnet18_64,rot90_ccw,ฉ,็,False,0.875,0.25759267807006836
thaichar72_resnet18_64,rot90_ccw,ช,ล,False,0.5,0.34470945596694946
thaichar72_resnet18_64,rot90_ccw,ซ,ล,False,0.5,0.27972978353500366
thaichar72_resnet18_64,rot90_ccw,ญ,ธ,False,0.5,0.2892690896987915
thaichar72_resnet18_64,rot90_ccw,ฏ,็,False,0.6666666666666666,0.4927302300930023
thaichar72_resnet18_64,rot90_ccw,ฐ,็,False,0.75,0.22813495993614197
thaichar72_resnet18_64,rot90_ccw,ฒ,ฐ,False,0.75,0.47372210025787354
thaichar72_resnet18_64,rot90_ccw,ณ,ล,False,0.375,0.28266283869743347
thaichar72_resnet18_64,rot90_ccw,ด,็,False,0.5,0.3714858889579773
thaichar72_resnet18_64,rot90_ccw,ต,ฐ,False,0.25,0.2774645984172821
thaichar72_resnet18_64,rot90_ccw,ถ,็,False,1.0,0.7047853469848633
thaichar72_resnet18_64,rot90_ccw,ท,ร,False,0.375,0.23112346231937408
thaichar72_resnet18_64,rot90_ccw,ธ,ค,False,0.75,0.2572823464870453
thaichar72_resnet18_64,rot90_ccw,น,ร,False,0.875,0.3863532543182373
thaichar72_resnet18_64,rot90_ccw,บ,ล,False,0.625,0.45435023307800293
thaichar72_resnet18_64,rot90_ccw,ป,ร,False,0.375,0.3696778416633606
thaichar72_resnet18_64,rot90_ccw,ผ,ร,False,0.625,0.30600154399871826
thaichar72_resnet18_64,rot90_ccw,ฝ,ร,False,0.75,0.44766801595687866
thaichar72_resnet18_64,rot90_ccw,พ,ธ,False,0.5,0.238822340965271
thaichar72_resnet18_64,rot90_ccw,ฟ,ร,False,0.875,0.7343406677246094
thaichar72_resnet18_64,rot90_ccw,ภ,็,False,0.75,0.5416035652160645
thaichar72_resnet18_64,rot90_ccw,ม,ร,False,0.5,0.32875773310661316
thaichar72_resnet18_64,rot90_ccw,ย,ิ,False,0.375,0.43403929471969604
thaichar72_resnet18_64,rot90_ccw,ร,ท,False,0.625,0.17730048298835754
thaichar72_resnet18_64,rot90_ccw,ฤ,็,False,1.0,0.691103994846344
thaichar72_resnet18_64,rot90_ccw,ล,็,False,0.875,0.4927099943161011
thaichar72_resnet18_64,rot90_ccw,ว,์,False,1.0,0.4116239547729492
thaichar72_resnet18_64,rot90_ccw,ศ,็,False,0.5,0.22641411423683167
thaichar72_resnet18_64,rot90_ccw,ษ,ล,False,0.75,0.3946991562843323
thaichar72_resnet18_64,rot90_ccw,ส,็,False,0.375,0.24253787100315094
thaichar72_resnet18_64,rot90_ccw,ห,ร,False,0.875,0.3736034035682678
thaichar72_resnet18_64,rot90_ccw,ฬ,ร,False,1.0,0.37475165724754333
thaichar72_resnet18_64,rot90_ccw,อ,๑,False,1.0,0.38715559244155884
thaichar72_resnet18_64,rot90_ccw,ฮ,๑,False,1.0,0.5802923440933228
thaichar72_resnet18_64,rot90_ccw,ฯ,ร,False,1.0,0.5153149366378784
thaichar72_resnet18_64,rot90_ccw,ั,ว,False,0.375,0.6593379974365234
thaichar72_resnet18_64,rot90_ccw,า,์,False,0.875,0.6233984231948853
thaichar72_resnet18_64,rot90_ccw,ิ,ล,False,0.5,0.606312096118927
thaichar72_resnet18_64,rot90_ccw,ี,ซ,False,0.25,0.5510413646697998
thaichar72_resnet18_64,rot90_ccw,ึ,ซ,False,0.6666666666666666,0.40150323510169983
thaichar72_resnet18_64,rot90_ccw,ื,ฐ,False,0.375,0.5072458982467651
thaichar72_resnet18_64,rot90_ccw,ุ,์,False,1.0,0.8701634407043457
thaichar72_resnet18_64,rot90_ccw,ู,ล,False,0.625,0.5904498100280762
thaichar72_resnet18_64,rot90_ccw,เ,ึ,False,0.625,0.3358003497123718
thaichar72_resnet18_64,rot90_ccw,แ,็,False,1.0,0.2841547131538391
thaichar72_resnet18_64,rot90_ccw,โ,ั,False,0.625,0.32916563749313354
thaichar72_resnet18_64,rot90_ccw,ใ,์,False,0.625,0.3470649719238281
thaichar72_resnet18_64,rot90_ccw,ไ,ิ,False,0.625,0.5679660439491272
thaichar72_resnet18_64,rot90_ccw,ๅ,ิ,False,0.625,0.56737220287323
thaichar72_resnet18_64,rot90_ccw,ๆ,์,False,0.625,0.5230787992477417
thaichar72_resnet18_64,rot90_ccw,็,ษ,False,0.375,0.5171246528625488
thaichar72_resnet18_64,rot90_ccw,่,ิ,False,0.5714285714285714,0.7226853370666504
thaichar72_resnet18_64,rot90_ccw,้,ว,False,0.75,0.5501326322555542
thaichar72_resnet18_64,rot90_ccw,๊,อ,False,0.625,0.38027581572532654
thaichar72_resnet18_64,rot90_ccw,์,ั,False,0.5,0.298330157995224
thaichar72_resnet18_64,rot90_ccw,๐,๐,True,1.0,0.8339253664016724
thaichar72_resnet18_64,rot90_ccw,๑,๑,True,0.875,0.5457113981246948
thaichar72_resnet18_64,rot90_ccw,๒,อ,False,0.875,0.8228152394294739
thaichar72_resnet18_64,rot90_ccw,๓,อ,False,0.6,0.19535712897777557
thaichar72_resnet18_64,rot90_ccw,๔,ษ,False,1.0,0.7087404131889343
thaichar72_resnet18_64,rot90_ccw,๕,ซ,False,0.6666666666666666,0.29747095704078674
thaichar72_resnet18_64,rot90_ccw,๖,อ,False,0.5,0.2220047414302826
thaichar72_resnet18_64,rot90_ccw,๗,อ,False,1.0,0.8054634928703308
thaichar72_resnet18_64,rot90_ccw,๘,ข,False,0.6,0.4750800132751465
thaichar72_resnet18_64,rot90_ccw,๙,ซ,False,0.3333333333333333,0.10976182669401169
thaichar72_resnet18_64_v1labels,rot90_ccw,ก,็,False,0.875,0.6381934881210327
thaichar72_resnet18_64_v1labels,rot90_ccw,ข,า,False,0.5,0.4293873608112335
thaichar72_resnet18_64_v1labels,rot90_ccw,ค,็,False,0.75,0.617184042930603
thaichar72_resnet18_64_v1labels,rot90_ccw,ง,า,False,1.0,0.6511121988296509
thaichar72_resnet18_64_v1labels,rot90_ccw,จ,็,False,0.75,0.5015944242477417
thaichar72_resnet18_64_v1labels,rot90_ccw,ฉ,็,False,0.875,0.35250324010849
thaichar72_resnet18_64_v1labels,rot90_ccw,ช,ค,False,0.375,0.3636878728866577
thaichar72_resnet18_64_v1labels,rot90_ccw,ซ,า,False,0.75,0.30599021911621094
thaichar72_resnet18_64_v1labels,rot90_ccw,ญ,็,False,0.75,0.33982738852500916
thaichar72_resnet18_64_v1labels,rot90_ccw,ฏ,็,False,1.0,0.7644578814506531
thaichar72_resnet18_64_v1labels,rot90_ccw,ฐ,็,False,0.625,0.20156443119049072
thaichar72_resnet18_64_v1labels,rot90_ccw,ฒ,า,False,0.75,0.3387521803379059
thaichar72_resnet18_64_v1labels,rot90_ccw,ณ,็,False,0.25,0.2504673898220062
thaichar72_resnet18_64_v1labels,rot90_ccw,ด,า,False,0.625,0.4971826374530792
thaichar72_resnet18_64_v1labels,rot90_ccw,ต,า,False,0.75,0.35329896211624146
thaichar72_resnet18_64_v1labels,rot90_ccw,ถ,็,False,1.0,0.6988002061843872
thaichar72_resnet18_64_v1labels,rot90_ccw,ท,ร,False,0.875,0.3827816843986511
thaichar72_resnet18_64_v1labels,rot90_ccw,ธ,ิ,False,0.5,0.356706440448761
thaichar72_resnet18_64_v1labels,rot90_ccw,น,า,False,0.625,0.4268330931663513
thaichar72_resnet18_64_v1labels,rot90_ccw,บ,า,False,0.875,0.45504215359687805
thaichar72_resnet18_64_v1labels,rot90_ccw,ป,า,False,1.0,0.6578651666641235
thaichar72_resnet18_64_v1labels,rot90_ccw,ผ,๙,False,0.375,0.2921375632286072
thaichar72_resnet18_64_v1labels,rot90_ccw,ฝ,ร,False,0.625,0.3775213956832886
thaichar72_resnet18_64_v1labels,rot90_ccw,พ,ร,False,0.5,0.4031141996383667
thaichar72_resnet18_64_v1labels,rot90_ccw,ฟ,ร,False,1.0,0.7698997259140015
thaichar72_resnet18_64_v1labels,rot90_ccw,ภ,็,False,0.875,0.5856045484542847
thaichar72_resnet18_64_v1labels,rot90_ccw,ม,็,False,0.625,0.5632191896438599
thaichar72_resnet18_64_v1labels,rot90_ccw,ย,า,False,0.875,0.6311132311820984
thaichar72_resnet18_64_v1labels,rot90_ccw,ร,า,False,0.875,0.6959109902381897
thaichar72_resnet18_64_v1labels,rot90_ccw,ฤ,็,False,1.0,0.7831349968910217
thaichar72_resnet18_64_v1labels,rot90_ccw,ล,็,False,1.0,0.41435256600379944
thaichar72_resnet18_64_v1labels,rot90_ccw,ว,า,False,1.0,0.5862321853637695
thaichar72_resnet18_64_v1labels,rot90_ccw,ศ,า,False,0.5,0.357302725315094
thaichar72_resnet18_64_v1labels,rot90_ccw,ษ,า,False,0.625,0.42469221353530884
thaichar72_resnet18_64_v1labels,rot90_ccw,ส,็,False,0.875,0.34375545382499695
thaichar72_resnet18_64_v1labels,rot90_ccw,ห,ร,False,1.0,0.5015544891357422
thaichar72_resnet18_64_v1labels,rot90_ccw,ฬ,ร,False,1.0,0.6377888321876526
thaichar72_resnet18_64_v1labels,rot90_ccw,อ,๑,False,0.5,0.3676775395870209
thaichar72_resnet18_64_v1labels,rot90_ccw,ฮ,า,False,1.0,0.8809398412704468
thaichar72_resnet18_64_v1labels,rot90_ccw,ฯ,ร,False,1.0,0.6202929019927979
thaichar72_resnet18_64_v1labels,rot90_ccw,ั,ล,False,0.25,0.6813326478004456
thaichar72_resnet18_64_v1labels,rot90_ccw,า,์,False,0.5,0.4399068057537079
thaichar72_resnet18_64_v1labels,rot90_ccw,ิ,ส,False,0.375,0.34335023164749146
thaichar72_resnet18_64_v1labels,rot90_ccw,ี,ซ,False,0.25,0.5900337100028992
thaichar72_resnet18_64_v1labels,rot90_ccw,ึ,า,False,0.6666666666666666,0.2534031867980957
thaichar72_resnet18_64_v1labels,rot90_ccw,ื,ซ,False,0.375,0.46720677614212036
thaichar72_resnet18_64_v1labels,rot90_ccw,ุ,์,False,0.875,0.8306183815002441
thaichar72_resnet18_64_v1labels,rot90_ccw,ู,า,False,0.5,0.4727969467639923
thaichar72_resnet18_64_v1labels,rot90_ccw,เ,ึ,False,0.5,0.4463958144187927
thaichar72_resnet18_64_v1labels,rot90_ccw,แ,็,False,1.0,0.3859020471572876
thaichar72_resnet18_64_v1labels,rot90_ccw,โ,ี,False,0.5,0.20663020014762878
thaichar72_resnet18_64_v1labels,rot90_ccw,ใ,า,False,0.625,0.2715539038181305
thaichar72_resnet18_64_v1labels,rot90_ccw,ไ,ิ,False,0.625,0.44380903244018555
thaichar72_resnet18_64_v1labels,rot90_ccw,ๅ,ิ,False,0.625,0.5057728290557861
thaichar72_resnet18_64_v1labels,rot90_ccw,ๆ,์,False,0.5,0.6066164374351501
thaichar72_resnet18_64_v1labels,rot90_ccw,็,ข,False,0.25,0.3682006895542145
thaichar72_resnet18_64_v1labels,rot90_ccw,่,ิ,False,0.5714285714285714,0.7184045910835266
thaichar72_resnet18_64_v1labels,rot90_ccw,้,ว,False,0.625,0.5314143300056458
thaichar72_resnet18_64_v1labels,rot90_ccw,๊,อ,False,0.875,0.5556687116622925
thaichar72_resnet18_64_v1labels,rot90_ccw,์,า,False,0.375,0.2638053297996521
thaichar72_resnet18_64_v1labels,rot90_ccw,๐,๐,True,1.0,0.8650546669960022
thaichar72_resnet18_64_v1labels,rot90_ccw,๑,๑,True,0.625,0.4892409145832062
thaichar72_resnet18_64_v1labels,rot90_ccw,๒,อ,False,1.0,0.778195858001709
thaichar72_resnet18_64_v1labels,rot90_ccw,๓,อ,False,1.0,0.3375367224216461
thaichar72_resnet18_64_v1labels,rot90_ccw,๔,ษ,False,1.0,0.7311014533042908
thaichar72_resnet18_64_v1labels,rot90_ccw,๕,ข,False,1.0,0.31165775656700134
thaichar72_resnet18_64_v1labels,rot90_ccw,๖,อ,False,0.5,0.573163628578186
thaichar72_resnet18_64_v1labels,rot90_ccw,๗,อ,False,1.0,0.6644075512886047
thaichar72_resnet18_64_v1labels,rot90_ccw,๘,ข,False,0.4,0.2951236665248871
thaichar72_resnet18_64_v1labels,rot90_ccw,๙,ญ,False,0.3333333333333333,0.2468196153640747
thaichar72_mnv3small_64_small,rot90_ccw,ก,็,False,1.0,0.6833701729774475
thaichar72_mnv3small_64_small,rot90_ccw,ข,ล,False,0.75,0.6470631957054138
thaichar72_mnv3small_64_small,rot90_ccw,ค,็,False,0.875,0.3678458631038666
thaichar72_mnv3small_64_small,rot90_ccw,ง,า,False,0.75,0.2223794311285019
thaichar72_mnv3small_64_small,rot90_ccw,จ,๑,False,0.875,0.27452415227890015
thaichar72_mnv3small_64_small,rot90_ccw,ฉ,็,False,1.0,0.6137481927871704
thaichar72_mnv3small_64_small,rot90_ccw,ช,ล,False,0.5,0.39993804693222046
thaichar72_mnv3small_64_small,rot90_ccw,ซ,ล,False,0.875,0.601927638053894
thaichar72_mnv3small_64_small,rot90_ccw,ญ,ล,False,0.375,0.3211028277873993
thaichar72_mnv3small_64_small,rot90_ccw,ฏ,็,False,0.6666666666666666,0.3849196434020996
thaichar72_mnv3small_64_small,rot90_ccw,ฐ,๑,False,0.625,0.39602428674697876
thaichar72_mnv3small_64_small,rot90_ccw,ฒ,ล,False,0.5,0.33720430731773376
thaichar72_mnv3small_64_small,rot90_ccw,ณ,ล,False,0.375,0.36037537455558777
thaichar72_mnv3small_64_small,rot90_ccw,ด,๑,False,0.625,0.32095736265182495
thaichar72_mnv3small_64_small,rot90_ccw,ต,็,False,0.5,0.3178887367248535
thaichar72_mnv3small_64_small,rot90_ccw,ถ,็,False,0.875,0.6314750909805298
thaichar72_mnv3small_64_small,rot90_ccw,ท,ม,False,0.25,0.164250910282135
thaichar72_mnv3small_64_small,rot90_ccw,ธ,ิ,False,1.0,0.5969581604003906
thaichar72_mnv3small_64_small,rot90_ccw,น,ี,False,0.375,0.18505577743053436
thaichar72_mnv3small_64_small,rot90_ccw,บ,ภ,False,0.5,0.38852548599243164
thaichar72_mnv3small_64_small,rot90_ccw,ป,็,False,0.375,0.28870099782943726
thaichar72_mnv3small_64_small,rot90_ccw,ผ,ส,False,0.5,0.3325713872909546
thaichar72_mnv3small_64_small,rot90_ccw,ฝ,ร,False,0.375,0.3962556719779968
thaichar72_mnv3small_64_small,rot90_ccw,พ,ส,False,0.625,0.3795230984687805
thaichar72_mnv3small_64_small,rot90_ccw,ฟ,ร,False,0.5,0.4127044677734375
thaichar72_mnv3small_64_small,rot90_ccw,ภ,็,False,0.625,0.4859594702720642
thaichar72_mnv3small_64_small,rot90_ccw,ม,ก,False,0.125,0.17780841886997223
thaichar72_mnv3small_64_small,rot90_ccw,ย,๓,False,0.625,0.36008673906326294
thaichar72_mnv3small_64_small,rot90_ccw,ร,์,False,0.375,0.2021772563457489
thaichar72_mnv3small_64_small,rot90_ccw,ฤ,็,False,0.6666666666666666,0.23470556735992432
thaichar72_mnv3small_64_small,rot90_ccw,ล,็,False,0.75,0.48439204692840576
thaichar72_mnv3small_64_small,rot90_ccw,ว,๓,False,0.625,0.25635087490081787
thaichar72_mnv3small_64_small,rot90_ccw,ศ,็,False,0.5,0.415340781211853
thaichar72_mnv3small_64_small,rot90_ccw,ษ,ภ,False,0.5,0.3589978814125061
thaichar72_mnv3small_64_small,rot90_ccw,ส,็,False,1.0,0.3942496180534363
thaichar72_mnv3small_64_small,rot90_ccw,ห,ล,False,0.25,0.2390286773443222
thaichar72_mnv3small_64_small,rot90_ccw,ฬ,ห,False,1.0,0.21228693425655365
thaichar72_mnv3small_64_small,rot90_ccw,อ,๑,False,0.875,0.535947322845459
thaichar72_mnv3small_64_small,rot90_ccw,ฮ,๑,False,1.0,0.6830406188964844
thaichar72_mnv3small_64_small,rot90_ccw,ฯ,ภ,False,0.5,0.4669143259525299
thaichar72_mnv3small_64_small,rot90_ccw,ั,ว,False,0.375,0.6119242906570435
thaichar72_mnv3small_64_small,rot90_ccw,า,์,False,0.625,0.5058956146240234
thaichar72_mnv3small_64_small,rot90_ccw,ิ,ล,False,0.375,0.40022698044776917
thaichar72_mnv3small_64_small,rot90_ccw,ี,ข,False,0.25,0.5154021382331848
thaichar72_mnv3small_64_small,rot90_ccw,ึ,ช,False,0.3333333333333333,0.35986748337745667
thaichar72_mnv3small_64_small,rot90_ccw,ื,ล,False,0.375,0.43385881185531616
thaichar72_mnv3small_64_small,rot90_ccw,ุ,์,False,1.0,0.8995798826217651
thaichar72_mnv3small_64_small,rot90_ccw,ู,ล,False,0.75,0.5968815088272095
thaichar72_mnv3small_64_small,rot90_ccw,เ,ั,False,0.875,0.5478736758232117
thaichar72_mnv3small_64_small,rot90_ccw,แ,็,False,0.5,0.3143826127052307
thaichar72_mnv3small_64_small,rot90_ccw,โ,์,False,0.875,0.5408692359924316
thaichar72_mnv3small_64_small,rot90_ccw,ใ,์,False,0.75,0.572425127029419
thaichar72_mnv3small_64_small,rot90_ccw,ไ,์,False,1.0,0.7113113403320312
thaichar72_mnv3small_64_small,rot90_ccw,ๅ,ี,False,0.75,0.6159896850585938
thaichar72_mnv3small_64_small,rot90_ccw,ๆ,์,False,0.625,0.6094372272491455
thaichar72_mnv3small_64_small,rot90_ccw,็,ง,False,0.375,0.440939337015152
thaichar72_mnv3small_64_small,rot90_ccw,่,ั,False,0.42857142857142855,0.6275970339775085
thaichar72_mnv3small_64_small,rot90_ccw,้,ว,False,0.625,0.58322674036026
thaichar72_mnv3small_64_small,rot90_ccw,๊,ล,False,1.0,0.509940505027771
thaichar72_mnv3small_64_small,rot90_ccw,์,น,False,0.25,0.27332448959350586
thaichar72_mnv3small_64_small,rot90_ccw,๐,๐,True,1.0,0.8809840679168701
thaichar72_mnv3small_64_small,rot90_ccw,๑,๑,True,0.875,0.7740146517753601
thaichar72_mnv3small_64_small,rot90_ccw,๒,อ,False,1.0,0.7838877439498901
thaichar72_mnv3small_64_small,rot90_ccw,๓,ล,False,0.8,0.2634080648422241
thaichar72_mnv3small_64_small,rot90_ccw,๔,ษ,False,1.0,0.4868985116481781
thaichar72_mnv3small_64_small,rot90_ccw,๕,ข,False,0.3333333333333333,0.38136062026023865
thaichar72_mnv3small_64_small,rot90_ccw,๖,ิ,False,1.0,0.496990829706192
thaichar72_mnv3small_64_small,rot90_ccw,๗,อ,False,1.0,0.44334083795547485
thaichar72_mnv3small_64_small,rot90_ccw,๘,ข,False,0.6,0.36688071489334106
thaichar72_mnv3small_64_small,rot90_ccw,๙,น,False,0.6666666666666666,0.12394628673791885
