font,code,char,is_mark,is_upper_mark,in_cmap,blank,looks_notdef,ok
Anuphan[wght],161,ก,False,False,True,False,False,True
Anuphan[wght],162,ข,False,False,True,False,False,True
Anuphan[wght],163,ฃ,False,False,True,False,False,True
Anuphan[wght],164,ค,False,False,True,False,False,True
Anuphan[wght],167,ง,False,False,True,False,False,True
Anuphan[wght],168,จ,False,False,True,False,False,True
Anuphan[wght],169,ฉ,False,False,True,False,False,True
Anuphan[wght],170,ช,False,False,True,False,False,True
Anuphan[wght],171,ซ,False,False,True,False,False,True
Anuphan[wght],173,ญ,False,False,True,False,False,True
Anuphan[wght],175,ฏ,False,False,True,False,False,True
Anuphan[wght],176,ฐ,False,False,True,False,False,True
Anuphan[wght],177,ฑ,False,False,True,False,False,True
Anuphan[wght],178,ฒ,False,False,True,False,False,True
Anuphan[wght],179,ณ,False,False,True,False,False,True
Anuphan[wght],180,ด,False,False,True,False,False,True
Anuphan[wght],181,ต,False,False,True,False,False,True
Anuphan[wght],182,ถ,False,False,True,False,False,True
Anuphan[wght],183,ท,False,False,True,False,False,True
Anuphan[wght],184,ธ,False,False,True,False,False,True
Anuphan[wght],185,น,False,False,True,False,False,True
Anuphan[wght],186,บ,False,False,True,False,False,True
Anuphan[wght],187,ป,False,False,True,False,False,True
Anuphan[wght],188,ผ,False,False,True,False,False,True
Anuphan[wght],189,ฝ,False,False,True,False,False,True
Anuphan[wght],190,พ,False,False,True,False,False,True
Anuphan[wght],191,ฟ,False,False,True,False,False,True
Anuphan[wght],192,ภ,False,False,True,False,False,True
Anuphan[wght],193,ม,False,False,True,False,False,True
Anuphan[wght],194,ย,False,False,True,False,False,True
Anuphan[wght],195,ร,False,False,True,False,False,True
Anuphan[wght],196,ฤ,False,False,True,False,False,True
Anuphan[wght],197,ล,False,False,True,False,False,True
Anuphan[wght],199,ว,False,False,True,False,False,True
Anuphan[wght],200,ศ,False,False,True,False,False,True
Anuphan[wght],201,ษ,False,False,True,False,False,True
Anuphan[wght],202,ส,False,False,True,False,False,True
Anuphan[wght],203,ห,False,False,True,False,False,True
Anuphan[wght],204,ฬ,False,False,True,False,False,True
Anuphan[wght],205,อ,False,False,True,False,False,True
Anuphan[wght],206,ฮ,False,False,True,False,False,True
Anuphan[wght],207,ฯ,False,False,True,False,False,True
Anuphan[wght],209,ั,True,True,True,False,False,True
Anuphan[wght],210,า,False,False,True,False,False,True
Anuphan[wght],212,ิ,True,True,True,False,False,True
Anuphan[wght],213,ี,True,True,True,False,False,True
Anuphan[wght],214,ึ,True,True,True,False,False,True
Anuphan[wght],215,ื,True,True,True,False,False,True
Anuphan[wght],216,ุ,True,False,True,False,False,True
Anuphan[wght],217,ู,True,False,True,False,False,True
Anuphan[wght],224,เ,False,False,True,False,False,True
Anuphan[wght],225,แ,False,False,True,False,False,True
Anuphan[wght],226,โ,False,False,True,False,False,True
Anuphan[wght],227,ใ,False,False,True,False,False,True
Anuphan[wght],228,ไ,False,False,True,False,False,True
Anuphan[wght],229,ๅ,False,False,True,False,False,True
Anuphan[wght],230,ๆ,False,False,True,False,False,True
Anuphan[wght],231,็,True,True,True,False,False,True
Anuphan[wght],232,่,True,True,True,False,False,True
Anuphan[wght],233,้,True,True,True,False,False,True
Anuphan[wght],234,๊,True,True,True,False,False,True
Anuphan[wght],236,์,True,True,True,False,False,True
Anuphan[wght],240,๐,False,False,True,False,False,True
Anuphan[wght],241,๑,False,False,True,False,False,True
Anuphan[wght],242,๒,False,False,True,False,False,True
Anuphan[wght],243,๓,False,False,True,False,False,True
Anuphan[wght],244,๔,False,False,True,False,False,True
Anuphan[wght],245,๕,False,False,True,False,False,True
Anuphan[wght],246,๖,False,False,True,False,False,True
Anuphan[wght],247,๗,False,False,True,False,False,True
Anuphan[wght],248,๘,False,False,True,False,False,True
Anuphan[wght],249,๙,False,False,True,False,False,True
Athiti-Bold,161,ก,False,False,True,False,False,True
Athiti-Bold,162,ข,False,False,True,False,False,True
Athiti-Bold,163,ฃ,False,False,True,False,False,True
Athiti-Bold,164,ค,False,False,True,False,False,True
Athiti-Bold,167,ง,False,False,True,False,False,True
Athiti-Bold,168,จ,False,False,True,False,False,True
Athiti-Bold,169,ฉ,False,False,True,False,False,True
Athiti-Bold,170,ช,False,False,True,False,False,True
Athiti-Bold,171,ซ,False,False,True,False,False,True
Athiti-Bold,173,ญ,False,False,True,False,False,True
Athiti-Bold,175,ฏ,False,False,True,False,False,True
Athiti-Bold,176,ฐ,False,False,True,False,False,True
Athiti-Bold,177,ฑ,False,False,True,False,False,True
Athiti-Bold,178,ฒ,False,False,True,False,False,True
Athiti-Bold,179,ณ,False,False,True,False,False,True
Athiti-Bold,180,ด,False,False,True,False,False,True
Athiti-Bold,181,ต,False,False,True,False,False,True
Athiti-Bold,182,ถ,False,False,True,False,False,True
Athiti-Bold,183,ท,False,False,True,False,False,True
Athiti-Bold,184,ธ,False,False,True,False,False,True
Athiti-Bold,185,น,False,False,True,False,False,True
Athiti-Bold,186,บ,False,False,True,False,False,True
Athiti-Bold,187,ป,False,False,True,False,False,True
Athiti-Bold,188,ผ,False,False,True,False,False,True
Athiti-Bold,189,ฝ,False,False,True,False,False,True
Athiti-Bold,190,พ,False,False,True,False,False,True
Athiti-Bold,191,ฟ,False,False,True,False,False,True
Athiti-Bold,192,ภ,False,False,True,False,False,True
Athiti-Bold,193,ม,False,False,True,False,False,True
Athiti-Bold,194,ย,False,False,True,False,False,True
Athiti-Bold,195,ร,False,False,True,False,False,True
Athiti-Bold,196,ฤ,False,False,True,False,False,True
Athiti-Bold,197,ล,False,False,True,False,False,True
Athiti-Bold,199,ว,False,False,True,False,False,True
Athiti-Bold,200,ศ,False,False,True,False,False,True
Athiti-Bold,201,ษ,False,False,True,False,False,True
Athiti-Bold,202,ส,False,False,True,False,False,True
Athiti-Bold,203,ห,False,False,True,False,False,True
Athiti-Bold,204,ฬ,False,False,True,False,False,True
Athiti-Bold,205,อ,False,False,True,False,False,True
Athiti-Bold,206,ฮ,False,False,True,False,False,True
Athiti-Bold,207,ฯ,False,False,True,False,False,True
Athiti-Bold,209,ั,True,True,True,False,False,True
Athiti-Bold,210,า,False,False,True,False,False,True
Athiti-Bold,212,ิ,True,True,True,False,False,True
Athiti-Bold,213,ี,True,True,True,False,False,True
Athiti-Bold,214,ึ,True,True,True,False,False,True
Athiti-Bold,215,ื,True,True,True,False,False,True
Athiti-Bold,216,ุ,True,False,True,False,False,True
Athiti-Bold,217,ู,True,False,True,False,False,True
Athiti-Bold,224,เ,False,False,True,False,False,True
Athiti-Bold,225,แ,False,False,True,False,False,True
Athiti-Bold,226,โ,False,False,True,False,False,True
Athiti-Bold,227,ใ,False,False,True,False,False,True
Athiti-Bold,228,ไ,False,False,True,False,False,True
Athiti-Bold,229,ๅ,False,False,True,False,False,True
Athiti-Bold,230,ๆ,False,False,True,False,False,True
Athiti-Bold,231,็,True,True,True,False,False,True
Athiti-Bold,232,่,True,True,True,False,False,True
Athiti-Bold,233,้,True,True,True,False,False,True
Athiti-Bold,234,๊,True,True,True,False,False,True
Athiti-Bold,236,์,True,True,True,False,False,True
Athiti-Bold,240,๐,False,False,True,False,False,True
Athiti-Bold,241,๑,False,False,True,False,False,True
Athiti-Bold,242,๒,False,False,True,False,False,True
Athiti-Bold,243,๓,False,False,True,False,False,True
Athiti-Bold,244,๔,False,False,True,False,False,True
Athiti-Bold,245,๕,False,False,True,False,False,True
Athiti-Bold,246,๖,False,False,True,False,False,True
Athiti-Bold,247,๗,False,False,True,False,False,True
Athiti-Bold,248,๘,False,False,True,False,False,True
Athiti-Bold,249,๙,False,False,True,False,False,True
Athiti-ExtraLight,161,ก,False,False,True,False,False,True
Athiti-ExtraLight,162,ข,False,False,True,False,False,True
Athiti-ExtraLight,163,ฃ,False,False,True,False,False,True
Athiti-ExtraLight,164,ค,False,False,True,False,False,True
Athiti-ExtraLight,167,ง,False,False,True,False,False,True
Athiti-ExtraLight,168,จ,False,False,True,False,False,True
Athiti-ExtraLight,169,ฉ,False,False,True,False,False,True
Athiti-ExtraLight,170,ช,False,False,True,False,False,True
Athiti-ExtraLight,171,ซ,False,False,True,False,False,True
Athiti-ExtraLight,173,ญ,False,False,True,False,False,True
Athiti-ExtraLight,175,ฏ,False,False,True,False,False,True
Athiti-ExtraLight,176,ฐ,False,False,True,False,False,True
Athiti-ExtraLight,177,ฑ,False,False,True,False,False,True
Athiti-ExtraLight,178,ฒ,False,False,True,False,False,True
Athiti-ExtraLight,179,ณ,False,False,True,False,False,True
Athiti-ExtraLight,180,ด,False,False,True,False,False,True
Athiti-ExtraLight,181,ต,False,False,True,False,False,True
Athiti-ExtraLight,182,ถ,False,False,True,False,False,True
Athiti-ExtraLight,183,ท,False,False,True,False,False,True
Athiti-ExtraLight,184,ธ,False,False,True,False,False,True
Athiti-ExtraLight,185,น,False,False,True,False,False,True
Athiti-ExtraLight,186,บ,False,False,True,False,False,True
Athiti-ExtraLight,187,ป,False,False,True,False,False,True
Athiti-ExtraLight,188,ผ,False,False,True,False,False,True
Athiti-ExtraLight,189,ฝ,False,False,True,False,False,True
Athiti-ExtraLight,190,พ,False,False,True,False,False,True
Athiti-ExtraLight,191,ฟ,False,False,True,False,False,True
Athiti-ExtraLight,192,ภ,False,False,True,False,False,True
Athiti-ExtraLight,193,ม,False,False,True,False,False,True
Athiti-ExtraLight,194,ย,False,False,True,False,False,True
Athiti-ExtraLight,195,ร,False,False,True,False,False,True
Athiti-ExtraLight,196,ฤ,False,False,True,False,False,True
Athiti-ExtraLight,197,ล,False,False,True,False,False,True
Athiti-ExtraLight,199,ว,False,False,True,False,False,True
Athiti-ExtraLight,200,ศ,False,False,True,False,False,True
Athiti-ExtraLight,201,ษ,False,False,True,False,False,True
Athiti-ExtraLight,202,ส,False,False,True,False,False,True
Athiti-ExtraLight,203,ห,False,False,True,False,False,True
Athiti-ExtraLight,204,ฬ,False,False,True,False,False,True
Athiti-ExtraLight,205,อ,False,False,True,False,False,True
Athiti-ExtraLight,206,ฮ,False,False,True,False,False,True
Athiti-ExtraLight,207,ฯ,False,False,True,False,False,True
Athiti-ExtraLight,209,ั,True,True,True,False,False,True
Athiti-ExtraLight,210,า,False,False,True,False,False,True
Athiti-ExtraLight,212,ิ,True,True,True,False,False,True
Athiti-ExtraLight,213,ี,True,True,True,False,False,True
Athiti-ExtraLight,214,ึ,True,True,True,False,False,True
Athiti-ExtraLight,215,ื,True,True,True,False,False,True
Athiti-ExtraLight,216,ุ,True,False,True,False,False,True
Athiti-ExtraLight,217,ู,True,False,True,False,False,True
Athiti-ExtraLight,224,เ,False,False,True,False,False,True
Athiti-ExtraLight,225,แ,False,False,True,False,False,True
Athiti-ExtraLight,226,โ,False,False,True,False,False,True
Athiti-ExtraLight,227,ใ,False,False,True,False,False,True
Athiti-ExtraLight,228,ไ,False,False,True,False,False,True
Athiti-ExtraLight,229,ๅ,False,False,True,False,False,True
Athiti-ExtraLight,230,ๆ,False,False,True,False,False,True
Athiti-ExtraLight,231,็,True,True,True,False,False,True
Athiti-ExtraLight,232,่,True,True,True,False,False,True
Athiti-ExtraLight,233,้,True,True,True,False,False,True
Athiti-ExtraLight,234,๊,True,True,True,False,False,True
Athiti-ExtraLight,236,์,True,True,True,False,False,True
Athiti-ExtraLight,240,๐,False,False,True,False,False,True
Athiti-ExtraLight,241,๑,False,False,True,False,False,True
Athiti-ExtraLight,242,๒,False,False,True,False,False,True
Athiti-ExtraLight,243,๓,False,False,True,False,False,True
Athiti-ExtraLight,244,๔,False,False,True,False,False,True
Athiti-ExtraLight,245,๕,False,False,True,False,False,True
Athiti-ExtraLight,246,๖,False,False,True,False,False,True
Athiti-ExtraLight,247,๗,False,False,True,False,False,True
Athiti-ExtraLight,248,๘,False,False,True,False,False,True
Athiti-ExtraLight,249,๙,False,False,True,False,False,True
Athiti-Light,161,ก,False,False,True,False,False,True
Athiti-Light,162,ข,False,False,True,False,False,True
Athiti-Light,163,ฃ,False,False,True,False,False,True
Athiti-Light,164,ค,False,False,True,False,False,True
Athiti-Light,167,ง,False,False,True,False,False,True
Athiti-Light,168,จ,False,False,True,False,False,True
Athiti-Light,169,ฉ,False,False,True,False,False,True
Athiti-Light,170,ช,False,False,True,False,False,True
Athiti-Light,171,ซ,False,False,True,False,False,True
Athiti-Light,173,ญ,False,False,True,False,False,True
Athiti-Light,175,ฏ,False,False,True,False,False,True
Athiti-Light,176,ฐ,False,False,True,False,False,True
Athiti-Light,177,ฑ,False,False,True,False,False,True
Athiti-Light,178,ฒ,False,False,True,False,False,True
Athiti-Light,179,ณ,False,False,True,False,False,True
Athiti-Light,180,ด,False,False,True,False,False,True
Athiti-Light,181,ต,False,False,True,False,False,True
Athiti-Light,182,ถ,False,False,True,False,False,True
Athiti-Light,183,ท,False,False,True,False,False,True
Athiti-Light,184,ธ,False,False,True,False,False,True
Athiti-Light,185,น,False,False,True,False,False,True
Athiti-Light,186,บ,False,False,True,False,False,True
Athiti-Light,187,ป,False,False,True,False,False,True
Athiti-Light,188,ผ,False,False,True,False,False,True
Athiti-Light,189,ฝ,False,False,True,False,False,True
Athiti-Light,190,พ,False,False,True,False,False,True
Athiti-Light,191,ฟ,False,False,True,False,False,True
Athiti-Light,192,ภ,False,False,True,False,False,True
Athiti-Light,193,ม,False,False,True,False,False,True
Athiti-Light,194,ย,False,False,True,False,False,True
Athiti-Light,195,ร,False,False,True,False,False,True
Athiti-Light,196,ฤ,False,False,True,False,False,True
Athiti-Light,197,ล,False,False,True,False,False,True
Athiti-Light,199,ว,False,False,True,False,False,True
Athiti-Light,200,ศ,False,False,True,False,False,True
Athiti-Light,201,ษ,False,False,True,False,False,True
Athiti-Light,202,ส,False,False,True,False,False,True
Athiti-Light,203,ห,False,False,True,False,False,True
Athiti-Light,204,ฬ,False,False,True,False,False,True
Athiti-Light,205,อ,False,False,True,False,False,True
Athiti-Light,206,ฮ,False,False,True,False,False,True
Athiti-Light,207,ฯ,False,False,True,False,False,True
Athiti-Light,209,ั,True,True,True,False,False,True
Athiti-Light,210,า,False,False,True,False,False,True
Athiti-Light,212,ิ,True,True,True,False,False,True
Athiti-Light,213,ี,True,True,True,False,False,True
Athiti-Light,214,ึ,True,True,True,False,False,True
Athiti-Light,215,ื,True,True,True,False,False,True
Athiti-Light,216,ุ,True,False,True,False,False,True
Athiti-Light,217,ู,True,False,True,False,False,True
Athiti-Light,224,เ,False,False,True,False,False,True
Athiti-Light,225,แ,False,False,True,False,False,True
Athiti-Light,226,โ,False,False,True,False,False,True
Athiti-Light,227,ใ,False,False,True,False,False,True
Athiti-Light,228,ไ,False,False,True,False,False,True
Athiti-Light,229,ๅ,False,False,True,False,False,True
Athiti-Light,230,ๆ,False,False,True,False,False,True
Athiti-Light,231,็,True,True,True,False,False,True
Athiti-Light,232,่,True,True,True,False,False,True
Athiti-Light,233,้,True,True,True,False,False,True
Athiti-Light,234,๊,True,True,True,False,False,True
Athiti-Light,236,์,True,True,True,False,False,True
Athiti-Light,240,๐,False,False,True,False,False,True
Athiti-Light,241,๑,False,False,True,False,False,True
Athiti-Light,242,๒,False,False,True,False,False,True
Athiti-Light,243,๓,False,False,True,False,False,True
Athiti-Light,244,๔,False,False,True,False,False,True
Athiti-Light,245,๕,False,False,True,False,False,True
Athiti-Light,246,๖,False,False,True,False,False,True
Athiti-Light,247,๗,False,False,True,False,False,True
Athiti-Light,248,๘,False,False,True,False,False,True
Athiti-Light,249,๙,False,False,True,False,False,True
Athiti-Medium,161,ก,False,False,True,False,False,True
Athiti-Medium,162,ข,False,False,True,False,False,True
Athiti-Medium,163,ฃ,False,False,True,False,False,True
Athiti-Medium,164,ค,False,False,True,False,False,True
Athiti-Medium,167,ง,False,False,True,False,False,True
Athiti-Medium,168,จ,False,False,True,False,False,True
Athiti-Medium,169,ฉ,False,False,True,False,False,True
Athiti-Medium,170,ช,False,False,True,False,False,True
Athiti-Medium,171,ซ,False,False,True,False,False,True
Athiti-Medium,173,ญ,False,False,True,False,False,True
Athiti-Medium,175,ฏ,False,False,True,False,False,True
Athiti-Medium,176,ฐ,False,False,True,False,False,True
Athiti-Medium,177,ฑ,False,False,True,False,False,True
Athiti-Medium,178,ฒ,False,False,True,False,False,True
Athiti-Medium,179,ณ,False,False,True,False,False,True
Athiti-Medium,180,ด,False,False,True,False,False,True
Athiti-Medium,181,ต,False,False,True,False,False,True
Athiti-Medium,182,ถ,False,False,True,False,False,True
Athiti-Medium,183,ท,False,False,True,False,False,True
Athiti-Medium,184,ธ,False,False,True,False,False,True
Athiti-Medium,185,น,False,False,True,False,False,True
Athiti-Medium,186,บ,False,False,True,False,False,True
Athiti-Medium,187,ป,False,False,True,False,False,True
Athiti-Medium,188,ผ,False,False,True,False,False,True
Athiti-Medium,189,ฝ,False,False,True,False,False,True
Athiti-Medium,190,พ,False,False,True,False,False,True
Athiti-Medium,191,ฟ,False,False,True,False,False,True
Athiti-Medium,192,ภ,False,False,True,False,False,True
Athiti-Medium,193,ม,False,False,True,False,False,True
Athiti-Medium,194,ย,False,False,True,False,False,True
Athiti-Medium,195,ร,False,False,True,False,False,True
Athiti-Medium,196,ฤ,False,False,True,False,False,True
Athiti-Medium,197,ล,False,False,True,False,False,True
Athiti-Medium,199,ว,False,False,True,False,False,True
Athiti-Medium,200,ศ,False,False,True,False,False,True
Athiti-Medium,201,ษ,False,False,True,False,False,True
Athiti-Medium,202,ส,False,False,True,False,False,True
Athiti-Medium,203,ห,False,False,True,False,False,True
Athiti-Medium,204,ฬ,False,False,True,False,False,True
Athiti-Medium,205,อ,False,False,True,False,False,True
Athiti-Medium,206,ฮ,False,False,True,False,False,True
Athiti-Medium,207,ฯ,False,False,True,False,False,True
Athiti-Medium,209,ั,True,True,True,False,False,True
Athiti-Medium,210,า,False,False,True,False,False,True
Athiti-Medium,212,ิ,True,True,True,False,False,True
Athiti-Medium,213,ี,True,True,True,False,False,True
Athiti-Medium,214,ึ,True,True,True,False,False,True
Athiti-Medium,215,ื,True,True,True,False,False,True
Athiti-Medium,216,ุ,True,False,True,False,False,True
Athiti-Medium,217,ู,True,False,True,False,False,True
Athiti-Medium,224,เ,False,False,True,False,False,True
Athiti-Medium,225,แ,False,False,True,False,False,True
Athiti-Medium,226,โ,False,False,True,False,False,True
Athiti-Medium,227,ใ,False,False,True,False,False,True
Athiti-Medium,228,ไ,False,False,True,False,False,True
Athiti-Medium,229,ๅ,False,False,True,False,False,True
Athiti-Medium,230,ๆ,False,False,True,False,False,True
Athiti-Medium,231,็,True,True,True,False,False,True
Athiti-Medium,232,่,True,True,True,False,False,True
Athiti-Medium,233,้,True,True,True,False,False,True
Athiti-Medium,234,๊,True,True,True,False,False,True
Athiti-Medium,236,์,True,True,True,False,False,True
Athiti-Medium,240,๐,False,False,True,False,False,True
Athiti-Medium,241,๑,False,False,True,False,False,True
Athiti-Medium,242,๒,False,False,True,False,False,True
Athiti-Medium,243,๓,False,False,True,False,False,True
Athiti-Medium,244,๔,False,False,True,False,False,True
Athiti-Medium,245,๕,False,False,True,False,False,True
Athiti-Medium,246,๖,False,False,True,False,False,True
Athiti-Medium,247,๗,False,False,True,False,False,True
Athiti-Medium,248,๘,False,False,True,False,False,True
Athiti-Medium,249,๙,False,False,True,False,False,True
Athiti-Regular,161,ก,False,False,True,False,False,True
Athiti-Regular,162,ข,False,False,True,False,False,True
Athiti-Regular,163,ฃ,False,False,True,False,False,True
Athiti-Regular,164,ค,False,False,True,False,False,True
Athiti-Regular,167,ง,False,False,True,False,False,True
Athiti-Regular,168,จ,False,False,True,False,False,True
Athiti-Regular,169,ฉ,False,False,True,False,False,True
Athiti-Regular,170,ช,False,False,True,False,False,True
Athiti-Regular,171,ซ,False,False,True,False,False,True
Athiti-Regular,173,ญ,False,False,True,False,False,True
Athiti-Regular,175,ฏ,False,False,True,False,False,True
Athiti-Regular,176,ฐ,False,False,True,False,False,True
Athiti-Regular,177,ฑ,False,False,True,False,False,True
Athiti-Regular,178,ฒ,False,False,True,False,False,True
Athiti-Regular,179,ณ,False,False,True,False,False,True
Athiti-Regular,180,ด,False,False,True,False,False,True
Athiti-Regular,181,ต,False,False,True,False,False,True
Athiti-Regular,182,ถ,False,False,True,False,False,True
Athiti-Regular,183,ท,False,False,True,False,False,True
Athiti-Regular,184,ธ,False,False,True,False,False,True
Athiti-Regular,185,น,False,False,True,False,False,True
Athiti-Regular,186,บ,False,False,True,False,False,True
Athiti-Regular,187,ป,False,False,True,False,False,True
Athiti-Regular,188,ผ,False,False,True,False,False,True
Athiti-Regular,189,ฝ,False,False,True,False,False,True
Athiti-Regular,190,พ,False,False,True,False,False,True
Athiti-Regular,191,ฟ,False,False,True,False,False,True
Athiti-Regular,192,ภ,False,False,True,False,False,True
Athiti-Regular,193,ม,False,False,True,False,False,True
Athiti-Regular,194,ย,False,False,True,False,False,True
Athiti-Regular,195,ร,False,False,True,False,False,True
Athiti-Regular,196,ฤ,False,False,True,False,False,True
Athiti-Regular,197,ล,False,False,True,False,False,True
Athiti-Regular,199,ว,False,False,True,False,False,True
Athiti-Regular,200,ศ,False,False,True,False,False,True
Athiti-Regular,201,ษ,False,False,True,False,False,True
Athiti-Regular,202,ส,False,False,True,False,False,True
Athiti-Regular,203,ห,False,False,True,False,False,True
Athiti-Regular,204,ฬ,False,False,True,False,False,True
Athiti-Regular,205,อ,False,False,True,False,False,True
Athiti-Regular,206,ฮ,False,False,True,False,False,True
Athiti-Regular,207,ฯ,False,False,True,False,False,True
Athiti-Regular,209,ั,True,True,True,False,False,True
Athiti-Regular,210,า,False,False,True,False,False,True
Athiti-Regular,212,ิ,True,True,True,False,False,True
Athiti-Regular,213,ี,True,True,True,False,False,True
Athiti-Regular,214,ึ,True,True,True,False,False,True
Athiti-Regular,215,ื,True,True,True,False,False,True
Athiti-Regular,216,ุ,True,False,True,False,False,True
Athiti-Regular,217,ู,True,False,True,False,False,True
Athiti-Regular,224,เ,False,False,True,False,False,True
Athiti-Regular,225,แ,False,False,True,False,False,True
Athiti-Regular,226,โ,False,False,True,False,False,True
Athiti-Regular,227,ใ,False,False,True,False,False,True
Athiti-Regular,228,ไ,False,False,True,False,False,True
Athiti-Regular,229,ๅ,False,False,True,False,False,True
Athiti-Regular,230,ๆ,False,False,True,False,False,True
Athiti-Regular,231,็,True,True,True,False,False,True
Athiti-Regular,232,่,True,True,True,False,False,True
Athiti-Regular,233,้,True,True,True,False,False,True
Athiti-Regular,234,๊,True,True,True,False,False,True
Athiti-Regular,236,์,True,True,True,False,False,True
Athiti-Regular,240,๐,False,False,True,False,False,True
Athiti-Regular,241,๑,False,False,True,False,False,True
Athiti-Regular,242,๒,False,False,True,False,False,True
Athiti-Regular,243,๓,False,False,True,False,False,True
Athiti-Regular,244,๔,False,False,True,False,False,True
Athiti-Regular,245,๕,False,False,True,False,False,True
Athiti-Regular,246,๖,False,False,True,False,False,True
Athiti-Regular,247,๗,False,False,True,False,False,True
Athiti-Regular,248,๘,False,False,True,False,False,True
Athiti-Regular,249,๙,False,False,True,False,False,True
Athiti-SemiBold,161,ก,False,False,True,False,False,True
Athiti-SemiBold,162,ข,False,False,True,False,False,True
Athiti-SemiBold,163,ฃ,False,False,True,False,False,True
Athiti-SemiBold,164,ค,False,False,True,False,False,True
Athiti-SemiBold,167,ง,False,False,True,False,False,True
Athiti-SemiBold,168,จ,False,False,True,False,False,True
Athiti-SemiBold,169,ฉ,False,False,True,False,False,True
Athiti-SemiBold,170,ช,False,False,True,False,False,True
Athiti-SemiBold,171,ซ,False,False,True,False,False,True
Athiti-SemiBold,173,ญ,False,False,True,False,False,True
Athiti-SemiBold,175,ฏ,False,False,True,False,False,True
Athiti-SemiBold,176,ฐ,False,False,True,False,False,True
Athiti-SemiBold,177,ฑ,False,False,True,False,False,True
Athiti-SemiBold,178,ฒ,False,False,True,False,False,True
Athiti-SemiBold,179,ณ,False,False,True,False,False,True
Athiti-SemiBold,180,ด,False,False,True,False,False,True
Athiti-SemiBold,181,ต,False,False,True,False,False,True
Athiti-SemiBold,182,ถ,False,False,True,False,False,True
Athiti-SemiBold,183,ท,False,False,True,False,False,True
Athiti-SemiBold,184,ธ,False,False,True,False,False,True
Athiti-SemiBold,185,น,False,False,True,False,False,True
Athiti-SemiBold,186,บ,False,False,True,False,False,True
Athiti-SemiBold,187,ป,False,False,True,False,False,True
Athiti-SemiBold,188,ผ,False,False,True,False,False,True
Athiti-SemiBold,189,ฝ,False,False,True,False,False,True
Athiti-SemiBold,190,พ,False,False,True,False,False,True
Athiti-SemiBold,191,ฟ,False,False,True,False,False,True
Athiti-SemiBold,192,ภ,False,False,True,False,False,True
Athiti-SemiBold,193,ม,False,False,True,False,False,True
Athiti-SemiBold,194,ย,False,False,True,False,False,True
Athiti-SemiBold,195,ร,False,False,True,False,False,True
Athiti-SemiBold,196,ฤ,False,False,True,False,False,True
Athiti-SemiBold,197,ล,False,False,True,False,False,True
Athiti-SemiBold,199,ว,False,False,True,False,False,True
Athiti-SemiBold,200,ศ,False,False,True,False,False,True
Athiti-SemiBold,201,ษ,False,False,True,False,False,True
Athiti-SemiBold,202,ส,False,False,True,False,False,True
Athiti-SemiBold,203,ห,False,False,True,False,False,True
Athiti-SemiBold,204,ฬ,False,False,True,False,False,True
Athiti-SemiBold,205,อ,False,False,True,False,False,True
Athiti-SemiBold,206,ฮ,False,False,True,False,False,True
Athiti-SemiBold,207,ฯ,False,False,True,False,False,True
Athiti-SemiBold,209,ั,True,True,True,False,False,True
Athiti-SemiBold,210,า,False,False,True,False,False,True
Athiti-SemiBold,212,ิ,True,True,True,False,False,True
Athiti-SemiBold,213,ี,True,True,True,False,False,True
Athiti-SemiBold,214,ึ,True,True,True,False,False,True
Athiti-SemiBold,215,ื,True,True,True,False,False,True
Athiti-SemiBold,216,ุ,True,False,True,False,False,True
Athiti-SemiBold,217,ู,True,False,True,False,False,True
Athiti-SemiBold,224,เ,False,False,True,False,False,True
Athiti-SemiBold,225,แ,False,False,True,False,False,True
Athiti-SemiBold,226,โ,False,False,True,False,False,True
Athiti-SemiBold,227,ใ,False,False,True,False,False,True
Athiti-SemiBold,228,ไ,False,False,True,False,False,True
Athiti-SemiBold,229,ๅ,False,False,True,False,False,True
Athiti-SemiBold,230,ๆ,False,False,True,False,False,True
Athiti-SemiBold,231,็,True,True,True,False,False,True
Athiti-SemiBold,232,่,True,True,True,False,False,True
Athiti-SemiBold,233,้,True,True,True,False,False,True
Athiti-SemiBold,234,๊,True,True,True,False,False,True
Athiti-SemiBold,236,์,True,True,True,False,False,True
Athiti-SemiBold,240,๐,False,False,True,False,False,True
Athiti-SemiBold,241,๑,False,False,True,False,False,True
Athiti-SemiBold,242,๒,False,False,True,False,False,True
Athiti-SemiBold,243,๓,False,False,True,False,False,True
Athiti-SemiBold,244,๔,False,False,True,False,False,True
Athiti-SemiBold,245,๕,False,False,True,False,False,True
Athiti-SemiBold,246,๖,False,False,True,False,False,True
Athiti-SemiBold,247,๗,False,False,True,False,False,True
Athiti-SemiBold,248,๘,False,False,True,False,False,True
Athiti-SemiBold,249,๙,False,False,True,False,False,True
BaiJamjuree-Bold,161,ก,False,False,True,False,False,True
BaiJamjuree-Bold,162,ข,False,False,True,False,False,True
BaiJamjuree-Bold,163,ฃ,False,False,True,False,False,True
BaiJamjuree-Bold,164,ค,False,False,True,False,False,True
BaiJamjuree-Bold,167,ง,False,False,True,False,False,True
BaiJamjuree-Bold,168,จ,False,False,True,False,False,True
BaiJamjuree-Bold,169,ฉ,False,False,True,False,False,True
BaiJamjuree-Bold,170,ช,False,False,True,False,False,True
BaiJamjuree-Bold,171,ซ,False,False,True,False,False,True
BaiJamjuree-Bold,173,ญ,False,False,True,False,False,True
BaiJamjuree-Bold,175,ฏ,False,False,True,False,False,True
BaiJamjuree-Bold,176,ฐ,False,False,True,False,False,True
BaiJamjuree-Bold,177,ฑ,False,False,True,False,False,True
BaiJamjuree-Bold,178,ฒ,False,False,True,False,False,True
BaiJamjuree-Bold,179,ณ,False,False,True,False,False,True
BaiJamjuree-Bold,180,ด,False,False,True,False,False,True
BaiJamjuree-Bold,181,ต,False,False,True,False,False,True
BaiJamjuree-Bold,182,ถ,False,False,True,False,False,True
BaiJamjuree-Bold,183,ท,False,False,True,False,False,True
BaiJamjuree-Bold,184,ธ,False,False,True,False,False,True
BaiJamjuree-Bold,185,น,False,False,True,False,False,True
BaiJamjuree-Bold,186,บ,False,False,True,False,False,True
BaiJamjuree-Bold,187,ป,False,False,True,False,False,True
BaiJamjuree-Bold,188,ผ,False,False,True,False,False,True
BaiJamjuree-Bold,189,ฝ,False,False,True,False,False,True
BaiJamjuree-Bold,190,พ,False,False,True,False,False,True
BaiJamjuree-Bold,191,ฟ,False,False,True,False,False,True
BaiJamjuree-Bold,192,ภ,False,False,True,False,False,True
BaiJamjuree-Bold,193,ม,False,False,True,False,False,True
BaiJamjuree-Bold,194,ย,False,False,True,False,False,True
BaiJamjuree-Bold,195,ร,False,False,True,False,False,True
BaiJamjuree-Bold,196,ฤ,False,False,True,False,False,True
BaiJamjuree-Bold,197,ล,False,False,True,False,False,True
BaiJamjuree-Bold,199,ว,False,False,True,False,False,True
BaiJamjuree-Bold,200,ศ,False,False,True,False,False,True
BaiJamjuree-Bold,201,ษ,False,False,True,False,False,True
BaiJamjuree-Bold,202,ส,False,False,True,False,False,True
BaiJamjuree-Bold,203,ห,False,False,True,False,False,True
BaiJamjuree-Bold,204,ฬ,False,False,True,False,False,True
BaiJamjuree-Bold,205,อ,False,False,True,False,False,True
BaiJamjuree-Bold,206,ฮ,False,False,True,False,False,True
BaiJamjuree-Bold,207,ฯ,False,False,True,False,False,True
BaiJamjuree-Bold,209,ั,True,True,True,False,False,True
BaiJamjuree-Bold,210,า,False,False,True,False,False,True
BaiJamjuree-Bold,212,ิ,True,True,True,False,False,True
BaiJamjuree-Bold,213,ี,True,True,True,False,False,True
BaiJamjuree-Bold,214,ึ,True,True,True,False,False,True
BaiJamjuree-Bold,215,ื,True,True,True,False,False,True
BaiJamjuree-Bold,216,ุ,True,False,True,False,False,True
BaiJamjuree-Bold,217,ู,True,False,True,False,False,True
BaiJamjuree-Bold,224,เ,False,False,True,False,False,True
BaiJamjuree-Bold,225,แ,False,False,True,False,False,True
BaiJamjuree-Bold,226,โ,False,False,True,False,False,True
BaiJamjuree-Bold,227,ใ,False,False,True,False,False,True
BaiJamjuree-Bold,228,ไ,False,False,True,False,False,True
BaiJamjuree-Bold,229,ๅ,False,False,True,False,False,True
BaiJamjuree-Bold,230,ๆ,False,False,True,False,False,True
BaiJamjuree-Bold,231,็,True,True,True,False,False,True
BaiJamjuree-Bold,232,่,True,True,True,False,False,True
BaiJamjuree-Bold,233,้,True,True,True,False,False,True
BaiJamjuree-Bold,234,๊,True,True,True,False,False,True
BaiJamjuree-Bold,236,์,True,True,True,False,False,True
BaiJamjuree-Bold,240,๐,False,False,True,False,False,True
BaiJamjuree-Bold,241,๑,False,False,True,False,False,True
BaiJamjuree-Bold,242,๒,False,False,True,False,False,True
BaiJamjuree-Bold,243,๓,False,False,True,False,False,True
BaiJamjuree-Bold,244,๔,False,False,True,False,False,True
BaiJamjuree-Bold,245,๕,False,False,True,False,False,True
BaiJamjuree-Bold,246,๖,False,False,True,False,False,True
BaiJamjuree-Bold,247,๗,False,False,True,False,False,True
BaiJamjuree-Bold,248,๘,False,False,True,False,False,True
BaiJamjuree-Bold,249,๙,False,False,True,False,False,True
BaiJamjuree-ExtraLight,161,ก,False,False,True,False,False,True
BaiJamjuree-ExtraLight,162,ข,False,False,True,False,False,True
BaiJamjuree-ExtraLight,163,ฃ,False,False,True,False,False,True
BaiJamjuree-ExtraLight,164,ค,False,False,True,False,False,True
BaiJamjuree-ExtraLight,167,ง,False,False,True,False,False,True
BaiJamjuree-ExtraLight,168,จ,False,False,True,False,False,True
BaiJamjuree-ExtraLight,169,ฉ,False,False,True,False,False,True
BaiJamjuree-ExtraLight,170,ช,False,False,True,False,False,True
BaiJamjuree-ExtraLight,171,ซ,False,False,True,False,False,True
BaiJamjuree-ExtraLight,173,ญ,False,False,True,False,False,True
BaiJamjuree-ExtraLight,175,ฏ,False,False,True,False,False,True
BaiJamjuree-ExtraLight,176,ฐ,False,False,True,False,False,True
BaiJamjuree-ExtraLight,177,ฑ,False,False,True,False,False,True
BaiJamjuree-ExtraLight,178,ฒ,False,False,True,False,False,True
BaiJamjuree-ExtraLight,179,ณ,False,False,True,False,False,True
BaiJamjuree-ExtraLight,180,ด,False,False,True,False,False,True
BaiJamjuree-ExtraLight,181,ต,False,False,True,False,False,True
BaiJamjuree-ExtraLight,182,ถ,False,False,True,False,False,True
BaiJamjuree-ExtraLight,183,ท,False,False,True,False,False,True
BaiJamjuree-ExtraLight,184,ธ,False,False,True,False,False,True
BaiJamjuree-ExtraLight,185,น,False,False,True,False,False,True
BaiJamjuree-ExtraLight,186,บ,False,False,True,False,False,True
BaiJamjuree-ExtraLight,187,ป,False,False,True,False,False,True
BaiJamjuree-ExtraLight,188,ผ,False,False,True,False,False,True
BaiJamjuree-ExtraLight,189,ฝ,False,False,True,False,False,True
BaiJamjuree-ExtraLight,190,พ,False,False,True,False,False,True
BaiJamjuree-ExtraLight,191,ฟ,False,False,True,False,False,True
BaiJamjuree-ExtraLight,192,ภ,False,False,True,False,False,True
BaiJamjuree-ExtraLight,193,ม,False,False,True,False,False,True
BaiJamjuree-ExtraLight,194,ย,False,False,True,False,False,True
BaiJamjuree-ExtraLight,195,ร,False,False,True,False,False,True
BaiJamjuree-ExtraLight,196,ฤ,False,False,True,False,False,True
BaiJamjuree-ExtraLight,197,ล,False,False,True,False,False,True
BaiJamjuree-ExtraLight,199,ว,False,False,True,False,False,True
BaiJamjuree-ExtraLight,200,ศ,False,False,True,False,False,True
BaiJamjuree-ExtraLight,201,ษ,False,False,True,False,False,True
BaiJamjuree-ExtraLight,202,ส,False,False,True,False,False,True
BaiJamjuree-ExtraLight,203,ห,False,False,True,False,False,True
BaiJamjuree-ExtraLight,204,ฬ,False,False,True,False,False,True
BaiJamjuree-ExtraLight,205,อ,False,False,True,False,False,True
BaiJamjuree-ExtraLight,206,ฮ,False,False,True,False,False,True
BaiJamjuree-ExtraLight,207,ฯ,False,False,True,False,False,True
BaiJamjuree-ExtraLight,209,ั,True,True,True,False,False,True
BaiJamjuree-ExtraLight,210,า,False,False,True,False,False,True
BaiJamjuree-ExtraLight,212,ิ,True,True,True,False,False,True
BaiJamjuree-ExtraLight,213,ี,True,True,True,False,False,True
BaiJamjuree-ExtraLight,214,ึ,True,True,True,False,False,True
BaiJamjuree-ExtraLight,215,ื,True,True,True,False,False,True
BaiJamjuree-ExtraLight,216,ุ,True,False,True,False,False,True
BaiJamjuree-ExtraLight,217,ู,True,False,True,False,False,True
BaiJamjuree-ExtraLight,224,เ,False,False,True,False,False,True
BaiJamjuree-ExtraLight,225,แ,False,False,True,False,False,True
BaiJamjuree-ExtraLight,226,โ,False,False,True,False,False,True
BaiJamjuree-ExtraLight,227,ใ,False,False,True,False,False,True
BaiJamjuree-ExtraLight,228,ไ,False,False,True,False,False,True
BaiJamjuree-ExtraLight,229,ๅ,False,False,True,False,False,True
BaiJamjuree-ExtraLight,230,ๆ,False,False,True,False,False,True
BaiJamjuree-ExtraLight,231,็,True,True,True,False,False,True
BaiJamjuree-ExtraLight,232,่,True,True,True,False,False,True
BaiJamjuree-ExtraLight,233,้,True,True,True,False,False,True
BaiJamjuree-ExtraLight,234,๊,True,True,True,False,False,True
BaiJamjuree-ExtraLight,236,์,True,True,True,False,False,True
BaiJamjuree-ExtraLight,240,๐,False,False,True,False,False,True
BaiJamjuree-ExtraLight,241,๑,False,False,True,False,False,True
BaiJamjuree-ExtraLight,242,๒,False,False,True,False,False,True
BaiJamjuree-ExtraLight,243,๓,False,False,True,False,False,True
BaiJamjuree-ExtraLight,244,๔,False,False,True,False,False,True
BaiJamjuree-ExtraLight,245,๕,False,False,True,False,False,True
BaiJamjuree-ExtraLight,246,๖,False,False,True,False,False,True
BaiJamjuree-ExtraLight,247,๗,False,False,True,False,False,True
BaiJamjuree-ExtraLight,248,๘,False,False,True,False,False,True
BaiJamjuree-ExtraLight,249,๙,False,False,True,False,False,True
BaiJamjuree-Light,161,ก,False,False,True,False,False,True
BaiJamjuree-Light,162,ข,False,False,True,False,False,True
BaiJamjuree-Light,163,ฃ,False,False,True,False,False,True
BaiJamjuree-Light,164,ค,False,False,True,False,False,True
BaiJamjuree-Light,167,ง,False,False,True,False,False,True
BaiJamjuree-Light,168,จ,False,False,True,False,False,True
BaiJamjuree-Light,169,ฉ,False,False,True,False,False,True
BaiJamjuree-Light,170,ช,False,False,True,False,False,True
BaiJamjuree-Light,171,ซ,False,False,True,False,False,True
BaiJamjuree-Light,173,ญ,False,False,True,False,False,True
BaiJamjuree-Light,175,ฏ,False,False,True,False,False,True
BaiJamjuree-Light,176,ฐ,False,False,True,False,False,True
BaiJamjuree-Light,177,ฑ,False,False,True,False,False,True
BaiJamjuree-Light,178,ฒ,False,False,True,False,False,True
BaiJamjuree-Light,179,ณ,False,False,True,False,False,True
BaiJamjuree-Light,180,ด,False,False,True,False,False,True
BaiJamjuree-Light,181,ต,False,False,True,False,False,True
BaiJamjuree-Light,182,ถ,False,False,True,False,False,True
BaiJamjuree-Light,183,ท,False,False,True,False,False,True
BaiJamjuree-Light,184,ธ,False,False,True,False,False,True
BaiJamjuree-Light,185,น,False,False,True,False,False,True
BaiJamjuree-Light,186,บ,False,False,True,False,False,True
BaiJamjuree-Light,187,ป,False,False,True,False,False,True
BaiJamjuree-Light,188,ผ,False,False,True,False,False,True
BaiJamjuree-Light,189,ฝ,False,False,True,False,False,True
BaiJamjuree-Light,190,พ,False,False,True,False,False,True
BaiJamjuree-Light,191,ฟ,False,False,True,False,False,True
BaiJamjuree-Light,192,ภ,False,False,True,False,False,True
BaiJamjuree-Light,193,ม,False,False,True,False,False,True
BaiJamjuree-Light,194,ย,False,False,True,False,False,True
BaiJamjuree-Light,195,ร,False,False,True,False,False,True
BaiJamjuree-Light,196,ฤ,False,False,True,False,False,True
BaiJamjuree-Light,197,ล,False,False,True,False,False,True
BaiJamjuree-Light,199,ว,False,False,True,False,False,True
BaiJamjuree-Light,200,ศ,False,False,True,False,False,True
BaiJamjuree-Light,201,ษ,False,False,True,False,False,True
BaiJamjuree-Light,202,ส,False,False,True,False,False,True
BaiJamjuree-Light,203,ห,False,False,True,False,False,True
BaiJamjuree-Light,204,ฬ,False,False,True,False,False,True
BaiJamjuree-Light,205,อ,False,False,True,False,False,True
BaiJamjuree-Light,206,ฮ,False,False,True,False,False,True
BaiJamjuree-Light,207,ฯ,False,False,True,False,False,True
BaiJamjuree-Light,209,ั,True,True,True,False,False,True
BaiJamjuree-Light,210,า,False,False,True,False,False,True
BaiJamjuree-Light,212,ิ,True,True,True,False,False,True
BaiJamjuree-Light,213,ี,True,True,True,False,False,True
BaiJamjuree-Light,214,ึ,True,True,True,False,False,True
BaiJamjuree-Light,215,ื,True,True,True,False,False,True
BaiJamjuree-Light,216,ุ,True,False,True,False,False,True
BaiJamjuree-Light,217,ู,True,False,True,False,False,True
BaiJamjuree-Light,224,เ,False,False,True,False,False,True
BaiJamjuree-Light,225,แ,False,False,True,False,False,True
BaiJamjuree-Light,226,โ,False,False,True,False,False,True
BaiJamjuree-Light,227,ใ,False,False,True,False,False,True
BaiJamjuree-Light,228,ไ,False,False,True,False,False,True
BaiJamjuree-Light,229,ๅ,False,False,True,False,False,True
BaiJamjuree-Light,230,ๆ,False,False,True,False,False,True
BaiJamjuree-Light,231,็,True,True,True,False,False,True
BaiJamjuree-Light,232,่,True,True,True,False,False,True
BaiJamjuree-Light,233,้,True,True,True,False,False,True
BaiJamjuree-Light,234,๊,True,True,True,False,False,True
BaiJamjuree-Light,236,์,True,True,True,False,False,True
BaiJamjuree-Light,240,๐,False,False,True,False,False,True
BaiJamjuree-Light,241,๑,False,False,True,False,False,True
BaiJamjuree-Light,242,๒,False,False,True,False,False,True
BaiJamjuree-Light,243,๓,False,False,True,False,False,True
BaiJamjuree-Light,244,๔,False,False,True,False,False,True
BaiJamjuree-Light,245,๕,False,False,True,False,False,True
BaiJamjuree-Light,246,๖,False,False,True,False,False,True
BaiJamjuree-Light,247,๗,False,False,True,False,False,True
BaiJamjuree-Light,248,๘,False,False,True,False,False,True
BaiJamjuree-Light,249,๙,False,False,True,False,False,True
BaiJamjuree-Medium,161,ก,False,False,True,False,False,True
BaiJamjuree-Medium,162,ข,False,False,True,False,False,True
BaiJamjuree-Medium,163,ฃ,False,False,True,False,False,True
BaiJamjuree-Medium,164,ค,False,False,True,False,False,True
BaiJamjuree-Medium,167,ง,False,False,True,False,False,True
BaiJamjuree-Medium,168,จ,False,False,True,False,False,True
BaiJamjuree-Medium,169,ฉ,False,False,True,False,False,True
BaiJamjuree-Medium,170,ช,False,False,True,False,False,True
BaiJamjuree-Medium,171,ซ,False,False,True,False,False,True
BaiJamjuree-Medium,173,ญ,False,False,True,False,False,True
BaiJamjuree-Medium,175,ฏ,False,False,True,False,False,True
BaiJamjuree-Medium,176,ฐ,False,False,True,False,False,True
BaiJamjuree-Medium,177,ฑ,False,False,True,False,False,True
BaiJamjuree-Medium,178,ฒ,False,False,True,False,False,True
BaiJamjuree-Medium,179,ณ,False,False,True,False,False,True
BaiJamjuree-Medium,180,ด,False,False,True,False,False,True
BaiJamjuree-Medium,181,ต,False,False,True,False,False,True
BaiJamjuree-Medium,182,ถ,False,False,True,False,False,True
BaiJamjuree-Medium,183,ท,False,False,True,False,False,True
BaiJamjuree-Medium,184,ธ,False,False,True,False,False,True
BaiJamjuree-Medium,185,น,False,False,True,False,False,True
BaiJamjuree-Medium,186,บ,False,False,True,False,False,True
BaiJamjuree-Medium,187,ป,False,False,True,False,False,True
BaiJamjuree-Medium,188,ผ,False,False,True,False,False,True
BaiJamjuree-Medium,189,ฝ,False,False,True,False,False,True
BaiJamjuree-Medium,190,พ,False,False,True,False,False,True
BaiJamjuree-Medium,191,ฟ,False,False,True,False,False,True
BaiJamjuree-Medium,192,ภ,False,False,True,False,False,True
BaiJamjuree-Medium,193,ม,False,False,True,False,False,True
BaiJamjuree-Medium,194,ย,False,False,True,False,False,True
BaiJamjuree-Medium,195,ร,False,False,True,False,False,True
BaiJamjuree-Medium,196,ฤ,False,False,True,False,False,True
BaiJamjuree-Medium,197,ล,False,False,True,False,False,True
BaiJamjuree-Medium,199,ว,False,False,True,False,False,True
BaiJamjuree-Medium,200,ศ,False,False,True,False,False,True
BaiJamjuree-Medium,201,ษ,False,False,True,False,False,True
BaiJamjuree-Medium,202,ส,False,False,True,False,False,True
BaiJamjuree-Medium,203,ห,False,False,True,False,False,True
BaiJamjuree-Medium,204,ฬ,False,False,True,False,False,True
BaiJamjuree-Medium,205,อ,False,False,True,False,False,True
BaiJamjuree-Medium,206,ฮ,False,False,True,False,False,True
BaiJamjuree-Medium,207,ฯ,False,False,True,False,False,True
BaiJamjuree-Medium,209,ั,True,True,True,False,False,True
BaiJamjuree-Medium,210,า,False,False,True,False,False,True
BaiJamjuree-Medium,212,ิ,True,True,True,False,False,True
BaiJamjuree-Medium,213,ี,True,True,True,False,False,True
BaiJamjuree-Medium,214,ึ,True,True,True,False,False,True
BaiJamjuree-Medium,215,ื,True,True,True,False,False,True
BaiJamjuree-Medium,216,ุ,True,False,True,False,False,True
BaiJamjuree-Medium,217,ู,True,False,True,False,False,True
BaiJamjuree-Medium,224,เ,False,False,True,False,False,True
BaiJamjuree-Medium,225,แ,False,False,True,False,False,True
BaiJamjuree-Medium,226,โ,False,False,True,False,False,True
BaiJamjuree-Medium,227,ใ,False,False,True,False,False,True
BaiJamjuree-Medium,228,ไ,False,False,True,False,False,True
BaiJamjuree-Medium,229,ๅ,False,False,True,False,False,True
BaiJamjuree-Medium,230,ๆ,False,False,True,False,False,True
BaiJamjuree-Medium,231,็,True,True,True,False,False,True
BaiJamjuree-Medium,232,่,True,True,True,False,False,True
BaiJamjuree-Medium,233,้,True,True,True,False,False,True
BaiJamjuree-Medium,234,๊,True,True,True,False,False,True
BaiJamjuree-Medium,236,์,True,True,True,False,False,True
BaiJamjuree-Medium,240,๐,False,False,True,False,False,True
BaiJamjuree-Medium,241,๑,False,False,True,False,False,True
BaiJamjuree-Medium,242,๒,False,False,True,False,False,True
BaiJamjuree-Medium,243,๓,False,False,True,False,False,True
BaiJamjuree-Medium,244,๔,False,False,True,False,False,True
BaiJamjuree-Medium,245,๕,False,False,True,False,False,True
BaiJamjuree-Medium,246,๖,False,False,True,False,False,True
BaiJamjuree-Medium,247,๗,False,False,True,False,False,True
BaiJamjuree-Medium,248,๘,False,False,True,False,False,True
BaiJamjuree-Medium,249,๙,False,False,True,False,False,True
BaiJamjuree-Regular,161,ก,False,False,True,False,False,True
BaiJamjuree-Regular,162,ข,False,False,True,False,False,True
BaiJamjuree-Regular,163,ฃ,False,False,True,False,False,True
BaiJamjuree-Regular,164,ค,False,False,True,False,False,True
BaiJamjuree-Regular,167,ง,False,False,True,False,False,True
BaiJamjuree-Regular,168,จ,False,False,True,False,False,True
BaiJamjuree-Regular,169,ฉ,False,False,True,False,False,True
BaiJamjuree-Regular,170,ช,False,False,True,False,False,True
BaiJamjuree-Regular,171,ซ,False,False,True,False,False,True
BaiJamjuree-Regular,173,ญ,False,False,True,False,False,True
BaiJamjuree-Regular,175,ฏ,False,False,True,False,False,True
BaiJamjuree-Regular,176,ฐ,False,False,True,False,False,True
BaiJamjuree-Regular,177,ฑ,False,False,True,False,False,True
BaiJamjuree-Regular,178,ฒ,False,False,True,False,False,True
BaiJamjuree-Regular,179,ณ,False,False,True,False,False,True
BaiJamjuree-Regular,180,ด,False,False,True,False,False,True
BaiJamjuree-Regular,181,ต,False,False,True,False,False,True
BaiJamjuree-Regular,182,ถ,False,False,True,False,False,True
BaiJamjuree-Regular,183,ท,False,False,True,False,False,True
BaiJamjuree-Regular,184,ธ,False,False,True,False,False,True
BaiJamjuree-Regular,185,น,False,False,True,False,False,True
BaiJamjuree-Regular,186,บ,False,False,True,False,False,True
BaiJamjuree-Regular,187,ป,False,False,True,False,False,True
BaiJamjuree-Regular,188,ผ,False,False,True,False,False,True
BaiJamjuree-Regular,189,ฝ,False,False,True,False,False,True
BaiJamjuree-Regular,190,พ,False,False,True,False,False,True
BaiJamjuree-Regular,191,ฟ,False,False,True,False,False,True
BaiJamjuree-Regular,192,ภ,False,False,True,False,False,True
BaiJamjuree-Regular,193,ม,False,False,True,False,False,True
BaiJamjuree-Regular,194,ย,False,False,True,False,False,True
BaiJamjuree-Regular,195,ร,False,False,True,False,False,True
BaiJamjuree-Regular,196,ฤ,False,False,True,False,False,True
BaiJamjuree-Regular,197,ล,False,False,True,False,False,True
BaiJamjuree-Regular,199,ว,False,False,True,False,False,True
BaiJamjuree-Regular,200,ศ,False,False,True,False,False,True
BaiJamjuree-Regular,201,ษ,False,False,True,False,False,True
BaiJamjuree-Regular,202,ส,False,False,True,False,False,True
BaiJamjuree-Regular,203,ห,False,False,True,False,False,True
BaiJamjuree-Regular,204,ฬ,False,False,True,False,False,True
BaiJamjuree-Regular,205,อ,False,False,True,False,False,True
BaiJamjuree-Regular,206,ฮ,False,False,True,False,False,True
BaiJamjuree-Regular,207,ฯ,False,False,True,False,False,True
BaiJamjuree-Regular,209,ั,True,True,True,False,False,True
BaiJamjuree-Regular,210,า,False,False,True,False,False,True
BaiJamjuree-Regular,212,ิ,True,True,True,False,False,True
BaiJamjuree-Regular,213,ี,True,True,True,False,False,True
BaiJamjuree-Regular,214,ึ,True,True,True,False,False,True
BaiJamjuree-Regular,215,ื,True,True,True,False,False,True
BaiJamjuree-Regular,216,ุ,True,False,True,False,False,True
BaiJamjuree-Regular,217,ู,True,False,True,False,False,True
BaiJamjuree-Regular,224,เ,False,False,True,False,False,True
BaiJamjuree-Regular,225,แ,False,False,True,False,False,True
BaiJamjuree-Regular,226,โ,False,False,True,False,False,True
BaiJamjuree-Regular,227,ใ,False,False,True,False,False,True
BaiJamjuree-Regular,228,ไ,False,False,True,False,False,True
BaiJamjuree-Regular,229,ๅ,False,False,True,False,False,True
BaiJamjuree-Regular,230,ๆ,False,False,True,False,False,True
BaiJamjuree-Regular,231,็,True,True,True,False,False,True
BaiJamjuree-Regular,232,่,True,True,True,False,False,True
BaiJamjuree-Regular,233,้,True,True,True,False,False,True
BaiJamjuree-Regular,234,๊,True,True,True,False,False,True
BaiJamjuree-Regular,236,์,True,True,True,False,False,True
BaiJamjuree-Regular,240,๐,False,False,True,False,False,True
BaiJamjuree-Regular,241,๑,False,False,True,False,False,True
BaiJamjuree-Regular,242,๒,False,False,True,False,False,True
BaiJamjuree-Regular,243,๓,False,False,True,False,False,True
BaiJamjuree-Regular,244,๔,False,False,True,False,False,True
BaiJamjuree-Regular,245,๕,False,False,True,False,False,True
BaiJamjuree-Regular,246,๖,False,False,True,False,False,True
BaiJamjuree-Regular,247,๗,False,False,True,False,False,True
BaiJamjuree-Regular,248,๘,False,False,True,False,False,True
BaiJamjuree-Regular,249,๙,False,False,True,False,False,True
BaiJamjuree-SemiBold,161,ก,False,False,True,False,False,True
BaiJamjuree-SemiBold,162,ข,False,False,True,False,False,True
BaiJamjuree-SemiBold,163,ฃ,False,False,True,False,False,True
BaiJamjuree-SemiBold,164,ค,False,False,True,False,False,True
BaiJamjuree-SemiBold,167,ง,False,False,True,False,False,True
BaiJamjuree-SemiBold,168,จ,False,False,True,False,False,True
BaiJamjuree-SemiBold,169,ฉ,False,False,True,False,False,True
BaiJamjuree-SemiBold,170,ช,False,False,True,False,False,True
BaiJamjuree-SemiBold,171,ซ,False,False,True,False,False,True
BaiJamjuree-SemiBold,173,ญ,False,False,True,False,False,True
BaiJamjuree-SemiBold,175,ฏ,False,False,True,False,False,True
BaiJamjuree-SemiBold,176,ฐ,False,False,True,False,False,True
BaiJamjuree-SemiBold,177,ฑ,False,False,True,False,False,True
BaiJamjuree-SemiBold,178,ฒ,False,False,True,False,False,True
BaiJamjuree-SemiBold,179,ณ,False,False,True,False,False,True
BaiJamjuree-SemiBold,180,ด,False,False,True,False,False,True
BaiJamjuree-SemiBold,181,ต,False,False,True,False,False,True
BaiJamjuree-SemiBold,182,ถ,False,False,True,False,False,True
BaiJamjuree-SemiBold,183,ท,False,False,True,False,False,True
BaiJamjuree-SemiBold,184,ธ,False,False,True,False,False,True
BaiJamjuree-SemiBold,185,น,False,False,True,False,False,True
BaiJamjuree-SemiBold,186,บ,False,False,True,False,False,True
BaiJamjuree-SemiBold,187,ป,False,False,True,False,False,True
BaiJamjuree-SemiBold,188,ผ,False,False,True,False,False,True
BaiJamjuree-SemiBold,189,ฝ,False,False,True,False,False,True
BaiJamjuree-SemiBold,190,พ,False,False,True,False,False,True
BaiJamjuree-SemiBold,191,ฟ,False,False,True,False,False,True
BaiJamjuree-SemiBold,192,ภ,False,False,True,False,False,True
BaiJamjuree-SemiBold,193,ม,False,False,True,False,False,True
BaiJamjuree-SemiBold,194,ย,False,False,True,False,False,True
BaiJamjuree-SemiBold,195,ร,False,False,True,False,False,True
BaiJamjuree-SemiBold,196,ฤ,False,False,True,False,False,True
BaiJamjuree-SemiBold,197,ล,False,False,True,False,False,True
BaiJamjuree-SemiBold,199,ว,False,False,True,False,False,True
BaiJamjuree-SemiBold,200,ศ,False,False,True,False,False,True
BaiJamjuree-SemiBold,201,ษ,False,False,True,False,False,True
BaiJamjuree-SemiBold,202,ส,False,False,True,False,False,True
BaiJamjuree-SemiBold,203,ห,False,False,True,False,False,True
BaiJamjuree-SemiBold,204,ฬ,False,False,True,False,False,True
BaiJamjuree-SemiBold,205,อ,False,False,True,False,False,True
BaiJamjuree-SemiBold,206,ฮ,False,False,True,False,False,True
BaiJamjuree-SemiBold,207,ฯ,False,False,True,False,False,True
BaiJamjuree-SemiBold,209,ั,True,True,True,False,False,True
BaiJamjuree-SemiBold,210,า,False,False,True,False,False,True
BaiJamjuree-SemiBold,212,ิ,True,True,True,False,False,True
BaiJamjuree-SemiBold,213,ี,True,True,True,False,False,True
BaiJamjuree-SemiBold,214,ึ,True,True,True,False,False,True
BaiJamjuree-SemiBold,215,ื,True,True,True,False,False,True
BaiJamjuree-SemiBold,216,ุ,True,False,True,False,False,True
BaiJamjuree-SemiBold,217,ู,True,False,True,False,False,True
BaiJamjuree-SemiBold,224,เ,False,False,True,False,False,True
BaiJamjuree-SemiBold,225,แ,False,False,True,False,False,True
BaiJamjuree-SemiBold,226,โ,False,False,True,False,False,True
BaiJamjuree-SemiBold,227,ใ,False,False,True,False,False,True
BaiJamjuree-SemiBold,228,ไ,False,False,True,False,False,True
BaiJamjuree-SemiBold,229,ๅ,False,False,True,False,False,True
BaiJamjuree-SemiBold,230,ๆ,False,False,True,False,False,True
BaiJamjuree-SemiBold,231,็,True,True,True,False,False,True
BaiJamjuree-SemiBold,232,่,True,True,True,False,False,True
BaiJamjuree-SemiBold,233,้,True,True,True,False,False,True
BaiJamjuree-SemiBold,234,๊,True,True,True,False,False,True
BaiJamjuree-SemiBold,236,์,True,True,True,False,False,True
BaiJamjuree-SemiBold,240,๐,False,False,True,False,False,True
BaiJamjuree-SemiBold,241,๑,False,False,True,False,False,True
BaiJamjuree-SemiBold,242,๒,False,False,True,False,False,True
BaiJamjuree-SemiBold,243,๓,False,False,True,False,False,True
BaiJamjuree-SemiBold,244,๔,False,False,True,False,False,True
BaiJamjuree-SemiBold,245,๕,False,False,True,False,False,True
BaiJamjuree-SemiBold,246,๖,False,False,True,False,False,True
BaiJamjuree-SemiBold,247,๗,False,False,True,False,False,True
BaiJamjuree-SemiBold,248,๘,False,False,True,False,False,True
BaiJamjuree-SemiBold,249,๙,False,False,True,False,False,True
ChakraPetch-Bold,161,ก,False,False,True,False,False,True
ChakraPetch-Bold,162,ข,False,False,True,False,False,True
ChakraPetch-Bold,163,ฃ,False,False,True,False,False,True
ChakraPetch-Bold,164,ค,False,False,True,False,False,True
ChakraPetch-Bold,167,ง,False,False,True,False,False,True
ChakraPetch-Bold,168,จ,False,False,True,False,False,True
ChakraPetch-Bold,169,ฉ,False,False,True,False,False,True
ChakraPetch-Bold,170,ช,False,False,True,False,False,True
ChakraPetch-Bold,171,ซ,False,False,True,False,False,True
ChakraPetch-Bold,173,ญ,False,False,True,False,False,True
ChakraPetch-Bold,175,ฏ,False,False,True,False,False,True
ChakraPetch-Bold,176,ฐ,False,False,True,False,False,True
ChakraPetch-Bold,177,ฑ,False,False,True,False,False,True
ChakraPetch-Bold,178,ฒ,False,False,True,False,False,True
ChakraPetch-Bold,179,ณ,False,False,True,False,False,True
ChakraPetch-Bold,180,ด,False,False,True,False,False,True
ChakraPetch-Bold,181,ต,False,False,True,False,False,True
ChakraPetch-Bold,182,ถ,False,False,True,False,False,True
ChakraPetch-Bold,183,ท,False,False,True,False,False,True
ChakraPetch-Bold,184,ธ,False,False,True,False,False,True
ChakraPetch-Bold,185,น,False,False,True,False,False,True
ChakraPetch-Bold,186,บ,False,False,True,False,False,True
ChakraPetch-Bold,187,ป,False,False,True,False,False,True
ChakraPetch-Bold,188,ผ,False,False,True,False,False,True
ChakraPetch-Bold,189,ฝ,False,False,True,False,False,True
ChakraPetch-Bold,190,พ,False,False,True,False,False,True
ChakraPetch-Bold,191,ฟ,False,False,True,False,False,True
ChakraPetch-Bold,192,ภ,False,False,True,False,False,True
ChakraPetch-Bold,193,ม,False,False,True,False,False,True
ChakraPetch-Bold,194,ย,False,False,True,False,False,True
ChakraPetch-Bold,195,ร,False,False,True,False,False,True
ChakraPetch-Bold,196,ฤ,False,False,True,False,False,True
ChakraPetch-Bold,197,ล,False,False,True,False,False,True
ChakraPetch-Bold,199,ว,False,False,True,False,False,True
ChakraPetch-Bold,200,ศ,False,False,True,False,False,True
ChakraPetch-Bold,201,ษ,False,False,True,False,False,True
ChakraPetch-Bold,202,ส,False,False,True,False,False,True
ChakraPetch-Bold,203,ห,False,False,True,False,False,True
ChakraPetch-Bold,204,ฬ,False,False,True,False,False,True
ChakraPetch-Bold,205,อ,False,False,True,False,False,True
ChakraPetch-Bold,206,ฮ,False,False,True,False,False,True
ChakraPetch-Bold,207,ฯ,False,False,True,False,False,True
ChakraPetch-Bold,209,ั,True,True,True,False,False,True
ChakraPetch-Bold,210,า,False,False,True,False,False,True
ChakraPetch-Bold,212,ิ,True,True,True,False,False,True
ChakraPetch-Bold,213,ี,True,True,True,False,False,True
ChakraPetch-Bold,214,ึ,True,True,True,False,False,True
ChakraPetch-Bold,215,ื,True,True,True,False,False,True
ChakraPetch-Bold,216,ุ,True,False,True,False,False,True
ChakraPetch-Bold,217,ู,True,False,True,False,False,True
ChakraPetch-Bold,224,เ,False,False,True,False,False,True
ChakraPetch-Bold,225,แ,False,False,True,False,False,True
ChakraPetch-Bold,226,โ,False,False,True,False,False,True
ChakraPetch-Bold,227,ใ,False,False,True,False,False,True
ChakraPetch-Bold,228,ไ,False,False,True,False,False,True
ChakraPetch-Bold,229,ๅ,False,False,True,False,False,True
ChakraPetch-Bold,230,ๆ,False,False,True,False,False,True
ChakraPetch-Bold,231,็,True,True,True,False,False,True
ChakraPetch-Bold,232,่,True,True,True,False,False,True
ChakraPetch-Bold,233,้,True,True,True,False,False,True
ChakraPetch-Bold,234,๊,True,True,True,False,False,True
ChakraPetch-Bold,236,์,True,True,True,False,False,True
ChakraPetch-Bold,240,๐,False,False,True,False,False,True
ChakraPetch-Bold,241,๑,False,False,True,False,False,True
ChakraPetch-Bold,242,๒,False,False,True,False,False,True
ChakraPetch-Bold,243,๓,False,False,True,False,False,True
ChakraPetch-Bold,244,๔,False,False,True,False,False,True
ChakraPetch-Bold,245,๕,False,False,True,False,False,True
ChakraPetch-Bold,246,๖,False,False,True,False,False,True
ChakraPetch-Bold,247,๗,False,False,True,False,False,True
ChakraPetch-Bold,248,๘,False,False,True,False,False,True
ChakraPetch-Bold,249,๙,False,False,True,False,False,True
ChakraPetch-ExtraLight,161,ก,False,False,True,False,False,True
ChakraPetch-ExtraLight,162,ข,False,False,True,False,False,True
ChakraPetch-ExtraLight,163,ฃ,False,False,True,False,False,True
ChakraPetch-ExtraLight,164,ค,False,False,True,False,False,True
ChakraPetch-ExtraLight,167,ง,False,False,True,False,False,True
ChakraPetch-ExtraLight,168,จ,False,False,True,False,False,True
ChakraPetch-ExtraLight,169,ฉ,False,False,True,False,False,True
ChakraPetch-ExtraLight,170,ช,False,False,True,False,False,True
ChakraPetch-ExtraLight,171,ซ,False,False,True,False,False,True
ChakraPetch-ExtraLight,173,ญ,False,False,True,False,False,True
ChakraPetch-ExtraLight,175,ฏ,False,False,True,False,False,True
ChakraPetch-ExtraLight,176,ฐ,False,False,True,False,False,True
ChakraPetch-ExtraLight,177,ฑ,False,False,True,False,False,True
ChakraPetch-ExtraLight,178,ฒ,False,False,True,False,False,True
ChakraPetch-ExtraLight,179,ณ,False,False,True,False,False,True
ChakraPetch-ExtraLight,180,ด,False,False,True,False,False,True
ChakraPetch-ExtraLight,181,ต,False,False,True,False,False,True
ChakraPetch-ExtraLight,182,ถ,False,False,True,False,False,True
ChakraPetch-ExtraLight,183,ท,False,False,True,False,False,True
ChakraPetch-ExtraLight,184,ธ,False,False,True,False,False,True
ChakraPetch-ExtraLight,185,น,False,False,True,False,False,True
ChakraPetch-ExtraLight,186,บ,False,False,True,False,False,True
ChakraPetch-ExtraLight,187,ป,False,False,True,False,False,True
ChakraPetch-ExtraLight,188,ผ,False,False,True,False,False,True
ChakraPetch-ExtraLight,189,ฝ,False,False,True,False,False,True
ChakraPetch-ExtraLight,190,พ,False,False,True,False,False,True
ChakraPetch-ExtraLight,191,ฟ,False,False,True,False,False,True
ChakraPetch-ExtraLight,192,ภ,False,False,True,False,False,True
ChakraPetch-ExtraLight,193,ม,False,False,True,False,False,True
ChakraPetch-ExtraLight,194,ย,False,False,True,False,False,True
ChakraPetch-ExtraLight,195,ร,False,False,True,False,False,True
ChakraPetch-ExtraLight,196,ฤ,False,False,True,False,False,True
ChakraPetch-ExtraLight,197,ล,False,False,True,False,False,True
ChakraPetch-ExtraLight,199,ว,False,False,True,False,False,True
ChakraPetch-ExtraLight,200,ศ,False,False,True,False,False,True
ChakraPetch-ExtraLight,201,ษ,False,False,True,False,False,True
ChakraPetch-ExtraLight,202,ส,False,False,True,False,False,True
ChakraPetch-ExtraLight,203,ห,False,False,True,False,False,True
ChakraPetch-ExtraLight,204,ฬ,False,False,True,False,False,True
ChakraPetch-ExtraLight,205,อ,False,False,True,False,False,True
ChakraPetch-ExtraLight,206,ฮ,False,False,True,False,False,True
ChakraPetch-ExtraLight,207,ฯ,False,False,True,False,False,True
ChakraPetch-ExtraLight,209,ั,True,True,True,False,False,True
ChakraPetch-ExtraLight,210,า,False,False,True,False,False,True
ChakraPetch-ExtraLight,212,ิ,True,True,True,False,False,True
ChakraPetch-ExtraLight,213,ี,True,True,True,False,False,True
ChakraPetch-ExtraLight,214,ึ,True,True,True,False,False,True
ChakraPetch-ExtraLight,215,ื,True,True,True,False,False,True
ChakraPetch-ExtraLight,216,ุ,True,False,True,False,False,True
ChakraPetch-ExtraLight,217,ู,True,False,True,False,False,True
ChakraPetch-ExtraLight,224,เ,False,False,True,False,False,True
ChakraPetch-ExtraLight,225,แ,False,False,True,False,False,True
ChakraPetch-ExtraLight,226,โ,False,False,True,False,False,True
ChakraPetch-ExtraLight,227,ใ,False,False,True,False,False,True
ChakraPetch-ExtraLight,228,ไ,False,False,True,False,False,True
ChakraPetch-ExtraLight,229,ๅ,False,False,True,False,False,True
ChakraPetch-ExtraLight,230,ๆ,False,False,True,False,False,True
ChakraPetch-ExtraLight,231,็,True,True,True,False,False,True
ChakraPetch-ExtraLight,232,่,True,True,True,False,False,True
ChakraPetch-ExtraLight,233,้,True,True,True,False,False,True
ChakraPetch-ExtraLight,234,๊,True,True,True,False,False,True
ChakraPetch-ExtraLight,236,์,True,True,True,False,False,True
ChakraPetch-ExtraLight,240,๐,False,False,True,False,False,True
ChakraPetch-ExtraLight,241,๑,False,False,True,False,False,True
ChakraPetch-ExtraLight,242,๒,False,False,True,False,False,True
ChakraPetch-ExtraLight,243,๓,False,False,True,False,False,True
ChakraPetch-ExtraLight,244,๔,False,False,True,False,False,True
ChakraPetch-ExtraLight,245,๕,False,False,True,False,False,True
ChakraPetch-ExtraLight,246,๖,False,False,True,False,False,True
ChakraPetch-ExtraLight,247,๗,False,False,True,False,False,True
ChakraPetch-ExtraLight,248,๘,False,False,True,False,False,True
ChakraPetch-ExtraLight,249,๙,False,False,True,False,False,True
ChakraPetch-Light,161,ก,False,False,True,False,False,True
ChakraPetch-Light,162,ข,False,False,True,False,False,True
ChakraPetch-Light,163,ฃ,False,False,True,False,False,True
ChakraPetch-Light,164,ค,False,False,True,False,False,True
ChakraPetch-Light,167,ง,False,False,True,False,False,True
ChakraPetch-Light,168,จ,False,False,True,False,False,True
ChakraPetch-Light,169,ฉ,False,False,True,False,False,True
ChakraPetch-Light,170,ช,False,False,True,False,False,True
ChakraPetch-Light,171,ซ,False,False,True,False,False,True
ChakraPetch-Light,173,ญ,False,False,True,False,False,True
ChakraPetch-Light,175,ฏ,False,False,True,False,False,True
ChakraPetch-Light,176,ฐ,False,False,True,False,False,True
ChakraPetch-Light,177,ฑ,False,False,True,False,False,True
ChakraPetch-Light,178,ฒ,False,False,True,False,False,True
ChakraPetch-Light,179,ณ,False,False,True,False,False,True
ChakraPetch-Light,180,ด,False,False,True,False,False,True
ChakraPetch-Light,181,ต,False,False,True,False,False,True
ChakraPetch-Light,182,ถ,False,False,True,False,False,True
ChakraPetch-Light,183,ท,False,False,True,False,False,True
ChakraPetch-Light,184,ธ,False,False,True,False,False,True
ChakraPetch-Light,185,น,False,False,True,False,False,True
ChakraPetch-Light,186,บ,False,False,True,False,False,True
ChakraPetch-Light,187,ป,False,False,True,False,False,True
ChakraPetch-Light,188,ผ,False,False,True,False,False,True
ChakraPetch-Light,189,ฝ,False,False,True,False,False,True
ChakraPetch-Light,190,พ,False,False,True,False,False,True
ChakraPetch-Light,191,ฟ,False,False,True,False,False,True
ChakraPetch-Light,192,ภ,False,False,True,False,False,True
ChakraPetch-Light,193,ม,False,False,True,False,False,True
ChakraPetch-Light,194,ย,False,False,True,False,False,True
ChakraPetch-Light,195,ร,False,False,True,False,False,True
ChakraPetch-Light,196,ฤ,False,False,True,False,False,True
ChakraPetch-Light,197,ล,False,False,True,False,False,True
ChakraPetch-Light,199,ว,False,False,True,False,False,True
ChakraPetch-Light,200,ศ,False,False,True,False,False,True
ChakraPetch-Light,201,ษ,False,False,True,False,False,True
ChakraPetch-Light,202,ส,False,False,True,False,False,True
ChakraPetch-Light,203,ห,False,False,True,False,False,True
ChakraPetch-Light,204,ฬ,False,False,True,False,False,True
ChakraPetch-Light,205,อ,False,False,True,False,False,True
ChakraPetch-Light,206,ฮ,False,False,True,False,False,True
ChakraPetch-Light,207,ฯ,False,False,True,False,False,True
ChakraPetch-Light,209,ั,True,True,True,False,False,True
ChakraPetch-Light,210,า,False,False,True,False,False,True
ChakraPetch-Light,212,ิ,True,True,True,False,False,True
ChakraPetch-Light,213,ี,True,True,True,False,False,True
ChakraPetch-Light,214,ึ,True,True,True,False,False,True
ChakraPetch-Light,215,ื,True,True,True,False,False,True
ChakraPetch-Light,216,ุ,True,False,True,False,False,True
ChakraPetch-Light,217,ู,True,False,True,False,False,True
ChakraPetch-Light,224,เ,False,False,True,False,False,True
ChakraPetch-Light,225,แ,False,False,True,False,False,True
ChakraPetch-Light,226,โ,False,False,True,False,False,True
ChakraPetch-Light,227,ใ,False,False,True,False,False,True
ChakraPetch-Light,228,ไ,False,False,True,False,False,True
ChakraPetch-Light,229,ๅ,False,False,True,False,False,True
ChakraPetch-Light,230,ๆ,False,False,True,False,False,True
ChakraPetch-Light,231,็,True,True,True,False,False,True
ChakraPetch-Light,232,่,True,True,True,False,False,True
ChakraPetch-Light,233,้,True,True,True,False,False,True
ChakraPetch-Light,234,๊,True,True,True,False,False,True
ChakraPetch-Light,236,์,True,True,True,False,False,True
ChakraPetch-Light,240,๐,False,False,True,False,False,True
ChakraPetch-Light,241,๑,False,False,True,False,False,True
ChakraPetch-Light,242,๒,False,False,True,False,False,True
ChakraPetch-Light,243,๓,False,False,True,False,False,True
ChakraPetch-Light,244,๔,False,False,True,False,False,True
ChakraPetch-Light,245,๕,False,False,True,False,False,True
ChakraPetch-Light,246,๖,False,False,True,False,False,True
ChakraPetch-Light,247,๗,False,False,True,False,False,True
ChakraPetch-Light,248,๘,False,False,True,False,False,True
ChakraPetch-Light,249,๙,False,False,True,False,False,True
ChakraPetch-Medium,161,ก,False,False,True,False,False,True
ChakraPetch-Medium,162,ข,False,False,True,False,False,True
ChakraPetch-Medium,163,ฃ,False,False,True,False,False,True
ChakraPetch-Medium,164,ค,False,False,True,False,False,True
ChakraPetch-Medium,167,ง,False,False,True,False,False,True
ChakraPetch-Medium,168,จ,False,False,True,False,False,True
ChakraPetch-Medium,169,ฉ,False,False,True,False,False,True
ChakraPetch-Medium,170,ช,False,False,True,False,False,True
ChakraPetch-Medium,171,ซ,False,False,True,False,False,True
ChakraPetch-Medium,173,ญ,False,False,True,False,False,True
ChakraPetch-Medium,175,ฏ,False,False,True,False,False,True
ChakraPetch-Medium,176,ฐ,False,False,True,False,False,True
ChakraPetch-Medium,177,ฑ,False,False,True,False,False,True
ChakraPetch-Medium,178,ฒ,False,False,True,False,False,True
ChakraPetch-Medium,179,ณ,False,False,True,False,False,True
ChakraPetch-Medium,180,ด,False,False,True,False,False,True
ChakraPetch-Medium,181,ต,False,False,True,False,False,True
ChakraPetch-Medium,182,ถ,False,False,True,False,False,True
ChakraPetch-Medium,183,ท,False,False,True,False,False,True
ChakraPetch-Medium,184,ธ,False,False,True,False,False,True
ChakraPetch-Medium,185,น,False,False,True,False,False,True
ChakraPetch-Medium,186,บ,False,False,True,False,False,True
ChakraPetch-Medium,187,ป,False,False,True,False,False,True
ChakraPetch-Medium,188,ผ,False,False,True,False,False,True
ChakraPetch-Medium,189,ฝ,False,False,True,False,False,True
ChakraPetch-Medium,190,พ,False,False,True,False,False,True
ChakraPetch-Medium,191,ฟ,False,False,True,False,False,True
ChakraPetch-Medium,192,ภ,False,False,True,False,False,True
ChakraPetch-Medium,193,ม,False,False,True,False,False,True
ChakraPetch-Medium,194,ย,False,False,True,False,False,True
ChakraPetch-Medium,195,ร,False,False,True,False,False,True
ChakraPetch-Medium,196,ฤ,False,False,True,False,False,True
ChakraPetch-Medium,197,ล,False,False,True,False,False,True
ChakraPetch-Medium,199,ว,False,False,True,False,False,True
ChakraPetch-Medium,200,ศ,False,False,True,False,False,True
ChakraPetch-Medium,201,ษ,False,False,True,False,False,True
ChakraPetch-Medium,202,ส,False,False,True,False,False,True
ChakraPetch-Medium,203,ห,False,False,True,False,False,True
ChakraPetch-Medium,204,ฬ,False,False,True,False,False,True
ChakraPetch-Medium,205,อ,False,False,True,False,False,True
ChakraPetch-Medium,206,ฮ,False,False,True,False,False,True
ChakraPetch-Medium,207,ฯ,False,False,True,False,False,True
ChakraPetch-Medium,209,ั,True,True,True,False,False,True
ChakraPetch-Medium,210,า,False,False,True,False,False,True
ChakraPetch-Medium,212,ิ,True,True,True,False,False,True
ChakraPetch-Medium,213,ี,True,True,True,False,False,True
ChakraPetch-Medium,214,ึ,True,True,True,False,False,True
ChakraPetch-Medium,215,ื,True,True,True,False,False,True
ChakraPetch-Medium,216,ุ,True,False,True,False,False,True
ChakraPetch-Medium,217,ู,True,False,True,False,False,True
ChakraPetch-Medium,224,เ,False,False,True,False,False,True
ChakraPetch-Medium,225,แ,False,False,True,False,False,True
ChakraPetch-Medium,226,โ,False,False,True,False,False,True
ChakraPetch-Medium,227,ใ,False,False,True,False,False,True
ChakraPetch-Medium,228,ไ,False,False,True,False,False,True
ChakraPetch-Medium,229,ๅ,False,False,True,False,False,True
ChakraPetch-Medium,230,ๆ,False,False,True,False,False,True
ChakraPetch-Medium,231,็,True,True,True,False,False,True
ChakraPetch-Medium,232,่,True,True,True,False,False,True
ChakraPetch-Medium,233,้,True,True,True,False,False,True
ChakraPetch-Medium,234,๊,True,True,True,False,False,True
ChakraPetch-Medium,236,์,True,True,True,False,False,True
ChakraPetch-Medium,240,๐,False,False,True,False,False,True
ChakraPetch-Medium,241,๑,False,False,True,False,False,True
ChakraPetch-Medium,242,๒,False,False,True,False,False,True
ChakraPetch-Medium,243,๓,False,False,True,False,False,True
ChakraPetch-Medium,244,๔,False,False,True,False,False,True
ChakraPetch-Medium,245,๕,False,False,True,False,False,True
ChakraPetch-Medium,246,๖,False,False,True,False,False,True
ChakraPetch-Medium,247,๗,False,False,True,False,False,True
ChakraPetch-Medium,248,๘,False,False,True,False,False,True
ChakraPetch-Medium,249,๙,False,False,True,False,False,True
ChakraPetch-Regular,161,ก,False,False,True,False,False,True
ChakraPetch-Regular,162,ข,False,False,True,False,False,True
ChakraPetch-Regular,163,ฃ,False,False,True,False,False,True
ChakraPetch-Regular,164,ค,False,False,True,False,False,True
ChakraPetch-Regular,167,ง,False,False,True,False,False,True
ChakraPetch-Regular,168,จ,False,False,True,False,False,True
ChakraPetch-Regular,169,ฉ,False,False,True,False,False,True
ChakraPetch-Regular,170,ช,False,False,True,False,False,True
ChakraPetch-Regular,171,ซ,False,False,True,False,False,True
ChakraPetch-Regular,173,ญ,False,False,True,False,False,True
ChakraPetch-Regular,175,ฏ,False,False,True,False,False,True
ChakraPetch-Regular,176,ฐ,False,False,True,False,False,True
ChakraPetch-Regular,177,ฑ,False,False,True,False,False,True
ChakraPetch-Regular,178,ฒ,False,False,True,False,False,True
ChakraPetch-Regular,179,ณ,False,False,True,False,False,True
ChakraPetch-Regular,180,ด,False,False,True,False,False,True
ChakraPetch-Regular,181,ต,False,False,True,False,False,True
ChakraPetch-Regular,182,ถ,False,False,True,False,False,True
ChakraPetch-Regular,183,ท,False,False,True,False,False,True
ChakraPetch-Regular,184,ธ,False,False,True,False,False,True
ChakraPetch-Regular,185,น,False,False,True,False,False,True
ChakraPetch-Regular,186,บ,False,False,True,False,False,True
ChakraPetch-Regular,187,ป,False,False,True,False,False,True
ChakraPetch-Regular,188,ผ,False,False,True,False,False,True
ChakraPetch-Regular,189,ฝ,False,False,True,False,False,True
ChakraPetch-Regular,190,พ,False,False,True,False,False,True
ChakraPetch-Regular,191,ฟ,False,False,True,False,False,True
ChakraPetch-Regular,192,ภ,False,False,True,False,False,True
ChakraPetch-Regular,193,ม,False,False,True,False,False,True
ChakraPetch-Regular,194,ย,False,False,True,False,False,True
ChakraPetch-Regular,195,ร,False,False,True,False,False,True
ChakraPetch-Regular,196,ฤ,False,False,True,False,False,True
ChakraPetch-Regular,197,ล,False,False,True,False,False,True
ChakraPetch-Regular,199,ว,False,False,True,False,False,True
ChakraPetch-Regular,200,ศ,False,False,True,False,False,True
ChakraPetch-Regular,201,ษ,False,False,True,False,False,True
ChakraPetch-Regular,202,ส,False,False,True,False,False,True
ChakraPetch-Regular,203,ห,False,False,True,False,False,True
ChakraPetch-Regular,204,ฬ,False,False,True,False,False,True
ChakraPetch-Regular,205,อ,False,False,True,False,False,True
ChakraPetch-Regular,206,ฮ,False,False,True,False,False,True
ChakraPetch-Regular,207,ฯ,False,False,True,False,False,True
ChakraPetch-Regular,209,ั,True,True,True,False,False,True
ChakraPetch-Regular,210,า,False,False,True,False,False,True
ChakraPetch-Regular,212,ิ,True,True,True,False,False,True
ChakraPetch-Regular,213,ี,True,True,True,False,False,True
ChakraPetch-Regular,214,ึ,True,True,True,False,False,True
ChakraPetch-Regular,215,ื,True,True,True,False,False,True
ChakraPetch-Regular,216,ุ,True,False,True,False,False,True
ChakraPetch-Regular,217,ู,True,False,True,False,False,True
ChakraPetch-Regular,224,เ,False,False,True,False,False,True
ChakraPetch-Regular,225,แ,False,False,True,False,False,True
ChakraPetch-Regular,226,โ,False,False,True,False,False,True
ChakraPetch-Regular,227,ใ,False,False,True,False,False,True
ChakraPetch-Regular,228,ไ,False,False,True,False,False,True
ChakraPetch-Regular,229,ๅ,False,False,True,False,False,True
ChakraPetch-Regular,230,ๆ,False,False,True,False,False,True
ChakraPetch-Regular,231,็,True,True,True,False,False,True
ChakraPetch-Regular,232,่,True,True,True,False,False,True
ChakraPetch-Regular,233,้,True,True,True,False,False,True
ChakraPetch-Regular,234,๊,True,True,True,False,False,True
ChakraPetch-Regular,236,์,True,True,True,False,False,True
ChakraPetch-Regular,240,๐,False,False,True,False,False,True
ChakraPetch-Regular,241,๑,False,False,True,False,False,True
ChakraPetch-Regular,242,๒,False,False,True,False,False,True
ChakraPetch-Regular,243,๓,False,False,True,False,False,True
ChakraPetch-Regular,244,๔,False,False,True,False,False,True
ChakraPetch-Regular,245,๕,False,False,True,False,False,True
ChakraPetch-Regular,246,๖,False,False,True,False,False,True
ChakraPetch-Regular,247,๗,False,False,True,False,False,True
ChakraPetch-Regular,248,๘,False,False,True,False,False,True
ChakraPetch-Regular,249,๙,False,False,True,False,False,True
ChakraPetch-SemiBold,161,ก,False,False,True,False,False,True
ChakraPetch-SemiBold,162,ข,False,False,True,False,False,True
ChakraPetch-SemiBold,163,ฃ,False,False,True,False,False,True
ChakraPetch-SemiBold,164,ค,False,False,True,False,False,True
ChakraPetch-SemiBold,167,ง,False,False,True,False,False,True
ChakraPetch-SemiBold,168,จ,False,False,True,False,False,True
ChakraPetch-SemiBold,169,ฉ,False,False,True,False,False,True
ChakraPetch-SemiBold,170,ช,False,False,True,False,False,True
ChakraPetch-SemiBold,171,ซ,False,False,True,False,False,True
ChakraPetch-SemiBold,173,ญ,False,False,True,False,False,True
ChakraPetch-SemiBold,175,ฏ,False,False,True,False,False,True
ChakraPetch-SemiBold,176,ฐ,False,False,True,False,False,True
ChakraPetch-SemiBold,177,ฑ,False,False,True,False,False,True
ChakraPetch-SemiBold,178,ฒ,False,False,True,False,False,True
ChakraPetch-SemiBold,179,ณ,False,False,True,False,False,True
ChakraPetch-SemiBold,180,ด,False,False,True,False,False,True
ChakraPetch-SemiBold,181,ต,False,False,True,False,False,True
ChakraPetch-SemiBold,182,ถ,False,False,True,False,False,True
ChakraPetch-SemiBold,183,ท,False,False,True,False,False,True
ChakraPetch-SemiBold,184,ธ,False,False,True,False,False,True
ChakraPetch-SemiBold,185,น,False,False,True,False,False,True
ChakraPetch-SemiBold,186,บ,False,False,True,False,False,True
ChakraPetch-SemiBold,187,ป,False,False,True,False,False,True
ChakraPetch-SemiBold,188,ผ,False,False,True,False,False,True
ChakraPetch-SemiBold,189,ฝ,False,False,True,False,False,True
ChakraPetch-SemiBold,190,พ,False,False,True,False,False,True
ChakraPetch-SemiBold,191,ฟ,False,False,True,False,False,True
ChakraPetch-SemiBold,192,ภ,False,False,True,False,False,True
ChakraPetch-SemiBold,193,ม,False,False,True,False,False,True
ChakraPetch-SemiBold,194,ย,False,False,True,False,False,True
ChakraPetch-SemiBold,195,ร,False,False,True,False,False,True
ChakraPetch-SemiBold,196,ฤ,False,False,True,False,False,True
ChakraPetch-SemiBold,197,ล,False,False,True,False,False,True
ChakraPetch-SemiBold,199,ว,False,False,True,False,False,True
ChakraPetch-SemiBold,200,ศ,False,False,True,False,False,True
ChakraPetch-SemiBold,201,ษ,False,False,True,False,False,True
ChakraPetch-SemiBold,202,ส,False,False,True,False,False,True
ChakraPetch-SemiBold,203,ห,False,False,True,False,False,True
ChakraPetch-SemiBold,204,ฬ,False,False,True,False,False,True
ChakraPetch-SemiBold,205,อ,False,False,True,False,False,True
ChakraPetch-SemiBold,206,ฮ,False,False,True,False,False,True
ChakraPetch-SemiBold,207,ฯ,False,False,True,False,False,True
ChakraPetch-SemiBold,209,ั,True,True,True,False,False,True
ChakraPetch-SemiBold,210,า,False,False,True,False,False,True
ChakraPetch-SemiBold,212,ิ,True,True,True,False,False,True
ChakraPetch-SemiBold,213,ี,True,True,True,False,False,True
ChakraPetch-SemiBold,214,ึ,True,True,True,False,False,True
ChakraPetch-SemiBold,215,ื,True,True,True,False,False,True
ChakraPetch-SemiBold,216,ุ,True,False,True,False,False,True
ChakraPetch-SemiBold,217,ู,True,False,True,False,False,True
ChakraPetch-SemiBold,224,เ,False,False,True,False,False,True
ChakraPetch-SemiBold,225,แ,False,False,True,False,False,True
ChakraPetch-SemiBold,226,โ,False,False,True,False,False,True
ChakraPetch-SemiBold,227,ใ,False,False,True,False,False,True
ChakraPetch-SemiBold,228,ไ,False,False,True,False,False,True
ChakraPetch-SemiBold,229,ๅ,False,False,True,False,False,True
ChakraPetch-SemiBold,230,ๆ,False,False,True,False,False,True
ChakraPetch-SemiBold,231,็,True,True,True,False,False,True
ChakraPetch-SemiBold,232,่,True,True,True,False,False,True
ChakraPetch-SemiBold,233,้,True,True,True,False,False,True
ChakraPetch-SemiBold,234,๊,True,True,True,False,False,True
ChakraPetch-SemiBold,236,์,True,True,True,False,False,True
ChakraPetch-SemiBold,240,๐,False,False,True,False,False,True
ChakraPetch-SemiBold,241,๑,False,False,True,False,False,True
ChakraPetch-SemiBold,242,๒,False,False,True,False,False,True
ChakraPetch-SemiBold,243,๓,False,False,True,False,False,True
ChakraPetch-SemiBold,244,๔,False,False,True,False,False,True
ChakraPetch-SemiBold,245,๕,False,False,True,False,False,True
ChakraPetch-SemiBold,246,๖,False,False,True,False,False,True
ChakraPetch-SemiBold,247,๗,False,False,True,False,False,True
ChakraPetch-SemiBold,248,๘,False,False,True,False,False,True
ChakraPetch-SemiBold,249,๙,False,False,True,False,False,True
Charm-Bold,161,ก,False,False,True,False,False,True
Charm-Bold,162,ข,False,False,True,False,False,True
Charm-Bold,163,ฃ,False,False,True,False,False,True
Charm-Bold,164,ค,False,False,True,False,False,True
Charm-Bold,167,ง,False,False,True,False,False,True
Charm-Bold,168,จ,False,False,True,False,False,True
Charm-Bold,169,ฉ,False,False,True,False,False,True
Charm-Bold,170,ช,False,False,True,False,False,True
Charm-Bold,171,ซ,False,False,True,False,False,True
Charm-Bold,173,ญ,False,False,True,False,False,True
Charm-Bold,175,ฏ,False,False,True,False,False,True
Charm-Bold,176,ฐ,False,False,True,False,False,True
Charm-Bold,177,ฑ,False,False,True,False,False,True
Charm-Bold,178,ฒ,False,False,True,False,False,True
Charm-Bold,179,ณ,False,False,True,False,False,True
Charm-Bold,180,ด,False,False,True,False,False,True
Charm-Bold,181,ต,False,False,True,False,False,True
Charm-Bold,182,ถ,False,False,True,False,False,True
Charm-Bold,183,ท,False,False,True,False,False,True
Charm-Bold,184,ธ,False,False,True,False,False,True
Charm-Bold,185,น,False,False,True,False,False,True
Charm-Bold,186,บ,False,False,True,False,False,True
Charm-Bold,187,ป,False,False,True,False,False,True
Charm-Bold,188,ผ,False,False,True,False,False,True
Charm-Bold,189,ฝ,False,False,True,False,False,True
Charm-Bold,190,พ,False,False,True,False,False,True
Charm-Bold,191,ฟ,False,False,True,False,False,True
Charm-Bold,192,ภ,False,False,True,False,False,True
Charm-Bold,193,ม,False,False,True,False,False,True
Charm-Bold,194,ย,False,False,True,False,False,True
Charm-Bold,195,ร,False,False,True,False,False,True
Charm-Bold,196,ฤ,False,False,True,False,False,True
Charm-Bold,197,ล,False,False,True,False,False,True
Charm-Bold,199,ว,False,False,True,False,False,True
Charm-Bold,200,ศ,False,False,True,False,False,True
Charm-Bold,201,ษ,False,False,True,False,False,True
Charm-Bold,202,ส,False,False,True,False,False,True
Charm-Bold,203,ห,False,False,True,False,False,True
Charm-Bold,204,ฬ,False,False,True,False,False,True
Charm-Bold,205,อ,False,False,True,False,False,True
Charm-Bold,206,ฮ,False,False,True,False,False,True
Charm-Bold,207,ฯ,False,False,True,False,False,True
Charm-Bold,209,ั,True,True,True,False,False,True
Charm-Bold,210,า,False,False,True,False,False,True
Charm-Bold,212,ิ,True,True,True,False,False,True
Charm-Bold,213,ี,True,True,True,False,False,True
Charm-Bold,214,ึ,True,True,True,False,False,True
Charm-Bold,215,ื,True,True,True,False,False,True
Charm-Bold,216,ุ,True,False,True,False,False,True
Charm-Bold,217,ู,True,False,True,False,False,True
Charm-Bold,224,เ,False,False,True,False,False,True
Charm-Bold,225,แ,False,False,True,False,False,True
Charm-Bold,226,โ,False,False,True,False,False,True
Charm-Bold,227,ใ,False,False,True,False,False,True
Charm-Bold,228,ไ,False,False,True,False,False,True
Charm-Bold,229,ๅ,False,False,True,False,False,True
Charm-Bold,230,ๆ,False,False,True,False,False,True
Charm-Bold,231,็,True,True,True,False,False,True
Charm-Bold,232,่,True,True,True,False,False,True
Charm-Bold,233,้,True,True,True,False,False,True
Charm-Bold,234,๊,True,True,True,False,False,True
Charm-Bold,236,์,True,True,True,False,False,True
Charm-Bold,240,๐,False,False,True,False,False,True
Charm-Bold,241,๑,False,False,True,False,False,True
Charm-Bold,242,๒,False,False,True,False,False,True
Charm-Bold,243,๓,False,False,True,False,False,True
Charm-Bold,244,๔,False,False,True,False,False,True
Charm-Bold,245,๕,False,False,True,False,False,True
Charm-Bold,246,๖,False,False,True,False,False,True
Charm-Bold,247,๗,False,False,True,False,False,True
Charm-Bold,248,๘,False,False,True,False,False,True
Charm-Bold,249,๙,False,False,True,False,False,True
Charm-Regular,161,ก,False,False,True,False,False,True
Charm-Regular,162,ข,False,False,True,False,False,True
Charm-Regular,163,ฃ,False,False,True,False,False,True
Charm-Regular,164,ค,False,False,True,False,False,True
Charm-Regular,167,ง,False,False,True,False,False,True
Charm-Regular,168,จ,False,False,True,False,False,True
Charm-Regular,169,ฉ,False,False,True,False,False,True
Charm-Regular,170,ช,False,False,True,False,False,True
Charm-Regular,171,ซ,False,False,True,False,False,True
Charm-Regular,173,ญ,False,False,True,False,False,True
Charm-Regular,175,ฏ,False,False,True,False,False,True
Charm-Regular,176,ฐ,False,False,True,False,False,True
Charm-Regular,177,ฑ,False,False,True,False,False,True
Charm-Regular,178,ฒ,False,False,True,False,False,True
Charm-Regular,179,ณ,False,False,True,False,False,True
Charm-Regular,180,ด,False,False,True,False,False,True
Charm-Regular,181,ต,False,False,True,False,False,True
Charm-Regular,182,ถ,False,False,True,False,False,True
Charm-Regular,183,ท,False,False,True,False,False,True
Charm-Regular,184,ธ,False,False,True,False,False,True
Charm-Regular,185,น,False,False,True,False,False,True
Charm-Regular,186,บ,False,False,True,False,False,True
Charm-Regular,187,ป,False,False,True,False,False,True
Charm-Regular,188,ผ,False,False,True,False,False,True
Charm-Regular,189,ฝ,False,False,True,False,False,True
Charm-Regular,190,พ,False,False,True,False,False,True
Charm-Regular,191,ฟ,False,False,True,False,False,True
Charm-Regular,192,ภ,False,False,True,False,False,True
Charm-Regular,193,ม,False,False,True,False,False,True
Charm-Regular,194,ย,False,False,True,False,False,True
Charm-Regular,195,ร,False,False,True,False,False,True
Charm-Regular,196,ฤ,False,False,True,False,False,True
Charm-Regular,197,ล,False,False,True,False,False,True
Charm-Regular,199,ว,False,False,True,False,False,True
Charm-Regular,200,ศ,False,False,True,False,False,True
Charm-Regular,201,ษ,False,False,True,False,False,True
Charm-Regular,202,ส,False,False,True,False,False,True
Charm-Regular,203,ห,False,False,True,False,False,True
Charm-Regular,204,ฬ,False,False,True,False,False,True
Charm-Regular,205,อ,False,False,True,False,False,True
Charm-Regular,206,ฮ,False,False,True,False,False,True
Charm-Regular,207,ฯ,False,False,True,False,False,True
Charm-Regular,209,ั,True,True,True,False,False,True
Charm-Regular,210,า,False,False,True,False,False,True
Charm-Regular,212,ิ,True,True,True,False,False,True
Charm-Regular,213,ี,True,True,True,False,False,True
Charm-Regular,214,ึ,True,True,True,False,False,True
Charm-Regular,215,ื,True,True,True,False,False,True
Charm-Regular,216,ุ,True,False,True,False,False,True
Charm-Regular,217,ู,True,False,True,False,False,True
Charm-Regular,224,เ,False,False,True,False,False,True
Charm-Regular,225,แ,False,False,True,False,False,True
Charm-Regular,226,โ,False,False,True,False,False,True
Charm-Regular,227,ใ,False,False,True,False,False,True
Charm-Regular,228,ไ,False,False,True,False,False,True
Charm-Regular,229,ๅ,False,False,True,False,False,True
Charm-Regular,230,ๆ,False,False,True,False,False,True
Charm-Regular,231,็,True,True,True,False,False,True
Charm-Regular,232,่,True,True,True,False,False,True
Charm-Regular,233,้,True,True,True,False,False,True
Charm-Regular,234,๊,True,True,True,False,False,True
Charm-Regular,236,์,True,True,True,False,False,True
Charm-Regular,240,๐,False,False,True,False,False,True
Charm-Regular,241,๑,False,False,True,False,False,True
Charm-Regular,242,๒,False,False,True,False,False,True
Charm-Regular,243,๓,False,False,True,False,False,True
Charm-Regular,244,๔,False,False,True,False,False,True
Charm-Regular,245,๕,False,False,True,False,False,True
Charm-Regular,246,๖,False,False,True,False,False,True
Charm-Regular,247,๗,False,False,True,False,False,True
Charm-Regular,248,๘,False,False,True,False,False,True
Charm-Regular,249,๙,False,False,True,False,False,True
Charmonman-Bold,161,ก,False,False,True,False,False,True
Charmonman-Bold,162,ข,False,False,True,False,False,True
Charmonman-Bold,163,ฃ,False,False,True,False,False,True
Charmonman-Bold,164,ค,False,False,True,False,False,True
Charmonman-Bold,167,ง,False,False,True,False,False,True
Charmonman-Bold,168,จ,False,False,True,False,False,True
Charmonman-Bold,169,ฉ,False,False,True,False,False,True
Charmonman-Bold,170,ช,False,False,True,False,False,True
Charmonman-Bold,171,ซ,False,False,True,False,False,True
Charmonman-Bold,173,ญ,False,False,True,False,False,True
Charmonman-Bold,175,ฏ,False,False,True,False,False,True
Charmonman-Bold,176,ฐ,False,False,True,False,False,True
Charmonman-Bold,177,ฑ,False,False,True,False,False,True
Charmonman-Bold,178,ฒ,False,False,True,False,False,True
Charmonman-Bold,179,ณ,False,False,True,False,False,True
Charmonman-Bold,180,ด,False,False,True,False,False,True
Charmonman-Bold,181,ต,False,False,True,False,False,True
Charmonman-Bold,182,ถ,False,False,True,False,False,True
Charmonman-Bold,183,ท,False,False,True,False,False,True
Charmonman-Bold,184,ธ,False,False,True,False,False,True
Charmonman-Bold,185,น,False,False,True,False,False,True
Charmonman-Bold,186,บ,False,False,True,False,False,True
Charmonman-Bold,187,ป,False,False,True,False,False,True
Charmonman-Bold,188,ผ,False,False,True,False,False,True
Charmonman-Bold,189,ฝ,False,False,True,False,False,True
Charmonman-Bold,190,พ,False,False,True,False,False,True
Charmonman-Bold,191,ฟ,False,False,True,False,False,True
Charmonman-Bold,192,ภ,False,False,True,False,False,True
Charmonman-Bold,193,ม,False,False,True,False,False,True
Charmonman-Bold,194,ย,False,False,True,False,False,True
Charmonman-Bold,195,ร,False,False,True,False,False,True
Charmonman-Bold,196,ฤ,False,False,True,False,False,True
Charmonman-Bold,197,ล,False,False,True,False,False,True
Charmonman-Bold,199,ว,False,False,True,False,False,True
Charmonman-Bold,200,ศ,False,False,True,False,False,True
Charmonman-Bold,201,ษ,False,False,True,False,False,True
Charmonman-Bold,202,ส,False,False,True,False,False,True
Charmonman-Bold,203,ห,False,False,True,False,False,True
Charmonman-Bold,204,ฬ,False,False,True,False,False,True
Charmonman-Bold,205,อ,False,False,True,False,False,True
Charmonman-Bold,206,ฮ,False,False,True,False,False,True
Charmonman-Bold,207,ฯ,False,False,True,False,False,True
Charmonman-Bold,209,ั,True,True,True,False,False,True
Charmonman-Bold,210,า,False,False,True,False,False,True
Charmonman-Bold,212,ิ,True,True,True,False,False,True
Charmonman-Bold,213,ี,True,True,True,False,False,True
Charmonman-Bold,214,ึ,True,True,True,False,False,True
Charmonman-Bold,215,ื,True,True,True,False,False,True
Charmonman-Bold,216,ุ,True,False,True,False,False,True
Charmonman-Bold,217,ู,True,False,True,False,False,True
Charmonman-Bold,224,เ,False,False,True,False,False,True
Charmonman-Bold,225,แ,False,False,True,False,False,True
Charmonman-Bold,226,โ,False,False,True,False,False,True
Charmonman-Bold,227,ใ,False,False,True,False,False,True
Charmonman-Bold,228,ไ,False,False,True,False,False,True
Charmonman-Bold,229,ๅ,False,False,True,False,False,True
Charmonman-Bold,230,ๆ,False,False,True,False,False,True
Charmonman-Bold,231,็,True,True,True,False,False,True
Charmonman-Bold,232,่,True,True,True,False,False,True
Charmonman-Bold,233,้,True,True,True,False,False,True
Charmonman-Bold,234,๊,True,True,True,False,False,True
Charmonman-Bold,236,์,True,True,True,False,False,True
Charmonman-Bold,240,๐,False,False,True,False,False,True
Charmonman-Bold,241,๑,False,False,True,False,False,True
Charmonman-Bold,242,๒,False,False,True,False,False,True
Charmonman-Bold,243,๓,False,False,True,False,False,True
Charmonman-Bold,244,๔,False,False,True,False,False,True
Charmonman-Bold,245,๕,False,False,True,False,False,True
Charmonman-Bold,246,๖,False,False,True,False,False,True
Charmonman-Bold,247,๗,False,False,True,False,False,True
Charmonman-Bold,248,๘,False,False,True,False,False,True
Charmonman-Bold,249,๙,False,False,True,False,False,True
Charmonman-Regular,161,ก,False,False,True,False,False,True
Charmonman-Regular,162,ข,False,False,True,False,False,True
Charmonman-Regular,163,ฃ,False,False,True,False,False,True
Charmonman-Regular,164,ค,False,False,True,False,False,True
Charmonman-Regular,167,ง,False,False,True,False,False,True
Charmonman-Regular,168,จ,False,False,True,False,False,True
Charmonman-Regular,169,ฉ,False,False,True,False,False,True
Charmonman-Regular,170,ช,False,False,True,False,False,True
Charmonman-Regular,171,ซ,False,False,True,False,False,True
Charmonman-Regular,173,ญ,False,False,True,False,False,True
Charmonman-Regular,175,ฏ,False,False,True,False,False,True
Charmonman-Regular,176,ฐ,False,False,True,False,False,True
Charmonman-Regular,177,ฑ,False,False,True,False,False,True
Charmonman-Regular,178,ฒ,False,False,True,False,False,True
Charmonman-Regular,179,ณ,False,False,True,False,False,True
Charmonman-Regular,180,ด,False,False,True,False,False,True
Charmonman-Regular,181,ต,False,False,True,False,False,True
Charmonman-Regular,182,ถ,False,False,True,False,False,True
Charmonman-Regular,183,ท,False,False,True,False,False,True
Charmonman-Regular,184,ธ,False,False,True,False,False,True
Charmonman-Regular,185,น,False,False,True,False,False,True
Charmonman-Regular,186,บ,False,False,True,False,False,True
Charmonman-Regular,187,ป,False,False,True,False,False,True
Charmonman-Regular,188,ผ,False,False,True,False,False,True
Charmonman-Regular,189,ฝ,False,False,True,False,False,True
Charmonman-Regular,190,พ,False,False,True,False,False,True
Charmonman-Regular,191,ฟ,False,False,True,False,False,True
Charmonman-Regular,192,ภ,False,False,True,False,False,True
Charmonman-Regular,193,ม,False,False,True,False,False,True
Charmonman-Regular,194,ย,False,False,True,False,False,True
Charmonman-Regular,195,ร,False,False,True,False,False,True
Charmonman-Regular,196,ฤ,False,False,True,False,False,True
Charmonman-Regular,197,ล,False,False,True,False,False,True
Charmonman-Regular,199,ว,False,False,True,False,False,True
Charmonman-Regular,200,ศ,False,False,True,False,False,True
Charmonman-Regular,201,ษ,False,False,True,False,False,True
Charmonman-Regular,202,ส,False,False,True,False,False,True
Charmonman-Regular,203,ห,False,False,True,False,False,True
Charmonman-Regular,204,ฬ,False,False,True,False,False,True
Charmonman-Regular,205,อ,False,False,True,False,False,True
Charmonman-Regular,206,ฮ,False,False,True,False,False,True
Charmonman-Regular,207,ฯ,False,False,True,False,False,True
Charmonman-Regular,209,ั,True,True,True,False,False,True
Charmonman-Regular,210,า,False,False,True,False,False,True
Charmonman-Regular,212,ิ,True,True,True,False,False,True
Charmonman-Regular,213,ี,True,True,True,False,False,True
Charmonman-Regular,214,ึ,True,True,True,False,False,True
Charmonman-Regular,215,ื,True,True,True,False,False,True
Charmonman-Regular,216,ุ,True,False,True,False,False,True
Charmonman-Regular,217,ู,True,False,True,False,False,True
Charmonman-Regular,224,เ,False,False,True,False,False,True
Charmonman-Regular,225,แ,False,False,True,False,False,True
Charmonman-Regular,226,โ,False,False,True,False,False,True
Charmonman-Regular,227,ใ,False,False,True,False,False,True
Charmonman-Regular,228,ไ,False,False,True,False,False,True
Charmonman-Regular,229,ๅ,False,False,True,False,False,True
Charmonman-Regular,230,ๆ,False,False,True,False,False,True
Charmonman-Regular,231,็,True,True,True,False,False,True
Charmonman-Regular,232,่,True,True,True,False,False,True
Charmonman-Regular,233,้,True,True,True,False,False,True
Charmonman-Regular,234,๊,True,True,True,False,False,True
Charmonman-Regular,236,์,True,True,True,False,False,True
Charmonman-Regular,240,๐,False,False,True,False,False,True
Charmonman-Regular,241,๑,False,False,True,False,False,True
Charmonman-Regular,242,๒,False,False,True,False,False,True
Charmonman-Regular,243,๓,False,False,True,False,False,True
Charmonman-Regular,244,๔,False,False,True,False,False,True
Charmonman-Regular,245,๕,False,False,True,False,False,True
Charmonman-Regular,246,๖,False,False,True,False,False,True
Charmonman-Regular,247,๗,False,False,True,False,False,True
Charmonman-Regular,248,๘,False,False,True,False,False,True
Charmonman-Regular,249,๙,False,False,True,False,False,True
Chonburi-Regular,161,ก,False,False,True,False,False,True
Chonburi-Regular,162,ข,False,False,True,False,False,True
Chonburi-Regular,163,ฃ,False,False,True,False,False,True
Chonburi-Regular,164,ค,False,False,True,False,False,True
Chonburi-Regular,167,ง,False,False,True,False,False,True
Chonburi-Regular,168,จ,False,False,True,False,False,True
Chonburi-Regular,169,ฉ,False,False,True,False,False,True
Chonburi-Regular,170,ช,False,False,True,False,False,True
Chonburi-Regular,171,ซ,False,False,True,False,False,True
Chonburi-Regular,173,ญ,False,False,True,False,False,True
Chonburi-Regular,175,ฏ,False,False,True,False,False,True
Chonburi-Regular,176,ฐ,False,False,True,False,False,True
Chonburi-Regular,177,ฑ,False,False,True,False,False,True
Chonburi-Regular,178,ฒ,False,False,True,False,False,True
Chonburi-Regular,179,ณ,False,False,True,False,False,True
Chonburi-Regular,180,ด,False,False,True,False,False,True
Chonburi-Regular,181,ต,False,False,True,False,False,True
Chonburi-Regular,182,ถ,False,False,True,False,False,True
Chonburi-Regular,183,ท,False,False,True,False,False,True
Chonburi-Regular,184,ธ,False,False,True,False,False,True
Chonburi-Regular,185,น,False,False,True,False,False,True
Chonburi-Regular,186,บ,False,False,True,False,False,True
Chonburi-Regular,187,ป,False,False,True,False,False,True
Chonburi-Regular,188,ผ,False,False,True,False,False,True
Chonburi-Regular,189,ฝ,False,False,True,False,False,True
Chonburi-Regular,190,พ,False,False,True,False,False,True
Chonburi-Regular,191,ฟ,False,False,True,False,False,True
Chonburi-Regular,192,ภ,False,False,True,False,False,True
Chonburi-Regular,193,ม,False,False,True,False,False,True
Chonburi-Regular,194,ย,False,False,True,False,False,True
Chonburi-Regular,195,ร,False,False,True,False,False,True
Chonburi-Regular,196,ฤ,False,False,True,False,False,True
Chonburi-Regular,197,ล,False,False,True,False,False,True
Chonburi-Regular,199,ว,False,False,True,False,False,True
Chonburi-Regular,200,ศ,False,False,True,False,False,True
Chonburi-Regular,201,ษ,False,False,True,False,False,True
Chonburi-Regular,202,ส,False,False,True,False,False,True
Chonburi-Regular,203,ห,False,False,True,False,False,True
Chonburi-Regular,204,ฬ,False,False,True,False,False,True
Chonburi-Regular,205,อ,False,False,True,False,False,True
Chonburi-Regular,206,ฮ,False,False,True,False,False,True
Chonburi-Regular,207,ฯ,False,False,True,False,False,True
Chonburi-Regular,209,ั,True,True,True,False,False,True
Chonburi-Regular,210,า,False,False,True,False,False,True
Chonburi-Regular,212,ิ,True,True,True,False,False,True
Chonburi-Regular,213,ี,True,True,True,False,False,True
Chonburi-Regular,214,ึ,True,True,True,False,False,True
Chonburi-Regular,215,ื,True,True,True,False,False,True
Chonburi-Regular,216,ุ,True,False,True,False,False,True
Chonburi-Regular,217,ู,True,False,True,False,False,True
Chonburi-Regular,224,เ,False,False,True,False,False,True
Chonburi-Regular,225,แ,False,False,True,False,False,True
Chonburi-Regular,226,โ,False,False,True,False,False,True
Chonburi-Regular,227,ใ,False,False,True,False,False,True
Chonburi-Regular,228,ไ,False,False,True,False,False,True
Chonburi-Regular,229,ๅ,False,False,True,False,False,True
Chonburi-Regular,230,ๆ,False,False,True,False,False,True
Chonburi-Regular,231,็,True,True,True,False,False,True
Chonburi-Regular,232,่,True,True,True,False,False,True
Chonburi-Regular,233,้,True,True,True,False,False,True
Chonburi-Regular,234,๊,True,True,True,False,False,True
Chonburi-Regular,236,์,True,True,True,False,False,True
Chonburi-Regular,240,๐,False,False,True,False,False,True
Chonburi-Regular,241,๑,False,False,True,False,False,True
Chonburi-Regular,242,๒,False,False,True,False,False,True
Chonburi-Regular,243,๓,False,False,True,False,False,True
Chonburi-Regular,244,๔,False,False,True,False,False,True
Chonburi-Regular,245,๕,False,False,True,False,False,True
Chonburi-Regular,246,๖,False,False,True,False,False,True
Chonburi-Regular,247,๗,False,False,True,False,False,True
Chonburi-Regular,248,๘,False,False,True,False,False,True
Chonburi-Regular,249,๙,False,False,True,False,False,True
Fahkwang-Bold,161,ก,False,False,True,False,False,True
Fahkwang-Bold,162,ข,False,False,True,False,False,True
Fahkwang-Bold,163,ฃ,False,False,True,False,False,True
Fahkwang-Bold,164,ค,False,False,True,False,False,True
Fahkwang-Bold,167,ง,False,False,True,False,False,True
Fahkwang-Bold,168,จ,False,False,True,False,False,True
Fahkwang-Bold,169,ฉ,False,False,True,False,False,True
Fahkwang-Bold,170,ช,False,False,True,False,False,True
Fahkwang-Bold,171,ซ,False,False,True,False,False,True
Fahkwang-Bold,173,ญ,False,False,True,False,False,True
Fahkwang-Bold,175,ฏ,False,False,True,False,False,True
Fahkwang-Bold,176,ฐ,False,False,True,False,False,True
Fahkwang-Bold,177,ฑ,False,False,True,False,False,True
Fahkwang-Bold,178,ฒ,False,False,True,False,False,True
Fahkwang-Bold,179,ณ,False,False,True,False,False,True
Fahkwang-Bold,180,ด,False,False,True,False,False,True
Fahkwang-Bold,181,ต,False,False,True,False,False,True
Fahkwang-Bold,182,ถ,False,False,True,False,False,True
Fahkwang-Bold,183,ท,False,False,True,False,False,True
Fahkwang-Bold,184,ธ,False,False,True,False,False,True
Fahkwang-Bold,185,น,False,False,True,False,False,True
Fahkwang-Bold,186,บ,False,False,True,False,False,True
Fahkwang-Bold,187,ป,False,False,True,False,False,True
Fahkwang-Bold,188,ผ,False,False,True,False,False,True
Fahkwang-Bold,189,ฝ,False,False,True,False,False,True
Fahkwang-Bold,190,พ,False,False,True,False,False,True
Fahkwang-Bold,191,ฟ,False,False,True,False,False,True
Fahkwang-Bold,192,ภ,False,False,True,False,False,True
Fahkwang-Bold,193,ม,False,False,True,False,False,True
Fahkwang-Bold,194,ย,False,False,True,False,False,True
Fahkwang-Bold,195,ร,False,False,True,False,False,True
Fahkwang-Bold,196,ฤ,False,False,True,False,False,True
Fahkwang-Bold,197,ล,False,False,True,False,False,True
Fahkwang-Bold,199,ว,False,False,True,False,False,True
Fahkwang-Bold,200,ศ,False,False,True,False,False,True
Fahkwang-Bold,201,ษ,False,False,True,False,False,True
Fahkwang-Bold,202,ส,False,False,True,False,False,True
Fahkwang-Bold,203,ห,False,False,True,False,False,True
Fahkwang-Bold,204,ฬ,False,False,True,False,False,True
Fahkwang-Bold,205,อ,False,False,True,False,False,True
Fahkwang-Bold,206,ฮ,False,False,True,False,False,True
Fahkwang-Bold,207,ฯ,False,False,True,False,False,True
Fahkwang-Bold,209,ั,True,True,True,False,False,True
Fahkwang-Bold,210,า,False,False,True,False,False,True
Fahkwang-Bold,212,ิ,True,True,True,False,False,True
Fahkwang-Bold,213,ี,True,True,True,False,False,True
Fahkwang-Bold,214,ึ,True,True,True,False,False,True
Fahkwang-Bold,215,ื,True,True,True,False,False,True
Fahkwang-Bold,216,ุ,True,False,True,False,False,True
Fahkwang-Bold,217,ู,True,False,True,False,False,True
Fahkwang-Bold,224,เ,False,False,True,False,False,True
Fahkwang-Bold,225,แ,False,False,True,False,False,True
Fahkwang-Bold,226,โ,False,False,True,False,False,True
Fahkwang-Bold,227,ใ,False,False,True,False,False,True
Fahkwang-Bold,228,ไ,False,False,True,False,False,True
Fahkwang-Bold,229,ๅ,False,False,True,False,False,True
Fahkwang-Bold,230,ๆ,False,False,True,False,False,True
Fahkwang-Bold,231,็,True,True,True,False,False,True
Fahkwang-Bold,232,่,True,True,True,False,False,True
Fahkwang-Bold,233,้,True,True,True,False,False,True
Fahkwang-Bold,234,๊,True,True,True,False,False,True
Fahkwang-Bold,236,์,True,True,True,False,False,True
Fahkwang-Bold,240,๐,False,False,True,False,False,True
Fahkwang-Bold,241,๑,False,False,True,False,False,True
Fahkwang-Bold,242,๒,False,False,True,False,False,True
Fahkwang-Bold,243,๓,False,False,True,False,False,True
Fahkwang-Bold,244,๔,False,False,True,False,False,True
Fahkwang-Bold,245,๕,False,False,True,False,False,True
Fahkwang-Bold,246,๖,False,False,True,False,False,True
Fahkwang-Bold,247,๗,False,False,True,False,False,True
Fahkwang-Bold,248,๘,False,False,True,False,False,True
Fahkwang-Bold,249,๙,False,False,True,False,False,True
Fahkwang-ExtraLight,161,ก,False,False,True,False,False,True
Fahkwang-ExtraLight,162,ข,False,False,True,False,False,True
Fahkwang-ExtraLight,163,ฃ,False,False,True,False,False,True
Fahkwang-ExtraLight,164,ค,False,False,True,False,False,True
Fahkwang-ExtraLight,167,ง,False,False,True,False,False,True
Fahkwang-ExtraLight,168,จ,False,False,True,False,False,True
Fahkwang-ExtraLight,169,ฉ,False,False,True,False,False,True
Fahkwang-ExtraLight,170,ช,False,False,True,False,False,True
Fahkwang-ExtraLight,171,ซ,False,False,True,False,False,True
Fahkwang-ExtraLight,173,ญ,False,False,True,False,False,True
Fahkwang-ExtraLight,175,ฏ,False,False,True,False,False,True
Fahkwang-ExtraLight,176,ฐ,False,False,True,False,False,True
Fahkwang-ExtraLight,177,ฑ,False,False,True,False,False,True
Fahkwang-ExtraLight,178,ฒ,False,False,True,False,False,True
Fahkwang-ExtraLight,179,ณ,False,False,True,False,False,True
Fahkwang-ExtraLight,180,ด,False,False,True,False,False,True
Fahkwang-ExtraLight,181,ต,False,False,True,False,False,True
Fahkwang-ExtraLight,182,ถ,False,False,True,False,False,True
Fahkwang-ExtraLight,183,ท,False,False,True,False,False,True
Fahkwang-ExtraLight,184,ธ,False,False,True,False,False,True
Fahkwang-ExtraLight,185,น,False,False,True,False,False,True
Fahkwang-ExtraLight,186,บ,False,False,True,False,False,True
Fahkwang-ExtraLight,187,ป,False,False,True,False,False,True
Fahkwang-ExtraLight,188,ผ,False,False,True,False,False,True
Fahkwang-ExtraLight,189,ฝ,False,False,True,False,False,True
Fahkwang-ExtraLight,190,พ,False,False,True,False,False,True
Fahkwang-ExtraLight,191,ฟ,False,False,True,False,False,True
Fahkwang-ExtraLight,192,ภ,False,False,True,False,False,True
Fahkwang-ExtraLight,193,ม,False,False,True,False,False,True
Fahkwang-ExtraLight,194,ย,False,False,True,False,False,True
Fahkwang-ExtraLight,195,ร,False,False,True,False,False,True
Fahkwang-ExtraLight,196,ฤ,False,False,True,False,False,True
Fahkwang-ExtraLight,197,ล,False,False,True,False,False,True
Fahkwang-ExtraLight,199,ว,False,False,True,False,False,True
Fahkwang-ExtraLight,200,ศ,False,False,True,False,False,True
Fahkwang-ExtraLight,201,ษ,False,False,True,False,False,True
Fahkwang-ExtraLight,202,ส,False,False,True,False,False,True
Fahkwang-ExtraLight,203,ห,False,False,True,False,False,True
Fahkwang-ExtraLight,204,ฬ,False,False,True,False,False,True
Fahkwang-ExtraLight,205,อ,False,False,True,False,False,True
Fahkwang-ExtraLight,206,ฮ,False,False,True,False,False,True
Fahkwang-ExtraLight,207,ฯ,False,False,True,False,False,True
Fahkwang-ExtraLight,209,ั,True,True,True,False,False,True
Fahkwang-ExtraLight,210,า,False,False,True,False,False,True
Fahkwang-ExtraLight,212,ิ,True,True,True,False,False,True
Fahkwang-ExtraLight,213,ี,True,True,True,False,False,True
Fahkwang-ExtraLight,214,ึ,True,True,True,False,False,True
Fahkwang-ExtraLight,215,ื,True,True,True,False,False,True
Fahkwang-ExtraLight,216,ุ,True,False,True,False,False,True
Fahkwang-ExtraLight,217,ู,True,False,True,False,False,True
Fahkwang-ExtraLight,224,เ,False,False,True,False,False,True
Fahkwang-ExtraLight,225,แ,False,False,True,False,False,True
Fahkwang-ExtraLight,226,โ,False,False,True,False,False,True
Fahkwang-ExtraLight,227,ใ,False,False,True,False,False,True
Fahkwang-ExtraLight,228,ไ,False,False,True,False,False,True
Fahkwang-ExtraLight,229,ๅ,False,False,True,False,False,True
Fahkwang-ExtraLight,230,ๆ,False,False,True,False,False,True
Fahkwang-ExtraLight,231,็,True,True,True,False,False,True
Fahkwang-ExtraLight,232,่,True,True,True,False,False,True
Fahkwang-ExtraLight,233,้,True,True,True,False,False,True
Fahkwang-ExtraLight,234,๊,True,True,True,False,False,True
Fahkwang-ExtraLight,236,์,True,True,True,False,False,True
Fahkwang-ExtraLight,240,๐,False,False,True,False,False,True
Fahkwang-ExtraLight,241,๑,False,False,True,False,False,True
Fahkwang-ExtraLight,242,๒,False,False,True,False,False,True
Fahkwang-ExtraLight,243,๓,False,False,True,False,False,True
Fahkwang-ExtraLight,244,๔,False,False,True,False,False,True
Fahkwang-ExtraLight,245,๕,False,False,True,False,False,True
Fahkwang-ExtraLight,246,๖,False,False,True,False,False,True
Fahkwang-ExtraLight,247,๗,False,False,True,False,False,True
Fahkwang-ExtraLight,248,๘,False,False,True,False,False,True
Fahkwang-ExtraLight,249,๙,False,False,True,False,False,True
Fahkwang-Light,161,ก,False,False,True,False,False,True
Fahkwang-Light,162,ข,False,False,True,False,False,True
Fahkwang-Light,163,ฃ,False,False,True,False,False,True
Fahkwang-Light,164,ค,False,False,True,False,False,True
Fahkwang-Light,167,ง,False,False,True,False,False,True
Fahkwang-Light,168,จ,False,False,True,False,False,True
Fahkwang-Light,169,ฉ,False,False,True,False,False,True
Fahkwang-Light,170,ช,False,False,True,False,False,True
Fahkwang-Light,171,ซ,False,False,True,False,False,True
Fahkwang-Light,173,ญ,False,False,True,False,False,True
Fahkwang-Light,175,ฏ,False,False,True,False,False,True
Fahkwang-Light,176,ฐ,False,False,True,False,False,True
Fahkwang-Light,177,ฑ,False,False,True,False,False,True
Fahkwang-Light,178,ฒ,False,False,True,False,False,True
Fahkwang-Light,179,ณ,False,False,True,False,False,True
Fahkwang-Light,180,ด,False,False,True,False,False,True
Fahkwang-Light,181,ต,False,False,True,False,False,True
Fahkwang-Light,182,ถ,False,False,True,False,False,True
Fahkwang-Light,183,ท,False,False,True,False,False,True
Fahkwang-Light,184,ธ,False,False,True,False,False,True
Fahkwang-Light,185,น,False,False,True,False,False,True
Fahkwang-Light,186,บ,False,False,True,False,False,True
Fahkwang-Light,187,ป,False,False,True,False,False,True
Fahkwang-Light,188,ผ,False,False,True,False,False,True
Fahkwang-Light,189,ฝ,False,False,True,False,False,True
Fahkwang-Light,190,พ,False,False,True,False,False,True
Fahkwang-Light,191,ฟ,False,False,True,False,False,True
Fahkwang-Light,192,ภ,False,False,True,False,False,True
Fahkwang-Light,193,ม,False,False,True,False,False,True
Fahkwang-Light,194,ย,False,False,True,False,False,True
Fahkwang-Light,195,ร,False,False,True,False,False,True
Fahkwang-Light,196,ฤ,False,False,True,False,False,True
Fahkwang-Light,197,ล,False,False,True,False,False,True
Fahkwang-Light,199,ว,False,False,True,False,False,True
Fahkwang-Light,200,ศ,False,False,True,False,False,True
Fahkwang-Light,201,ษ,False,False,True,False,False,True
Fahkwang-Light,202,ส,False,False,True,False,False,True
Fahkwang-Light,203,ห,False,False,True,False,False,True
Fahkwang-Light,204,ฬ,False,False,True,False,False,True
Fahkwang-Light,205,อ,False,False,True,False,False,True
Fahkwang-Light,206,ฮ,False,False,True,False,False,True
Fahkwang-Light,207,ฯ,False,False,True,False,False,True
Fahkwang-Light,209,ั,True,True,True,False,False,True
Fahkwang-Light,210,า,False,False,True,False,False,True
Fahkwang-Light,212,ิ,True,True,True,False,False,True
Fahkwang-Light,213,ี,True,True,True,False,False,True
Fahkwang-Light,214,ึ,True,True,True,False,False,True
Fahkwang-Light,215,ื,True,True,True,False,False,True
Fahkwang-Light,216,ุ,True,False,True,False,False,True
Fahkwang-Light,217,ู,True,False,True,False,False,True
Fahkwang-Light,224,เ,False,False,True,False,False,True
Fahkwang-Light,225,แ,False,False,True,False,False,True
Fahkwang-Light,226,โ,False,False,True,False,False,True
Fahkwang-Light,227,ใ,False,False,True,False,False,True
Fahkwang-Light,228,ไ,False,False,True,False,False,True
Fahkwang-Light,229,ๅ,False,False,True,False,False,True
Fahkwang-Light,230,ๆ,False,False,True,False,False,True
Fahkwang-Light,231,็,True,True,True,False,False,True
Fahkwang-Light,232,่,True,True,True,False,False,True
Fahkwang-Light,233,้,True,True,True,False,False,True
Fahkwang-Light,234,๊,True,True,True,False,False,True
Fahkwang-Light,236,์,True,True,True,False,False,True
Fahkwang-Light,240,๐,False,False,True,False,False,True
Fahkwang-Light,241,๑,False,False,True,False,False,True
Fahkwang-Light,242,๒,False,False,True,False,False,True
Fahkwang-Light,243,๓,False,False,True,False,False,True
Fahkwang-Light,244,๔,False,False,True,False,False,True
Fahkwang-Light,245,๕,False,False,True,False,False,True
Fahkwang-Light,246,๖,False,False,True,False,False,True
Fahkwang-Light,247,๗,False,False,True,False,False,True
Fahkwang-Light,248,๘,False,False,True,False,False,True
Fahkwang-Light,249,๙,False,False,True,False,False,True
Fahkwang-Medium,161,ก,False,False,True,False,False,True
Fahkwang-Medium,162,ข,False,False,True,False,False,True
Fahkwang-Medium,163,ฃ,False,False,True,False,False,True
Fahkwang-Medium,164,ค,False,False,True,False,False,True
Fahkwang-Medium,167,ง,False,False,True,False,False,True
Fahkwang-Medium,168,จ,False,False,True,False,False,True
Fahkwang-Medium,169,ฉ,False,False,True,False,False,True
Fahkwang-Medium,170,ช,False,False,True,False,False,True
Fahkwang-Medium,171,ซ,False,False,True,False,False,True
Fahkwang-Medium,173,ญ,False,False,True,False,False,True
Fahkwang-Medium,175,ฏ,False,False,True,False,False,True
Fahkwang-Medium,176,ฐ,False,False,True,False,False,True
Fahkwang-Medium,177,ฑ,False,False,True,False,False,True
Fahkwang-Medium,178,ฒ,False,False,True,False,False,True
Fahkwang-Medium,179,ณ,False,False,True,False,False,True
Fahkwang-Medium,180,ด,False,False,True,False,False,True
Fahkwang-Medium,181,ต,False,False,True,False,False,True
Fahkwang-Medium,182,ถ,False,False,True,False,False,True
Fahkwang-Medium,183,ท,False,False,True,False,False,True
Fahkwang-Medium,184,ธ,False,False,True,False,False,True
Fahkwang-Medium,185,น,False,False,True,False,False,True
Fahkwang-Medium,186,บ,False,False,True,False,False,True
Fahkwang-Medium,187,ป,False,False,True,False,False,True
Fahkwang-Medium,188,ผ,False,False,True,False,False,True
Fahkwang-Medium,189,ฝ,False,False,True,False,False,True
Fahkwang-Medium,190,พ,False,False,True,False,False,True
Fahkwang-Medium,191,ฟ,False,False,True,False,False,True
Fahkwang-Medium,192,ภ,False,False,True,False,False,True
Fahkwang-Medium,193,ม,False,False,True,False,False,True
Fahkwang-Medium,194,ย,False,False,True,False,False,True
Fahkwang-Medium,195,ร,False,False,True,False,False,True
Fahkwang-Medium,196,ฤ,False,False,True,False,False,True
Fahkwang-Medium,197,ล,False,False,True,False,False,True
Fahkwang-Medium,199,ว,False,False,True,False,False,True
Fahkwang-Medium,200,ศ,False,False,True,False,False,True
Fahkwang-Medium,201,ษ,False,False,True,False,False,True
Fahkwang-Medium,202,ส,False,False,True,False,False,True
Fahkwang-Medium,203,ห,False,False,True,False,False,True
Fahkwang-Medium,204,ฬ,False,False,True,False,False,True
Fahkwang-Medium,205,อ,False,False,True,False,False,True
Fahkwang-Medium,206,ฮ,False,False,True,False,False,True
Fahkwang-Medium,207,ฯ,False,False,True,False,False,True
Fahkwang-Medium,209,ั,True,True,True,False,False,True
Fahkwang-Medium,210,า,False,False,True,False,False,True
Fahkwang-Medium,212,ิ,True,True,True,False,False,True
Fahkwang-Medium,213,ี,True,True,True,False,False,True
Fahkwang-Medium,214,ึ,True,True,True,False,False,True
Fahkwang-Medium,215,ื,True,True,True,False,False,True
Fahkwang-Medium,216,ุ,True,False,True,False,False,True
Fahkwang-Medium,217,ู,True,False,True,False,False,True
Fahkwang-Medium,224,เ,False,False,True,False,False,True
Fahkwang-Medium,225,แ,False,False,True,False,False,True
Fahkwang-Medium,226,โ,False,False,True,False,False,True
Fahkwang-Medium,227,ใ,False,False,True,False,False,True
Fahkwang-Medium,228,ไ,False,False,True,False,False,True
Fahkwang-Medium,229,ๅ,False,False,True,False,False,True
Fahkwang-Medium,230,ๆ,False,False,True,False,False,True
Fahkwang-Medium,231,็,True,True,True,False,False,True
Fahkwang-Medium,232,่,True,True,True,False,False,True
Fahkwang-Medium,233,้,True,True,True,False,False,True
Fahkwang-Medium,234,๊,True,True,True,False,False,True
Fahkwang-Medium,236,์,True,True,True,False,False,True
Fahkwang-Medium,240,๐,False,False,True,False,False,True
Fahkwang-Medium,241,๑,False,False,True,False,False,True
Fahkwang-Medium,242,๒,False,False,True,False,False,True
Fahkwang-Medium,243,๓,False,False,True,False,False,True
Fahkwang-Medium,244,๔,False,False,True,False,False,True
Fahkwang-Medium,245,๕,False,False,True,False,False,True
Fahkwang-Medium,246,๖,False,False,True,False,False,True
Fahkwang-Medium,247,๗,False,False,True,False,False,True
Fahkwang-Medium,248,๘,False,False,True,False,False,True
Fahkwang-Medium,249,๙,False,False,True,False,False,True
Fahkwang-Regular,161,ก,False,False,True,False,False,True
Fahkwang-Regular,162,ข,False,False,True,False,False,True
Fahkwang-Regular,163,ฃ,False,False,True,False,False,True
Fahkwang-Regular,164,ค,False,False,True,False,False,True
Fahkwang-Regular,167,ง,False,False,True,False,False,True
Fahkwang-Regular,168,จ,False,False,True,False,False,True
Fahkwang-Regular,169,ฉ,False,False,True,False,False,True
Fahkwang-Regular,170,ช,False,False,True,False,False,True
Fahkwang-Regular,171,ซ,False,False,True,False,False,True
Fahkwang-Regular,173,ญ,False,False,True,False,False,True
Fahkwang-Regular,175,ฏ,False,False,True,False,False,True
Fahkwang-Regular,176,ฐ,False,False,True,False,False,True
Fahkwang-Regular,177,ฑ,False,False,True,False,False,True
Fahkwang-Regular,178,ฒ,False,False,True,False,False,True
Fahkwang-Regular,179,ณ,False,False,True,False,False,True
Fahkwang-Regular,180,ด,False,False,True,False,False,True
Fahkwang-Regular,181,ต,False,False,True,False,False,True
Fahkwang-Regular,182,ถ,False,False,True,False,False,True
Fahkwang-Regular,183,ท,False,False,True,False,False,True
Fahkwang-Regular,184,ธ,False,False,True,False,False,True
Fahkwang-Regular,185,น,False,False,True,False,False,True
Fahkwang-Regular,186,บ,False,False,True,False,False,True
Fahkwang-Regular,187,ป,False,False,True,False,False,True
Fahkwang-Regular,188,ผ,False,False,True,False,False,True
Fahkwang-Regular,189,ฝ,False,False,True,False,False,True
Fahkwang-Regular,190,พ,False,False,True,False,False,True
Fahkwang-Regular,191,ฟ,False,False,True,False,False,True
Fahkwang-Regular,192,ภ,False,False,True,False,False,True
Fahkwang-Regular,193,ม,False,False,True,False,False,True
Fahkwang-Regular,194,ย,False,False,True,False,False,True
Fahkwang-Regular,195,ร,False,False,True,False,False,True
Fahkwang-Regular,196,ฤ,False,False,True,False,False,True
Fahkwang-Regular,197,ล,False,False,True,False,False,True
Fahkwang-Regular,199,ว,False,False,True,False,False,True
Fahkwang-Regular,200,ศ,False,False,True,False,False,True
Fahkwang-Regular,201,ษ,False,False,True,False,False,True
Fahkwang-Regular,202,ส,False,False,True,False,False,True
Fahkwang-Regular,203,ห,False,False,True,False,False,True
Fahkwang-Regular,204,ฬ,False,False,True,False,False,True
Fahkwang-Regular,205,อ,False,False,True,False,False,True
Fahkwang-Regular,206,ฮ,False,False,True,False,False,True
Fahkwang-Regular,207,ฯ,False,False,True,False,False,True
Fahkwang-Regular,209,ั,True,True,True,False,False,True
Fahkwang-Regular,210,า,False,False,True,False,False,True
Fahkwang-Regular,212,ิ,True,True,True,False,False,True
Fahkwang-Regular,213,ี,True,True,True,False,False,True
Fahkwang-Regular,214,ึ,True,True,True,False,False,True
Fahkwang-Regular,215,ื,True,True,True,False,False,True
Fahkwang-Regular,216,ุ,True,False,True,False,False,True
Fahkwang-Regular,217,ู,True,False,True,False,False,True
Fahkwang-Regular,224,เ,False,False,True,False,False,True
Fahkwang-Regular,225,แ,False,False,True,False,False,True
Fahkwang-Regular,226,โ,False,False,True,False,False,True
Fahkwang-Regular,227,ใ,False,False,True,False,False,True
Fahkwang-Regular,228,ไ,False,False,True,False,False,True
Fahkwang-Regular,229,ๅ,False,False,True,False,False,True
Fahkwang-Regular,230,ๆ,False,False,True,False,False,True
Fahkwang-Regular,231,็,True,True,True,False,False,True
Fahkwang-Regular,232,่,True,True,True,False,False,True
Fahkwang-Regular,233,้,True,True,True,False,False,True
Fahkwang-Regular,234,๊,True,True,True,False,False,True
Fahkwang-Regular,236,์,True,True,True,False,False,True
Fahkwang-Regular,240,๐,False,False,True,False,False,True
Fahkwang-Regular,241,๑,False,False,True,False,False,True
Fahkwang-Regular,242,๒,False,False,True,False,False,True
Fahkwang-Regular,243,๓,False,False,True,False,False,True
Fahkwang-Regular,244,๔,False,False,True,False,False,True
Fahkwang-Regular,245,๕,False,False,True,False,False,True
Fahkwang-Regular,246,๖,False,False,True,False,False,True
Fahkwang-Regular,247,๗,False,False,True,False,False,True
Fahkwang-Regular,248,๘,False,False,True,False,False,True
Fahkwang-Regular,249,๙,False,False,True,False,False,True
Fahkwang-SemiBold,161,ก,False,False,True,False,False,True
Fahkwang-SemiBold,162,ข,False,False,True,False,False,True
Fahkwang-SemiBold,163,ฃ,False,False,True,False,False,True
Fahkwang-SemiBold,164,ค,False,False,True,False,False,True
Fahkwang-SemiBold,167,ง,False,False,True,False,False,True
Fahkwang-SemiBold,168,จ,False,False,True,False,False,True
Fahkwang-SemiBold,169,ฉ,False,False,True,False,False,True
Fahkwang-SemiBold,170,ช,False,False,True,False,False,True
Fahkwang-SemiBold,171,ซ,False,False,True,False,False,True
Fahkwang-SemiBold,173,ญ,False,False,True,False,False,True
Fahkwang-SemiBold,175,ฏ,False,False,True,False,False,True
Fahkwang-SemiBold,176,ฐ,False,False,True,False,False,True
Fahkwang-SemiBold,177,ฑ,False,False,True,False,False,True
Fahkwang-SemiBold,178,ฒ,False,False,True,False,False,True
Fahkwang-SemiBold,179,ณ,False,False,True,False,False,True
Fahkwang-SemiBold,180,ด,False,False,True,False,False,True
Fahkwang-SemiBold,181,ต,False,False,True,False,False,True
Fahkwang-SemiBold,182,ถ,False,False,True,False,False,True
Fahkwang-SemiBold,183,ท,False,False,True,False,False,True
Fahkwang-SemiBold,184,ธ,False,False,True,False,False,True
Fahkwang-SemiBold,185,น,False,False,True,False,False,True
Fahkwang-SemiBold,186,บ,False,False,True,False,False,True
Fahkwang-SemiBold,187,ป,False,False,True,False,False,True
Fahkwang-SemiBold,188,ผ,False,False,True,False,False,True
Fahkwang-SemiBold,189,ฝ,False,False,True,False,False,True
Fahkwang-SemiBold,190,พ,False,False,True,False,False,True
Fahkwang-SemiBold,191,ฟ,False,False,True,False,False,True
Fahkwang-SemiBold,192,ภ,False,False,True,False,False,True
Fahkwang-SemiBold,193,ม,False,False,True,False,False,True
Fahkwang-SemiBold,194,ย,False,False,True,False,False,True
Fahkwang-SemiBold,195,ร,False,False,True,False,False,True
Fahkwang-SemiBold,196,ฤ,False,False,True,False,False,True
Fahkwang-SemiBold,197,ล,False,False,True,False,False,True
Fahkwang-SemiBold,199,ว,False,False,True,False,False,True
Fahkwang-SemiBold,200,ศ,False,False,True,False,False,True
Fahkwang-SemiBold,201,ษ,False,False,True,False,False,True
Fahkwang-SemiBold,202,ส,False,False,True,False,False,True
Fahkwang-SemiBold,203,ห,False,False,True,False,False,True
Fahkwang-SemiBold,204,ฬ,False,False,True,False,False,True
Fahkwang-SemiBold,205,อ,False,False,True,False,False,True
Fahkwang-SemiBold,206,ฮ,False,False,True,False,False,True
Fahkwang-SemiBold,207,ฯ,False,False,True,False,False,True
Fahkwang-SemiBold,209,ั,True,True,True,False,False,True
Fahkwang-SemiBold,210,า,False,False,True,False,False,True
Fahkwang-SemiBold,212,ิ,True,True,True,False,False,True
Fahkwang-SemiBold,213,ี,True,True,True,False,False,True
Fahkwang-SemiBold,214,ึ,True,True,True,False,False,True
Fahkwang-SemiBold,215,ื,True,True,True,False,False,True
Fahkwang-SemiBold,216,ุ,True,False,True,False,False,True
Fahkwang-SemiBold,217,ู,True,False,True,False,False,True
Fahkwang-SemiBold,224,เ,False,False,True,False,False,True
Fahkwang-SemiBold,225,แ,False,False,True,False,False,True
Fahkwang-SemiBold,226,โ,False,False,True,False,False,True
Fahkwang-SemiBold,227,ใ,False,False,True,False,False,True
Fahkwang-SemiBold,228,ไ,False,False,True,False,False,True
Fahkwang-SemiBold,229,ๅ,False,False,True,False,False,True
Fahkwang-SemiBold,230,ๆ,False,False,True,False,False,True
Fahkwang-SemiBold,231,็,True,True,True,False,False,True
Fahkwang-SemiBold,232,่,True,True,True,False,False,True
Fahkwang-SemiBold,233,้,True,True,True,False,False,True
Fahkwang-SemiBold,234,๊,True,True,True,False,False,True
Fahkwang-SemiBold,236,์,True,True,True,False,False,True
Fahkwang-SemiBold,240,๐,False,False,True,False,False,True
Fahkwang-SemiBold,241,๑,False,False,True,False,False,True
Fahkwang-SemiBold,242,๒,False,False,True,False,False,True
Fahkwang-SemiBold,243,๓,False,False,True,False,False,True
Fahkwang-SemiBold,244,๔,False,False,True,False,False,True
Fahkwang-SemiBold,245,๕,False,False,True,False,False,True
Fahkwang-SemiBold,246,๖,False,False,True,False,False,True
Fahkwang-SemiBold,247,๗,False,False,True,False,False,True
Fahkwang-SemiBold,248,๘,False,False,True,False,False,True
Fahkwang-SemiBold,249,๙,False,False,True,False,False,True
IBMPlexSansThai-Bold,161,ก,False,False,True,False,False,True
IBMPlexSansThai-Bold,162,ข,False,False,True,False,False,True
IBMPlexSansThai-Bold,163,ฃ,False,False,True,False,False,True
IBMPlexSansThai-Bold,164,ค,False,False,True,False,False,True
IBMPlexSansThai-Bold,167,ง,False,False,True,False,False,True
IBMPlexSansThai-Bold,168,จ,False,False,True,False,False,True
IBMPlexSansThai-Bold,169,ฉ,False,False,True,False,False,True
IBMPlexSansThai-Bold,170,ช,False,False,True,False,False,True
IBMPlexSansThai-Bold,171,ซ,False,False,True,False,False,True
IBMPlexSansThai-Bold,173,ญ,False,False,True,False,False,True
IBMPlexSansThai-Bold,175,ฏ,False,False,True,False,False,True
IBMPlexSansThai-Bold,176,ฐ,False,False,True,False,False,True
IBMPlexSansThai-Bold,177,ฑ,False,False,True,False,False,True
IBMPlexSansThai-Bold,178,ฒ,False,False,True,False,False,True
IBMPlexSansThai-Bold,179,ณ,False,False,True,False,False,True
IBMPlexSansThai-Bold,180,ด,False,False,True,False,False,True
IBMPlexSansThai-Bold,181,ต,False,False,True,False,False,True
IBMPlexSansThai-Bold,182,ถ,False,False,True,False,False,True
IBMPlexSansThai-Bold,183,ท,False,False,True,False,False,True
IBMPlexSansThai-Bold,184,ธ,False,False,True,False,False,True
IBMPlexSansThai-Bold,185,น,False,False,True,False,False,True
IBMPlexSansThai-Bold,186,บ,False,False,True,False,False,True
IBMPlexSansThai-Bold,187,ป,False,False,True,False,False,True
IBMPlexSansThai-Bold,188,ผ,False,False,True,False,False,True
IBMPlexSansThai-Bold,189,ฝ,False,False,True,False,False,True
IBMPlexSansThai-Bold,190,พ,False,False,True,False,False,True
IBMPlexSansThai-Bold,191,ฟ,False,False,True,False,False,True
IBMPlexSansThai-Bold,192,ภ,False,False,True,False,False,True
IBMPlexSansThai-Bold,193,ม,False,False,True,False,False,True
IBMPlexSansThai-Bold,194,ย,False,False,True,False,False,True
IBMPlexSansThai-Bold,195,ร,False,False,True,False,False,True
IBMPlexSansThai-Bold,196,ฤ,False,False,True,False,False,True
IBMPlexSansThai-Bold,197,ล,False,False,True,False,False,True
IBMPlexSansThai-Bold,199,ว,False,False,True,False,False,True
IBMPlexSansThai-Bold,200,ศ,False,False,True,False,False,True
IBMPlexSansThai-Bold,201,ษ,False,False,True,False,False,True
IBMPlexSansThai-Bold,202,ส,False,False,True,False,False,True
IBMPlexSansThai-Bold,203,ห,False,False,True,False,False,True
IBMPlexSansThai-Bold,204,ฬ,False,False,True,False,False,True
IBMPlexSansThai-Bold,205,อ,False,False,True,False,False,True
IBMPlexSansThai-Bold,206,ฮ,False,False,True,False,False,True
IBMPlexSansThai-Bold,207,ฯ,False,False,True,False,False,True
IBMPlexSansThai-Bold,209,ั,True,True,True,False,False,True
IBMPlexSansThai-Bold,210,า,False,False,True,False,False,True
IBMPlexSansThai-Bold,212,ิ,True,True,True,False,False,True
IBMPlexSansThai-Bold,213,ี,True,True,True,False,False,True
IBMPlexSansThai-Bold,214,ึ,True,True,True,False,False,True
IBMPlexSansThai-Bold,215,ื,True,True,True,False,False,True
IBMPlexSansThai-Bold,216,ุ,True,False,True,False,False,True
IBMPlexSansThai-Bold,217,ู,True,False,True,False,False,True
IBMPlexSansThai-Bold,224,เ,False,False,True,False,False,True
IBMPlexSansThai-Bold,225,แ,False,False,True,False,False,True
IBMPlexSansThai-Bold,226,โ,False,False,True,False,False,True
IBMPlexSansThai-Bold,227,ใ,False,False,True,False,False,True
IBMPlexSansThai-Bold,228,ไ,False,False,True,False,False,True
IBMPlexSansThai-Bold,229,ๅ,False,False,True,False,False,True
IBMPlexSansThai-Bold,230,ๆ,False,False,True,False,False,True
IBMPlexSansThai-Bold,231,็,True,True,True,False,False,True
IBMPlexSansThai-Bold,232,่,True,True,True,False,False,True
IBMPlexSansThai-Bold,233,้,True,True,True,False,False,True
IBMPlexSansThai-Bold,234,๊,True,True,True,False,False,True
IBMPlexSansThai-Bold,236,์,True,True,True,False,False,True
IBMPlexSansThai-Bold,240,๐,False,False,True,False,False,True
IBMPlexSansThai-Bold,241,๑,False,False,True,False,False,True
IBMPlexSansThai-Bold,242,๒,False,False,True,False,False,True
IBMPlexSansThai-Bold,243,๓,False,False,True,False,False,True
IBMPlexSansThai-Bold,244,๔,False,False,True,False,False,True
IBMPlexSansThai-Bold,245,๕,False,False,True,False,False,True
IBMPlexSansThai-Bold,246,๖,False,False,True,False,False,True
IBMPlexSansThai-Bold,247,๗,False,False,True,False,False,True
IBMPlexSansThai-Bold,248,๘,False,False,True,False,False,True
IBMPlexSansThai-Bold,249,๙,False,False,True,False,False,True
IBMPlexSansThai-ExtraLight,161,ก,False,False,True,False,False,True
IBMPlexSansThai-ExtraLight,162,ข,False,False,True,False,False,True
IBMPlexSansThai-ExtraLight,163,ฃ,False,False,True,False,False,True
IBMPlexSansThai-ExtraLight,164,ค,False,False,True,False,False,True
IBMPlexSansThai-ExtraLight,167,ง,False,False,True,False,False,True
IBMPlexSansThai-ExtraLight,168,จ,False,False,True,False,False,True
IBMPlexSansThai-ExtraLight,169,ฉ,False,False,True,False,False,True
IBMPlexSansThai-ExtraLight,170,ช,False,False,True,False,False,True
IBMPlexSansThai-ExtraLight,171,ซ,False,False,True,False,False,True
IBMPlexSansThai-ExtraLight,173,ญ,False,False,True,False,False,True
IBMPlexSansThai-ExtraLight,175,ฏ,False,False,True,False,False,True
IBMPlexSansThai-ExtraLight,176,ฐ,False,False,True,False,False,True
IBMPlexSansThai-ExtraLight,177,ฑ,False,False,True,False,False,True
IBMPlexSansThai-ExtraLight,178,ฒ,False,False,True,False,False,True
IBMPlexSansThai-ExtraLight,179,ณ,False,False,True,False,False,True
IBMPlexSansThai-ExtraLight,180,ด,False,False,True,False,False,True
IBMPlexSansThai-ExtraLight,181,ต,False,False,True,False,False,True
IBMPlexSansThai-ExtraLight,182,ถ,False,False,True,False,False,True
IBMPlexSansThai-ExtraLight,183,ท,False,False,True,False,False,True
IBMPlexSansThai-ExtraLight,184,ธ,False,False,True,False,False,True
IBMPlexSansThai-ExtraLight,185,น,False,False,True,False,False,True
IBMPlexSansThai-ExtraLight,186,บ,False,False,True,False,False,True
IBMPlexSansThai-ExtraLight,187,ป,False,False,True,False,False,True
IBMPlexSansThai-ExtraLight,188,ผ,False,False,True,False,False,True
IBMPlexSansThai-ExtraLight,189,ฝ,False,False,True,False,False,True
IBMPlexSansThai-ExtraLight,190,พ,False,False,True,False,False,True
IBMPlexSansThai-ExtraLight,191,ฟ,False,False,True,False,False,True
IBMPlexSansThai-ExtraLight,192,ภ,False,False,True,False,False,True
IBMPlexSansThai-ExtraLight,193,ม,False,False,True,False,False,True
IBMPlexSansThai-ExtraLight,194,ย,False,False,True,False,False,True
IBMPlexSansThai-ExtraLight,195,ร,False,False,True,False,False,True
IBMPlexSansThai-ExtraLight,196,ฤ,False,False,True,False,False,True
IBMPlexSansThai-ExtraLight,197,ล,False,False,True,False,False,True
IBMPlexSansThai-ExtraLight,199,ว,False,False,True,False,False,True
IBMPlexSansThai-ExtraLight,200,ศ,False,False,True,False,False,True
IBMPlexSansThai-ExtraLight,201,ษ,False,False,True,False,False,True
IBMPlexSansThai-ExtraLight,202,ส,False,False,True,False,False,True
IBMPlexSansThai-ExtraLight,203,ห,False,False,True,False,False,True
IBMPlexSansThai-ExtraLight,204,ฬ,False,False,True,False,False,True
IBMPlexSansThai-ExtraLight,205,อ,False,False,True,False,False,True
IBMPlexSansThai-ExtraLight,206,ฮ,False,False,True,False,False,True
IBMPlexSansThai-ExtraLight,207,ฯ,False,False,True,False,False,True
IBMPlexSansThai-ExtraLight,209,ั,True,True,True,False,False,True
IBMPlexSansThai-ExtraLight,210,า,False,False,True,False,False,True
IBMPlexSansThai-ExtraLight,212,ิ,True,True,True,False,False,True
IBMPlexSansThai-ExtraLight,213,ี,True,True,True,False,False,True
IBMPlexSansThai-ExtraLight,214,ึ,True,True,True,False,False,True
IBMPlexSansThai-ExtraLight,215,ื,True,True,True,False,False,True
IBMPlexSansThai-ExtraLight,216,ุ,True,False,True,False,False,True
IBMPlexSansThai-ExtraLight,217,ู,True,False,True,False,False,True
IBMPlexSansThai-ExtraLight,224,เ,False,False,True,False,False,True
IBMPlexSansThai-ExtraLight,225,แ,False,False,True,False,False,True
IBMPlexSansThai-ExtraLight,226,โ,False,False,True,False,False,True
IBMPlexSansThai-ExtraLight,227,ใ,False,False,True,False,False,True
IBMPlexSansThai-ExtraLight,228,ไ,False,False,True,False,False,True
IBMPlexSansThai-ExtraLight,229,ๅ,False,False,True,False,False,True
IBMPlexSansThai-ExtraLight,230,ๆ,False,False,True,False,False,True
IBMPlexSansThai-ExtraLight,231,็,True,True,True,False,False,True
IBMPlexSansThai-ExtraLight,232,่,True,True,True,False,False,True
IBMPlexSansThai-ExtraLight,233,้,True,True,True,False,False,True
IBMPlexSansThai-ExtraLight,234,๊,True,True,True,False,False,True
IBMPlexSansThai-ExtraLight,236,์,True,True,True,False,False,True
IBMPlexSansThai-ExtraLight,240,๐,False,False,True,False,False,True
IBMPlexSansThai-ExtraLight,241,๑,False,False,True,False,False,True
IBMPlexSansThai-ExtraLight,242,๒,False,False,True,False,False,True
IBMPlexSansThai-ExtraLight,243,๓,False,False,True,False,False,True
IBMPlexSansThai-ExtraLight,244,๔,False,False,True,False,False,True
IBMPlexSansThai-ExtraLight,245,๕,False,False,True,False,False,True
IBMPlexSansThai-ExtraLight,246,๖,False,False,True,False,False,True
IBMPlexSansThai-ExtraLight,247,๗,False,False,True,False,False,True
IBMPlexSansThai-ExtraLight,248,๘,False,False,True,False,False,True
IBMPlexSansThai-ExtraLight,249,๙,False,False,True,False,False,True
IBMPlexSansThai-Light,161,ก,False,False,True,False,False,True
IBMPlexSansThai-Light,162,ข,False,False,True,False,False,True
IBMPlexSansThai-Light,163,ฃ,False,False,True,False,False,True
IBMPlexSansThai-Light,164,ค,False,False,True,False,False,True
IBMPlexSansThai-Light,167,ง,False,False,True,False,False,True
IBMPlexSansThai-Light,168,จ,False,False,True,False,False,True
IBMPlexSansThai-Light,169,ฉ,False,False,True,False,False,True
IBMPlexSansThai-Light,170,ช,False,False,True,False,False,True
IBMPlexSansThai-Light,171,ซ,False,False,True,False,False,True
IBMPlexSansThai-Light,173,ญ,False,False,True,False,False,True
IBMPlexSansThai-Light,175,ฏ,False,False,True,False,False,True
IBMPlexSansThai-Light,176,ฐ,False,False,True,False,False,True
IBMPlexSansThai-Light,177,ฑ,False,False,True,False,False,True
IBMPlexSansThai-Light,178,ฒ,False,False,True,False,False,True
IBMPlexSansThai-Light,179,ณ,False,False,True,False,False,True
IBMPlexSansThai-Light,180,ด,False,False,True,False,False,True
IBMPlexSansThai-Light,181,ต,False,False,True,False,False,True
IBMPlexSansThai-Light,182,ถ,False,False,True,False,False,True
IBMPlexSansThai-Light,183,ท,False,False,True,False,False,True
IBMPlexSansThai-Light,184,ธ,False,False,True,False,False,True
IBMPlexSansThai-Light,185,น,False,False,True,False,False,True
IBMPlexSansThai-Light,186,บ,False,False,True,False,False,True
IBMPlexSansThai-Light,187,ป,False,False,True,False,False,True
IBMPlexSansThai-Light,188,ผ,False,False,True,False,False,True
IBMPlexSansThai-Light,189,ฝ,False,False,True,False,False,True
IBMPlexSansThai-Light,190,พ,False,False,True,False,False,True
IBMPlexSansThai-Light,191,ฟ,False,False,True,False,False,True
IBMPlexSansThai-Light,192,ภ,False,False,True,False,False,True
IBMPlexSansThai-Light,193,ม,False,False,True,False,False,True
IBMPlexSansThai-Light,194,ย,False,False,True,False,False,True
IBMPlexSansThai-Light,195,ร,False,False,True,False,False,True
IBMPlexSansThai-Light,196,ฤ,False,False,True,False,False,True
IBMPlexSansThai-Light,197,ล,False,False,True,False,False,True
IBMPlexSansThai-Light,199,ว,False,False,True,False,False,True
IBMPlexSansThai-Light,200,ศ,False,False,True,False,False,True
IBMPlexSansThai-Light,201,ษ,False,False,True,False,False,True
IBMPlexSansThai-Light,202,ส,False,False,True,False,False,True
IBMPlexSansThai-Light,203,ห,False,False,True,False,False,True
IBMPlexSansThai-Light,204,ฬ,False,False,True,False,False,True
IBMPlexSansThai-Light,205,อ,False,False,True,False,False,True
IBMPlexSansThai-Light,206,ฮ,False,False,True,False,False,True
IBMPlexSansThai-Light,207,ฯ,False,False,True,False,False,True
IBMPlexSansThai-Light,209,ั,True,True,True,False,False,True
IBMPlexSansThai-Light,210,า,False,False,True,False,False,True
IBMPlexSansThai-Light,212,ิ,True,True,True,False,False,True
IBMPlexSansThai-Light,213,ี,True,True,True,False,False,True
IBMPlexSansThai-Light,214,ึ,True,True,True,False,False,True
IBMPlexSansThai-Light,215,ื,True,True,True,False,False,True
IBMPlexSansThai-Light,216,ุ,True,False,True,False,False,True
IBMPlexSansThai-Light,217,ู,True,False,True,False,False,True
IBMPlexSansThai-Light,224,เ,False,False,True,False,False,True
IBMPlexSansThai-Light,225,แ,False,False,True,False,False,True
IBMPlexSansThai-Light,226,โ,False,False,True,False,False,True
IBMPlexSansThai-Light,227,ใ,False,False,True,False,False,True
IBMPlexSansThai-Light,228,ไ,False,False,True,False,False,True
IBMPlexSansThai-Light,229,ๅ,False,False,True,False,False,True
IBMPlexSansThai-Light,230,ๆ,False,False,True,False,False,True
IBMPlexSansThai-Light,231,็,True,True,True,False,False,True
IBMPlexSansThai-Light,232,่,True,True,True,False,False,True
IBMPlexSansThai-Light,233,้,True,True,True,False,False,True
IBMPlexSansThai-Light,234,๊,True,True,True,False,False,True
IBMPlexSansThai-Light,236,์,True,True,True,False,False,True
IBMPlexSansThai-Light,240,๐,False,False,True,False,False,True
IBMPlexSansThai-Light,241,๑,False,False,True,False,False,True
IBMPlexSansThai-Light,242,๒,False,False,True,False,False,True
IBMPlexSansThai-Light,243,๓,False,False,True,False,False,True
IBMPlexSansThai-Light,244,๔,False,False,True,False,False,True
IBMPlexSansThai-Light,245,๕,False,False,True,False,False,True
IBMPlexSansThai-Light,246,๖,False,False,True,False,False,True
IBMPlexSansThai-Light,247,๗,False,False,True,False,False,True
IBMPlexSansThai-Light,248,๘,False,False,True,False,False,True
IBMPlexSansThai-Light,249,๙,False,False,True,False,False,True
IBMPlexSansThai-Medium,161,ก,False,False,True,False,False,True
IBMPlexSansThai-Medium,162,ข,False,False,True,False,False,True
IBMPlexSansThai-Medium,163,ฃ,False,False,True,False,False,True
IBMPlexSansThai-Medium,164,ค,False,False,True,False,False,True
IBMPlexSansThai-Medium,167,ง,False,False,True,False,False,True
IBMPlexSansThai-Medium,168,จ,False,False,True,False,False,True
IBMPlexSansThai-Medium,169,ฉ,False,False,True,False,False,True
IBMPlexSansThai-Medium,170,ช,False,False,True,False,False,True
IBMPlexSansThai-Medium,171,ซ,False,False,True,False,False,True
IBMPlexSansThai-Medium,173,ญ,False,False,True,False,False,True
IBMPlexSansThai-Medium,175,ฏ,False,False,True,False,False,True
IBMPlexSansThai-Medium,176,ฐ,False,False,True,False,False,True
IBMPlexSansThai-Medium,177,ฑ,False,False,True,False,False,True
IBMPlexSansThai-Medium,178,ฒ,False,False,True,False,False,True
IBMPlexSansThai-Medium,179,ณ,False,False,True,False,False,True
IBMPlexSansThai-Medium,180,ด,False,False,True,False,False,True
IBMPlexSansThai-Medium,181,ต,False,False,True,False,False,True
IBMPlexSansThai-Medium,182,ถ,False,False,True,False,False,True
IBMPlexSansThai-Medium,183,ท,False,False,True,False,False,True
IBMPlexSansThai-Medium,184,ธ,False,False,True,False,False,True
IBMPlexSansThai-Medium,185,น,False,False,True,False,False,True
IBMPlexSansThai-Medium,186,บ,False,False,True,False,False,True
IBMPlexSansThai-Medium,187,ป,False,False,True,False,False,True
IBMPlexSansThai-Medium,188,ผ,False,False,True,False,False,True
IBMPlexSansThai-Medium,189,ฝ,False,False,True,False,False,True
IBMPlexSansThai-Medium,190,พ,False,False,True,False,False,True
IBMPlexSansThai-Medium,191,ฟ,False,False,True,False,False,True
IBMPlexSansThai-Medium,192,ภ,False,False,True,False,False,True
IBMPlexSansThai-Medium,193,ม,False,False,True,False,False,True
IBMPlexSansThai-Medium,194,ย,False,False,True,False,False,True
IBMPlexSansThai-Medium,195,ร,False,False,True,False,False,True
IBMPlexSansThai-Medium,196,ฤ,False,False,True,False,False,True
IBMPlexSansThai-Medium,197,ล,False,False,True,False,False,True
IBMPlexSansThai-Medium,199,ว,False,False,True,False,False,True
IBMPlexSansThai-Medium,200,ศ,False,False,True,False,False,True
IBMPlexSansThai-Medium,201,ษ,False,False,True,False,False,True
IBMPlexSansThai-Medium,202,ส,False,False,True,False,False,True
IBMPlexSansThai-Medium,203,ห,False,False,True,False,False,True
IBMPlexSansThai-Medium,204,ฬ,False,False,True,False,False,True
IBMPlexSansThai-Medium,205,อ,False,False,True,False,False,True
IBMPlexSansThai-Medium,206,ฮ,False,False,True,False,False,True
IBMPlexSansThai-Medium,207,ฯ,False,False,True,False,False,True
IBMPlexSansThai-Medium,209,ั,True,True,True,False,False,True
IBMPlexSansThai-Medium,210,า,False,False,True,False,False,True
IBMPlexSansThai-Medium,212,ิ,True,True,True,False,False,True
IBMPlexSansThai-Medium,213,ี,True,True,True,False,False,True
IBMPlexSansThai-Medium,214,ึ,True,True,True,False,False,True
IBMPlexSansThai-Medium,215,ื,True,True,True,False,False,True
IBMPlexSansThai-Medium,216,ุ,True,False,True,False,False,True
IBMPlexSansThai-Medium,217,ู,True,False,True,False,False,True
IBMPlexSansThai-Medium,224,เ,False,False,True,False,False,True
IBMPlexSansThai-Medium,225,แ,False,False,True,False,False,True
IBMPlexSansThai-Medium,226,โ,False,False,True,False,False,True
IBMPlexSansThai-Medium,227,ใ,False,False,True,False,False,True
IBMPlexSansThai-Medium,228,ไ,False,False,True,False,False,True
IBMPlexSansThai-Medium,229,ๅ,False,False,True,False,False,True
IBMPlexSansThai-Medium,230,ๆ,False,False,True,False,False,True
IBMPlexSansThai-Medium,231,็,True,True,True,False,False,True
IBMPlexSansThai-Medium,232,่,True,True,True,False,False,True
IBMPlexSansThai-Medium,233,้,True,True,True,False,False,True
IBMPlexSansThai-Medium,234,๊,True,True,True,False,False,True
IBMPlexSansThai-Medium,236,์,True,True,True,False,False,True
IBMPlexSansThai-Medium,240,๐,False,False,True,False,False,True
IBMPlexSansThai-Medium,241,๑,False,False,True,False,False,True
IBMPlexSansThai-Medium,242,๒,False,False,True,False,False,True
IBMPlexSansThai-Medium,243,๓,False,False,True,False,False,True
IBMPlexSansThai-Medium,244,๔,False,False,True,False,False,True
IBMPlexSansThai-Medium,245,๕,False,False,True,False,False,True
IBMPlexSansThai-Medium,246,๖,False,False,True,False,False,True
IBMPlexSansThai-Medium,247,๗,False,False,True,False,False,True
IBMPlexSansThai-Medium,248,๘,False,False,True,False,False,True
IBMPlexSansThai-Medium,249,๙,False,False,True,False,False,True
IBMPlexSansThai-Regular,161,ก,False,False,True,False,False,True
IBMPlexSansThai-Regular,162,ข,False,False,True,False,False,True
IBMPlexSansThai-Regular,163,ฃ,False,False,True,False,False,True
IBMPlexSansThai-Regular,164,ค,False,False,True,False,False,True
IBMPlexSansThai-Regular,167,ง,False,False,True,False,False,True
IBMPlexSansThai-Regular,168,จ,False,False,True,False,False,True
IBMPlexSansThai-Regular,169,ฉ,False,False,True,False,False,True
IBMPlexSansThai-Regular,170,ช,False,False,True,False,False,True
IBMPlexSansThai-Regular,171,ซ,False,False,True,False,False,True
IBMPlexSansThai-Regular,173,ญ,False,False,True,False,False,True
IBMPlexSansThai-Regular,175,ฏ,False,False,True,False,False,True
IBMPlexSansThai-Regular,176,ฐ,False,False,True,False,False,True
IBMPlexSansThai-Regular,177,ฑ,False,False,True,False,False,True
IBMPlexSansThai-Regular,178,ฒ,False,False,True,False,False,True
IBMPlexSansThai-Regular,179,ณ,False,False,True,False,False,True
IBMPlexSansThai-Regular,180,ด,False,False,True,False,False,True
IBMPlexSansThai-Regular,181,ต,False,False,True,False,False,True
IBMPlexSansThai-Regular,182,ถ,False,False,True,False,False,True
IBMPlexSansThai-Regular,183,ท,False,False,True,False,False,True
IBMPlexSansThai-Regular,184,ธ,False,False,True,False,False,True
IBMPlexSansThai-Regular,185,น,False,False,True,False,False,True
IBMPlexSansThai-Regular,186,บ,False,False,True,False,False,True
IBMPlexSansThai-Regular,187,ป,False,False,True,False,False,True
IBMPlexSansThai-Regular,188,ผ,False,False,True,False,False,True
IBMPlexSansThai-Regular,189,ฝ,False,False,True,False,False,True
IBMPlexSansThai-Regular,190,พ,False,False,True,False,False,True
IBMPlexSansThai-Regular,191,ฟ,False,False,True,False,False,True
IBMPlexSansThai-Regular,192,ภ,False,False,True,False,False,True
IBMPlexSansThai-Regular,193,ม,False,False,True,False,False,True
IBMPlexSansThai-Regular,194,ย,False,False,True,False,False,True
IBMPlexSansThai-Regular,195,ร,False,False,True,False,False,True
IBMPlexSansThai-Regular,196,ฤ,False,False,True,False,False,True
IBMPlexSansThai-Regular,197,ล,False,False,True,False,False,True
IBMPlexSansThai-Regular,199,ว,False,False,True,False,False,True
IBMPlexSansThai-Regular,200,ศ,False,False,True,False,False,True
IBMPlexSansThai-Regular,201,ษ,False,False,True,False,False,True
IBMPlexSansThai-Regular,202,ส,False,False,True,False,False,True
IBMPlexSansThai-Regular,203,ห,False,False,True,False,False,True
IBMPlexSansThai-Regular,204,ฬ,False,False,True,False,False,True
IBMPlexSansThai-Regular,205,อ,False,False,True,False,False,True
IBMPlexSansThai-Regular,206,ฮ,False,False,True,False,False,True
IBMPlexSansThai-Regular,207,ฯ,False,False,True,False,False,True
IBMPlexSansThai-Regular,209,ั,True,True,True,False,False,True
IBMPlexSansThai-Regular,210,า,False,False,True,False,False,True
IBMPlexSansThai-Regular,212,ิ,True,True,True,False,False,True
IBMPlexSansThai-Regular,213,ี,True,True,True,False,False,True
IBMPlexSansThai-Regular,214,ึ,True,True,True,False,False,True
IBMPlexSansThai-Regular,215,ื,True,True,True,False,False,True
IBMPlexSansThai-Regular,216,ุ,True,False,True,False,False,True
IBMPlexSansThai-Regular,217,ู,True,False,True,False,False,True
IBMPlexSansThai-Regular,224,เ,False,False,True,False,False,True
IBMPlexSansThai-Regular,225,แ,False,False,True,False,False,True
IBMPlexSansThai-Regular,226,โ,False,False,True,False,False,True
IBMPlexSansThai-Regular,227,ใ,False,False,True,False,False,True
IBMPlexSansThai-Regular,228,ไ,False,False,True,False,False,True
IBMPlexSansThai-Regular,229,ๅ,False,False,True,False,False,True
IBMPlexSansThai-Regular,230,ๆ,False,False,True,False,False,True
IBMPlexSansThai-Regular,231,็,True,True,True,False,False,True
IBMPlexSansThai-Regular,232,่,True,True,True,False,False,True
IBMPlexSansThai-Regular,233,้,True,True,True,False,False,True
IBMPlexSansThai-Regular,234,๊,True,True,True,False,False,True
IBMPlexSansThai-Regular,236,์,True,True,True,False,False,True
IBMPlexSansThai-Regular,240,๐,False,False,True,False,False,True
IBMPlexSansThai-Regular,241,๑,False,False,True,False,False,True
IBMPlexSansThai-Regular,242,๒,False,False,True,False,False,True
IBMPlexSansThai-Regular,243,๓,False,False,True,False,False,True
IBMPlexSansThai-Regular,244,๔,False,False,True,False,False,True
IBMPlexSansThai-Regular,245,๕,False,False,True,False,False,True
IBMPlexSansThai-Regular,246,๖,False,False,True,False,False,True
IBMPlexSansThai-Regular,247,๗,False,False,True,False,False,True
IBMPlexSansThai-Regular,248,๘,False,False,True,False,False,True
IBMPlexSansThai-Regular,249,๙,False,False,True,False,False,True
IBMPlexSansThai-SemiBold,161,ก,False,False,True,False,False,True
IBMPlexSansThai-SemiBold,162,ข,False,False,True,False,False,True
IBMPlexSansThai-SemiBold,163,ฃ,False,False,True,False,False,True
IBMPlexSansThai-SemiBold,164,ค,False,False,True,False,False,True
IBMPlexSansThai-SemiBold,167,ง,False,False,True,False,False,True
IBMPlexSansThai-SemiBold,168,จ,False,False,True,False,False,True
IBMPlexSansThai-SemiBold,169,ฉ,False,False,True,False,False,True
IBMPlexSansThai-SemiBold,170,ช,False,False,True,False,False,True
IBMPlexSansThai-SemiBold,171,ซ,False,False,True,False,False,True
IBMPlexSansThai-SemiBold,173,ญ,False,False,True,False,False,True
IBMPlexSansThai-SemiBold,175,ฏ,False,False,True,False,False,True
IBMPlexSansThai-SemiBold,176,ฐ,False,False,True,False,False,True
IBMPlexSansThai-SemiBold,177,ฑ,False,False,True,False,False,True
IBMPlexSansThai-SemiBold,178,ฒ,False,False,True,False,False,True
IBMPlexSansThai-SemiBold,179,ณ,False,False,True,False,False,True
IBMPlexSansThai-SemiBold,180,ด,False,False,True,False,False,True
IBMPlexSansThai-SemiBold,181,ต,False,False,True,False,False,True
IBMPlexSansThai-SemiBold,182,ถ,False,False,True,False,False,True
IBMPlexSansThai-SemiBold,183,ท,False,False,True,False,False,True
IBMPlexSansThai-SemiBold,184,ธ,False,False,True,False,False,True
IBMPlexSansThai-SemiBold,185,น,False,False,True,False,False,True
IBMPlexSansThai-SemiBold,186,บ,False,False,True,False,False,True
IBMPlexSansThai-SemiBold,187,ป,False,False,True,False,False,True
IBMPlexSansThai-SemiBold,188,ผ,False,False,True,False,False,True
IBMPlexSansThai-SemiBold,189,ฝ,False,False,True,False,False,True
IBMPlexSansThai-SemiBold,190,พ,False,False,True,False,False,True
IBMPlexSansThai-SemiBold,191,ฟ,False,False,True,False,False,True
IBMPlexSansThai-SemiBold,192,ภ,False,False,True,False,False,True
IBMPlexSansThai-SemiBold,193,ม,False,False,True,False,False,True
IBMPlexSansThai-SemiBold,194,ย,False,False,True,False,False,True
IBMPlexSansThai-SemiBold,195,ร,False,False,True,False,False,True
IBMPlexSansThai-SemiBold,196,ฤ,False,False,True,False,False,True
IBMPlexSansThai-SemiBold,197,ล,False,False,True,False,False,True
IBMPlexSansThai-SemiBold,199,ว,False,False,True,False,False,True
IBMPlexSansThai-SemiBold,200,ศ,False,False,True,False,False,True
IBMPlexSansThai-SemiBold,201,ษ,False,False,True,False,False,True
IBMPlexSansThai-SemiBold,202,ส,False,False,True,False,False,True
IBMPlexSansThai-SemiBold,203,ห,False,False,True,False,False,True
IBMPlexSansThai-SemiBold,204,ฬ,False,False,True,False,False,True
IBMPlexSansThai-SemiBold,205,อ,False,False,True,False,False,True
IBMPlexSansThai-SemiBold,206,ฮ,False,False,True,False,False,True
IBMPlexSansThai-SemiBold,207,ฯ,False,False,True,False,False,True
IBMPlexSansThai-SemiBold,209,ั,True,True,True,False,False,True
IBMPlexSansThai-SemiBold,210,า,False,False,True,False,False,True
IBMPlexSansThai-SemiBold,212,ิ,True,True,True,False,False,True
IBMPlexSansThai-SemiBold,213,ี,True,True,True,False,False,True
IBMPlexSansThai-SemiBold,214,ึ,True,True,True,False,False,True
IBMPlexSansThai-SemiBold,215,ื,True,True,True,False,False,True
IBMPlexSansThai-SemiBold,216,ุ,True,False,True,False,False,True
IBMPlexSansThai-SemiBold,217,ู,True,False,True,False,False,True
IBMPlexSansThai-SemiBold,224,เ,False,False,True,False,False,True
IBMPlexSansThai-SemiBold,225,แ,False,False,True,False,False,True
IBMPlexSansThai-SemiBold,226,โ,False,False,True,False,False,True
IBMPlexSansThai-SemiBold,227,ใ,False,False,True,False,False,True
IBMPlexSansThai-SemiBold,228,ไ,False,False,True,False,False,True
IBMPlexSansThai-SemiBold,229,ๅ,False,False,True,False,False,True
IBMPlexSansThai-SemiBold,230,ๆ,False,False,True,False,False,True
IBMPlexSansThai-SemiBold,231,็,True,True,True,False,False,True
IBMPlexSansThai-SemiBold,232,่,True,True,True,False,False,True
IBMPlexSansThai-SemiBold,233,้,True,True,True,False,False,True
IBMPlexSansThai-SemiBold,234,๊,True,True,True,False,False,True
IBMPlexSansThai-SemiBold,236,์,True,True,True,False,False,True
IBMPlexSansThai-SemiBold,240,๐,False,False,True,False,False,True
IBMPlexSansThai-SemiBold,241,๑,False,False,True,False,False,True
IBMPlexSansThai-SemiBold,242,๒,False,False,True,False,False,True
IBMPlexSansThai-SemiBold,243,๓,False,False,True,False,False,True
IBMPlexSansThai-SemiBold,244,๔,False,False,True,False,False,True
IBMPlexSansThai-SemiBold,245,๕,False,False,True,False,False,True
IBMPlexSansThai-SemiBold,246,๖,False,False,True,False,False,True
IBMPlexSansThai-SemiBold,247,๗,False,False,True,False,False,True
IBMPlexSansThai-SemiBold,248,๘,False,False,True,False,False,True
IBMPlexSansThai-SemiBold,249,๙,False,False,True,False,False,True
IBMPlexSansThai-Thin,161,ก,False,False,True,False,False,True
IBMPlexSansThai-Thin,162,ข,False,False,True,False,False,True
IBMPlexSansThai-Thin,163,ฃ,False,False,True,False,False,True
IBMPlexSansThai-Thin,164,ค,False,False,True,False,False,True
IBMPlexSansThai-Thin,167,ง,False,False,True,False,False,True
IBMPlexSansThai-Thin,168,จ,False,False,True,False,False,True
IBMPlexSansThai-Thin,169,ฉ,False,False,True,False,False,True
IBMPlexSansThai-Thin,170,ช,False,False,True,False,False,True
IBMPlexSansThai-Thin,171,ซ,False,False,True,False,False,True
IBMPlexSansThai-Thin,173,ญ,False,False,True,False,False,True
IBMPlexSansThai-Thin,175,ฏ,False,False,True,False,False,True
IBMPlexSansThai-Thin,176,ฐ,False,False,True,False,False,True
IBMPlexSansThai-Thin,177,ฑ,False,False,True,False,False,True
IBMPlexSansThai-Thin,178,ฒ,False,False,True,False,False,True
IBMPlexSansThai-Thin,179,ณ,False,False,True,False,False,True
IBMPlexSansThai-Thin,180,ด,False,False,True,False,False,True
IBMPlexSansThai-Thin,181,ต,False,False,True,False,False,True
IBMPlexSansThai-Thin,182,ถ,False,False,True,False,False,True
IBMPlexSansThai-Thin,183,ท,False,False,True,False,False,True
IBMPlexSansThai-Thin,184,ธ,False,False,True,False,False,True
IBMPlexSansThai-Thin,185,น,False,False,True,False,False,True
IBMPlexSansThai-Thin,186,บ,False,False,True,False,False,True
IBMPlexSansThai-Thin,187,ป,False,False,True,False,False,True
IBMPlexSansThai-Thin,188,ผ,False,False,True,False,False,True
IBMPlexSansThai-Thin,189,ฝ,False,False,True,False,False,True
IBMPlexSansThai-Thin,190,พ,False,False,True,False,False,True
IBMPlexSansThai-Thin,191,ฟ,False,False,True,False,False,True
IBMPlexSansThai-Thin,192,ภ,False,False,True,False,False,True
IBMPlexSansThai-Thin,193,ม,False,False,True,False,False,True
IBMPlexSansThai-Thin,194,ย,False,False,True,False,False,True
IBMPlexSansThai-Thin,195,ร,False,False,True,False,False,True
IBMPlexSansThai-Thin,196,ฤ,False,False,True,False,False,True
IBMPlexSansThai-Thin,197,ล,False,False,True,False,False,True
IBMPlexSansThai-Thin,199,ว,False,False,True,False,False,True
IBMPlexSansThai-Thin,200,ศ,False,False,True,False,False,True
IBMPlexSansThai-Thin,201,ษ,False,False,True,False,False,True
IBMPlexSansThai-Thin,202,ส,False,False,True,False,False,True
IBMPlexSansThai-Thin,203,ห,False,False,True,False,False,True
IBMPlexSansThai-Thin,204,ฬ,False,False,True,False,False,True
IBMPlexSansThai-Thin,205,อ,False,False,True,False,False,True
IBMPlexSansThai-Thin,206,ฮ,False,False,True,False,False,True
IBMPlexSansThai-Thin,207,ฯ,False,False,True,False,False,True
IBMPlexSansThai-Thin,209,ั,True,True,True,False,False,True
IBMPlexSansThai-Thin,210,า,False,False,True,False,False,True
IBMPlexSansThai-Thin,212,ิ,True,True,True,False,False,True
IBMPlexSansThai-Thin,213,ี,True,True,True,False,False,True
IBMPlexSansThai-Thin,214,ึ,True,True,True,False,False,True
IBMPlexSansThai-Thin,215,ื,True,True,True,False,False,True
IBMPlexSansThai-Thin,216,ุ,True,False,True,False,False,True
IBMPlexSansThai-Thin,217,ู,True,False,True,False,False,True
IBMPlexSansThai-Thin,224,เ,False,False,True,False,False,True
IBMPlexSansThai-Thin,225,แ,False,False,True,False,False,True
IBMPlexSansThai-Thin,226,โ,False,False,True,False,False,True
IBMPlexSansThai-Thin,227,ใ,False,False,True,False,False,True
IBMPlexSansThai-Thin,228,ไ,False,False,True,False,False,True
IBMPlexSansThai-Thin,229,ๅ,False,False,True,False,False,True
IBMPlexSansThai-Thin,230,ๆ,False,False,True,False,False,True
IBMPlexSansThai-Thin,231,็,True,True,True,False,False,True
IBMPlexSansThai-Thin,232,่,True,True,True,False,False,True
IBMPlexSansThai-Thin,233,้,True,True,True,False,False,True
IBMPlexSansThai-Thin,234,๊,True,True,True,False,False,True
IBMPlexSansThai-Thin,236,์,True,True,True,False,False,True
IBMPlexSansThai-Thin,240,๐,False,False,True,False,False,True
IBMPlexSansThai-Thin,241,๑,False,False,True,False,False,True
IBMPlexSansThai-Thin,242,๒,False,False,True,False,False,True
IBMPlexSansThai-Thin,243,๓,False,False,True,False,False,True
IBMPlexSansThai-Thin,244,๔,False,False,True,False,False,True
IBMPlexSansThai-Thin,245,๕,False,False,True,False,False,True
IBMPlexSansThai-Thin,246,๖,False,False,True,False,False,True
IBMPlexSansThai-Thin,247,๗,False,False,True,False,False,True
IBMPlexSansThai-Thin,248,๘,False,False,True,False,False,True
IBMPlexSansThai-Thin,249,๙,False,False,True,False,False,True
IBMPlexSansThaiLooped-Bold,161,ก,False,False,True,False,False,True
IBMPlexSansThaiLooped-Bold,162,ข,False,False,True,False,False,True
IBMPlexSansThaiLooped-Bold,163,ฃ,False,False,True,False,False,True
IBMPlexSansThaiLooped-Bold,164,ค,False,False,True,False,False,True
IBMPlexSansThaiLooped-Bold,167,ง,False,False,True,False,False,True
IBMPlexSansThaiLooped-Bold,168,จ,False,False,True,False,False,True
IBMPlexSansThaiLooped-Bold,169,ฉ,False,False,True,False,False,True
IBMPlexSansThaiLooped-Bold,170,ช,False,False,True,False,False,True
IBMPlexSansThaiLooped-Bold,171,ซ,False,False,True,False,False,True
IBMPlexSansThaiLooped-Bold,173,ญ,False,False,True,False,False,True
IBMPlexSansThaiLooped-Bold,175,ฏ,False,False,True,False,False,True
IBMPlexSansThaiLooped-Bold,176,ฐ,False,False,True,False,False,True
IBMPlexSansThaiLooped-Bold,177,ฑ,False,False,True,False,False,True
IBMPlexSansThaiLooped-Bold,178,ฒ,False,False,True,False,False,True
IBMPlexSansThaiLooped-Bold,179,ณ,False,False,True,False,False,True
IBMPlexSansThaiLooped-Bold,180,ด,False,False,True,False,False,True
IBMPlexSansThaiLooped-Bold,181,ต,False,False,True,False,False,True
IBMPlexSansThaiLooped-Bold,182,ถ,False,False,True,False,False,True
IBMPlexSansThaiLooped-Bold,183,ท,False,False,True,False,False,True
IBMPlexSansThaiLooped-Bold,184,ธ,False,False,True,False,False,True
IBMPlexSansThaiLooped-Bold,185,น,False,False,True,False,False,True
IBMPlexSansThaiLooped-Bold,186,บ,False,False,True,False,False,True
IBMPlexSansThaiLooped-Bold,187,ป,False,False,True,False,False,True
IBMPlexSansThaiLooped-Bold,188,ผ,False,False,True,False,False,True
IBMPlexSansThaiLooped-Bold,189,ฝ,False,False,True,False,False,True
IBMPlexSansThaiLooped-Bold,190,พ,False,False,True,False,False,True
IBMPlexSansThaiLooped-Bold,191,ฟ,False,False,True,False,False,True
IBMPlexSansThaiLooped-Bold,192,ภ,False,False,True,False,False,True
IBMPlexSansThaiLooped-Bold,193,ม,False,False,True,False,False,True
IBMPlexSansThaiLooped-Bold,194,ย,False,False,True,False,False,True
IBMPlexSansThaiLooped-Bold,195,ร,False,False,True,False,False,True
IBMPlexSansThaiLooped-Bold,196,ฤ,False,False,True,False,False,True
IBMPlexSansThaiLooped-Bold,197,ล,False,False,True,False,False,True
IBMPlexSansThaiLooped-Bold,199,ว,False,False,True,False,False,True
IBMPlexSansThaiLooped-Bold,200,ศ,False,False,True,False,False,True
IBMPlexSansThaiLooped-Bold,201,ษ,False,False,True,False,False,True
IBMPlexSansThaiLooped-Bold,202,ส,False,False,True,False,False,True
IBMPlexSansThaiLooped-Bold,203,ห,False,False,True,False,False,True
IBMPlexSansThaiLooped-Bold,204,ฬ,False,False,True,False,False,True
IBMPlexSansThaiLooped-Bold,205,อ,False,False,True,False,False,True
IBMPlexSansThaiLooped-Bold,206,ฮ,False,False,True,False,False,True
IBMPlexSansThaiLooped-Bold,207,ฯ,False,False,True,False,False,True
IBMPlexSansThaiLooped-Bold,209,ั,True,True,True,False,False,True
IBMPlexSansThaiLooped-Bold,210,า,False,False,True,False,False,True
IBMPlexSansThaiLooped-Bold,212,ิ,True,True,True,False,False,True
IBMPlexSansThaiLooped-Bold,213,ี,True,True,True,False,False,True
IBMPlexSansThaiLooped-Bold,214,ึ,True,True,True,False,False,True
IBMPlexSansThaiLooped-Bold,215,ื,True,True,True,False,False,True
IBMPlexSansThaiLooped-Bold,216,ุ,True,False,True,False,False,True
IBMPlexSansThaiLooped-Bold,217,ู,True,False,True,False,False,True
IBMPlexSansThaiLooped-Bold,224,เ,False,False,True,False,False,True
IBMPlexSansThaiLooped-Bold,225,แ,False,False,True,False,False,True
IBMPlexSansThaiLooped-Bold,226,โ,False,False,True,False,False,True
IBMPlexSansThaiLooped-Bold,227,ใ,False,False,True,False,False,True
IBMPlexSansThaiLooped-Bold,228,ไ,False,False,True,False,False,True
IBMPlexSansThaiLooped-Bold,229,ๅ,False,False,True,False,False,True
IBMPlexSansThaiLooped-Bold,230,ๆ,False,False,True,False,False,True
IBMPlexSansThaiLooped-Bold,231,็,True,True,True,False,False,True
IBMPlexSansThaiLooped-Bold,232,่,True,True,True,False,False,True
IBMPlexSansThaiLooped-Bold,233,้,True,True,True,False,False,True
IBMPlexSansThaiLooped-Bold,234,๊,True,True,True,False,False,True
IBMPlexSansThaiLooped-Bold,236,์,True,True,True,False,False,True
IBMPlexSansThaiLooped-Bold,240,๐,False,False,True,False,False,True
IBMPlexSansThaiLooped-Bold,241,๑,False,False,True,False,False,True
IBMPlexSansThaiLooped-Bold,242,๒,False,False,True,False,False,True
IBMPlexSansThaiLooped-Bold,243,๓,False,False,True,False,False,True
IBMPlexSansThaiLooped-Bold,244,๔,False,False,True,False,False,True
IBMPlexSansThaiLooped-Bold,245,๕,False,False,True,False,False,True
IBMPlexSansThaiLooped-Bold,246,๖,False,False,True,False,False,True
IBMPlexSansThaiLooped-Bold,247,๗,False,False,True,False,False,True
IBMPlexSansThaiLooped-Bold,248,๘,False,False,True,False,False,True
IBMPlexSansThaiLooped-Bold,249,๙,False,False,True,False,False,True
IBMPlexSansThaiLooped-ExtraLight,161,ก,False,False,True,False,False,True
IBMPlexSansThaiLooped-ExtraLight,162,ข,False,False,True,False,False,True
IBMPlexSansThaiLooped-ExtraLight,163,ฃ,False,False,True,False,False,True
IBMPlexSansThaiLooped-ExtraLight,164,ค,False,False,True,False,False,True
IBMPlexSansThaiLooped-ExtraLight,167,ง,False,False,True,False,False,True
IBMPlexSansThaiLooped-ExtraLight,168,จ,False,False,True,False,False,True
IBMPlexSansThaiLooped-ExtraLight,169,ฉ,False,False,True,False,False,True
IBMPlexSansThaiLooped-ExtraLight,170,ช,False,False,True,False,False,True
IBMPlexSansThaiLooped-ExtraLight,171,ซ,False,False,True,False,False,True
IBMPlexSansThaiLooped-ExtraLight,173,ญ,False,False,True,False,False,True
IBMPlexSansThaiLooped-ExtraLight,175,ฏ,False,False,True,False,False,True
IBMPlexSansThaiLooped-ExtraLight,176,ฐ,False,False,True,False,False,True
IBMPlexSansThaiLooped-ExtraLight,177,ฑ,False,False,True,False,False,True
IBMPlexSansThaiLooped-ExtraLight,178,ฒ,False,False,True,False,False,True
IBMPlexSansThaiLooped-ExtraLight,179,ณ,False,False,True,False,False,True
IBMPlexSansThaiLooped-ExtraLight,180,ด,False,False,True,False,False,True
IBMPlexSansThaiLooped-ExtraLight,181,ต,False,False,True,False,False,True
IBMPlexSansThaiLooped-ExtraLight,182,ถ,False,False,True,False,False,True
IBMPlexSansThaiLooped-ExtraLight,183,ท,False,False,True,False,False,True
IBMPlexSansThaiLooped-ExtraLight,184,ธ,False,False,True,False,False,True
IBMPlexSansThaiLooped-ExtraLight,185,น,False,False,True,False,False,True
IBMPlexSansThaiLooped-ExtraLight,186,บ,False,False,True,False,False,True
IBMPlexSansThaiLooped-ExtraLight,187,ป,False,False,True,False,False,True
IBMPlexSansThaiLooped-ExtraLight,188,ผ,False,False,True,False,False,True
IBMPlexSansThaiLooped-ExtraLight,189,ฝ,False,False,True,False,False,True
IBMPlexSansThaiLooped-ExtraLight,190,พ,False,False,True,False,False,True
IBMPlexSansThaiLooped-ExtraLight,191,ฟ,False,False,True,False,False,True
IBMPlexSansThaiLooped-ExtraLight,192,ภ,False,False,True,False,False,True
IBMPlexSansThaiLooped-ExtraLight,193,ม,False,False,True,False,False,True
IBMPlexSansThaiLooped-ExtraLight,194,ย,False,False,True,False,False,True
IBMPlexSansThaiLooped-ExtraLight,195,ร,False,False,True,False,False,True
IBMPlexSansThaiLooped-ExtraLight,196,ฤ,False,False,True,False,False,True
IBMPlexSansThaiLooped-ExtraLight,197,ล,False,False,True,False,False,True
IBMPlexSansThaiLooped-ExtraLight,199,ว,False,False,True,False,False,True
IBMPlexSansThaiLooped-ExtraLight,200,ศ,False,False,True,False,False,True
IBMPlexSansThaiLooped-ExtraLight,201,ษ,False,False,True,False,False,True
IBMPlexSansThaiLooped-ExtraLight,202,ส,False,False,True,False,False,True
IBMPlexSansThaiLooped-ExtraLight,203,ห,False,False,True,False,False,True
IBMPlexSansThaiLooped-ExtraLight,204,ฬ,False,False,True,False,False,True
IBMPlexSansThaiLooped-ExtraLight,205,อ,False,False,True,False,False,True
IBMPlexSansThaiLooped-ExtraLight,206,ฮ,False,False,True,False,False,True
IBMPlexSansThaiLooped-ExtraLight,207,ฯ,False,False,True,False,False,True
IBMPlexSansThaiLooped-ExtraLight,209,ั,True,True,True,False,False,True
IBMPlexSansThaiLooped-ExtraLight,210,า,False,False,True,False,False,True
IBMPlexSansThaiLooped-ExtraLight,212,ิ,True,True,True,False,False,True
IBMPlexSansThaiLooped-ExtraLight,213,ี,True,True,True,False,False,True
IBMPlexSansThaiLooped-ExtraLight,214,ึ,True,True,True,False,False,True
IBMPlexSansThaiLooped-ExtraLight,215,ื,True,True,True,False,False,True
IBMPlexSansThaiLooped-ExtraLight,216,ุ,True,False,True,False,False,True
IBMPlexSansThaiLooped-ExtraLight,217,ู,True,False,True,False,False,True
IBMPlexSansThaiLooped-ExtraLight,224,เ,False,False,True,False,False,True
IBMPlexSansThaiLooped-ExtraLight,225,แ,False,False,True,False,False,True
IBMPlexSansThaiLooped-ExtraLight,226,โ,False,False,True,False,False,True
IBMPlexSansThaiLooped-ExtraLight,227,ใ,False,False,True,False,False,True
IBMPlexSansThaiLooped-ExtraLight,228,ไ,False,False,True,False,False,True
IBMPlexSansThaiLooped-ExtraLight,229,ๅ,False,False,True,False,False,True
IBMPlexSansThaiLooped-ExtraLight,230,ๆ,False,False,True,False,False,True
IBMPlexSansThaiLooped-ExtraLight,231,็,True,True,True,False,False,True
IBMPlexSansThaiLooped-ExtraLight,232,่,True,True,True,False,False,True
IBMPlexSansThaiLooped-ExtraLight,233,้,True,True,True,False,False,True
IBMPlexSansThaiLooped-ExtraLight,234,๊,True,True,True,False,False,True
IBMPlexSansThaiLooped-ExtraLight,236,์,True,True,True,False,False,True
IBMPlexSansThaiLooped-ExtraLight,240,๐,False,False,True,False,False,True
IBMPlexSansThaiLooped-ExtraLight,241,๑,False,False,True,False,False,True
IBMPlexSansThaiLooped-ExtraLight,242,๒,False,False,True,False,False,True
IBMPlexSansThaiLooped-ExtraLight,243,๓,False,False,True,False,False,True
IBMPlexSansThaiLooped-ExtraLight,244,๔,False,False,True,False,False,True
IBMPlexSansThaiLooped-ExtraLight,245,๕,False,False,True,False,False,True
IBMPlexSansThaiLooped-ExtraLight,246,๖,False,False,True,False,False,True
IBMPlexSansThaiLooped-ExtraLight,247,๗,False,False,True,False,False,True
IBMPlexSansThaiLooped-ExtraLight,248,๘,False,False,True,False,False,True
IBMPlexSansThaiLooped-ExtraLight,249,๙,False,False,True,False,False,True
IBMPlexSansThaiLooped-Light,161,ก,False,False,True,False,False,True
IBMPlexSansThaiLooped-Light,162,ข,False,False,True,False,False,True
IBMPlexSansThaiLooped-Light,163,ฃ,False,False,True,False,False,True
IBMPlexSansThaiLooped-Light,164,ค,False,False,True,False,False,True
IBMPlexSansThaiLooped-Light,167,ง,False,False,True,False,False,True
IBMPlexSansThaiLooped-Light,168,จ,False,False,True,False,False,True
IBMPlexSansThaiLooped-Light,169,ฉ,False,False,True,False,False,True
IBMPlexSansThaiLooped-Light,170,ช,False,False,True,False,False,True
IBMPlexSansThaiLooped-Light,171,ซ,False,False,True,False,False,True
IBMPlexSansThaiLooped-Light,173,ญ,False,False,True,False,False,True
IBMPlexSansThaiLooped-Light,175,ฏ,False,False,True,False,False,True
IBMPlexSansThaiLooped-Light,176,ฐ,False,False,True,False,False,True
IBMPlexSansThaiLooped-Light,177,ฑ,False,False,True,False,False,True
IBMPlexSansThaiLooped-Light,178,ฒ,False,False,True,False,False,True
IBMPlexSansThaiLooped-Light,179,ณ,False,False,True,False,False,True
IBMPlexSansThaiLooped-Light,180,ด,False,False,True,False,False,True
IBMPlexSansThaiLooped-Light,181,ต,False,False,True,False,False,True
IBMPlexSansThaiLooped-Light,182,ถ,False,False,True,False,False,True
IBMPlexSansThaiLooped-Light,183,ท,False,False,True,False,False,True
IBMPlexSansThaiLooped-Light,184,ธ,False,False,True,False,False,True
IBMPlexSansThaiLooped-Light,185,น,False,False,True,False,False,True
IBMPlexSansThaiLooped-Light,186,บ,False,False,True,False,False,True
IBMPlexSansThaiLooped-Light,187,ป,False,False,True,False,False,True
IBMPlexSansThaiLooped-Light,188,ผ,False,False,True,False,False,True
IBMPlexSansThaiLooped-Light,189,ฝ,False,False,True,False,False,True
IBMPlexSansThaiLooped-Light,190,พ,False,False,True,False,False,True
IBMPlexSansThaiLooped-Light,191,ฟ,False,False,True,False,False,True
IBMPlexSansThaiLooped-Light,192,ภ,False,False,True,False,False,True
IBMPlexSansThaiLooped-Light,193,ม,False,False,True,False,False,True
IBMPlexSansThaiLooped-Light,194,ย,False,False,True,False,False,True
IBMPlexSansThaiLooped-Light,195,ร,False,False,True,False,False,True
IBMPlexSansThaiLooped-Light,196,ฤ,False,False,True,False,False,True
IBMPlexSansThaiLooped-Light,197,ล,False,False,True,False,False,True
IBMPlexSansThaiLooped-Light,199,ว,False,False,True,False,False,True
IBMPlexSansThaiLooped-Light,200,ศ,False,False,True,False,False,True
IBMPlexSansThaiLooped-Light,201,ษ,False,False,True,False,False,True
IBMPlexSansThaiLooped-Light,202,ส,False,False,True,False,False,True
IBMPlexSansThaiLooped-Light,203,ห,False,False,True,False,False,True
IBMPlexSansThaiLooped-Light,204,ฬ,False,False,True,False,False,True
IBMPlexSansThaiLooped-Light,205,อ,False,False,True,False,False,True
IBMPlexSansThaiLooped-Light,206,ฮ,False,False,True,False,False,True
IBMPlexSansThaiLooped-Light,207,ฯ,False,False,True,False,False,True
IBMPlexSansThaiLooped-Light,209,ั,True,True,True,False,False,True
IBMPlexSansThaiLooped-Light,210,า,False,False,True,False,False,True
IBMPlexSansThaiLooped-Light,212,ิ,True,True,True,False,False,True
IBMPlexSansThaiLooped-Light,213,ี,True,True,True,False,False,True
IBMPlexSansThaiLooped-Light,214,ึ,True,True,True,False,False,True
IBMPlexSansThaiLooped-Light,215,ื,True,True,True,False,False,True
IBMPlexSansThaiLooped-Light,216,ุ,True,False,True,False,False,True
IBMPlexSansThaiLooped-Light,217,ู,True,False,True,False,False,True
IBMPlexSansThaiLooped-Light,224,เ,False,False,True,False,False,True
IBMPlexSansThaiLooped-Light,225,แ,False,False,True,False,False,True
IBMPlexSansThaiLooped-Light,226,โ,False,False,True,False,False,True
IBMPlexSansThaiLooped-Light,227,ใ,False,False,True,False,False,True
IBMPlexSansThaiLooped-Light,228,ไ,False,False,True,False,False,True
IBMPlexSansThaiLooped-Light,229,ๅ,False,False,True,False,False,True
IBMPlexSansThaiLooped-Light,230,ๆ,False,False,True,False,False,True
IBMPlexSansThaiLooped-Light,231,็,True,True,True,False,False,True
IBMPlexSansThaiLooped-Light,232,่,True,True,True,False,False,True
IBMPlexSansThaiLooped-Light,233,้,True,True,True,False,False,True
IBMPlexSansThaiLooped-Light,234,๊,True,True,True,False,False,True
IBMPlexSansThaiLooped-Light,236,์,True,True,True,False,False,True
IBMPlexSansThaiLooped-Light,240,๐,False,False,True,False,False,True
IBMPlexSansThaiLooped-Light,241,๑,False,False,True,False,False,True
IBMPlexSansThaiLooped-Light,242,๒,False,False,True,False,False,True
IBMPlexSansThaiLooped-Light,243,๓,False,False,True,False,False,True
IBMPlexSansThaiLooped-Light,244,๔,False,False,True,False,False,True
IBMPlexSansThaiLooped-Light,245,๕,False,False,True,False,False,True
IBMPlexSansThaiLooped-Light,246,๖,False,False,True,False,False,True
IBMPlexSansThaiLooped-Light,247,๗,False,False,True,False,False,True
IBMPlexSansThaiLooped-Light,248,๘,False,False,True,False,False,True
IBMPlexSansThaiLooped-Light,249,๙,False,False,True,False,False,True
IBMPlexSansThaiLooped-Medium,161,ก,False,False,True,False,False,True
IBMPlexSansThaiLooped-Medium,162,ข,False,False,True,False,False,True
IBMPlexSansThaiLooped-Medium,163,ฃ,False,False,True,False,False,True
IBMPlexSansThaiLooped-Medium,164,ค,False,False,True,False,False,True
IBMPlexSansThaiLooped-Medium,167,ง,False,False,True,False,False,True
IBMPlexSansThaiLooped-Medium,168,จ,False,False,True,False,False,True
IBMPlexSansThaiLooped-Medium,169,ฉ,False,False,True,False,False,True
IBMPlexSansThaiLooped-Medium,170,ช,False,False,True,False,False,True
IBMPlexSansThaiLooped-Medium,171,ซ,False,False,True,False,False,True
IBMPlexSansThaiLooped-Medium,173,ญ,False,False,True,False,False,True
IBMPlexSansThaiLooped-Medium,175,ฏ,False,False,True,False,False,True
IBMPlexSansThaiLooped-Medium,176,ฐ,False,False,True,False,False,True
IBMPlexSansThaiLooped-Medium,177,ฑ,False,False,True,False,False,True
IBMPlexSansThaiLooped-Medium,178,ฒ,False,False,True,False,False,True
IBMPlexSansThaiLooped-Medium,179,ณ,False,False,True,False,False,True
IBMPlexSansThaiLooped-Medium,180,ด,False,False,True,False,False,True
IBMPlexSansThaiLooped-Medium,181,ต,False,False,True,False,False,True
IBMPlexSansThaiLooped-Medium,182,ถ,False,False,True,False,False,True
IBMPlexSansThaiLooped-Medium,183,ท,False,False,True,False,False,True
IBMPlexSansThaiLooped-Medium,184,ธ,False,False,True,False,False,True
IBMPlexSansThaiLooped-Medium,185,น,False,False,True,False,False,True
IBMPlexSansThaiLooped-Medium,186,บ,False,False,True,False,False,True
IBMPlexSansThaiLooped-Medium,187,ป,False,False,True,False,False,True
IBMPlexSansThaiLooped-Medium,188,ผ,False,False,True,False,False,True
IBMPlexSansThaiLooped-Medium,189,ฝ,False,False,True,False,False,True
IBMPlexSansThaiLooped-Medium,190,พ,False,False,True,False,False,True
IBMPlexSansThaiLooped-Medium,191,ฟ,False,False,True,False,False,True
IBMPlexSansThaiLooped-Medium,192,ภ,False,False,True,False,False,True
IBMPlexSansThaiLooped-Medium,193,ม,False,False,True,False,False,True
IBMPlexSansThaiLooped-Medium,194,ย,False,False,True,False,False,True
IBMPlexSansThaiLooped-Medium,195,ร,False,False,True,False,False,True
IBMPlexSansThaiLooped-Medium,196,ฤ,False,False,True,False,False,True
IBMPlexSansThaiLooped-Medium,197,ล,False,False,True,False,False,True
IBMPlexSansThaiLooped-Medium,199,ว,False,False,True,False,False,True
IBMPlexSansThaiLooped-Medium,200,ศ,False,False,True,False,False,True
IBMPlexSansThaiLooped-Medium,201,ษ,False,False,True,False,False,True
IBMPlexSansThaiLooped-Medium,202,ส,False,False,True,False,False,True
IBMPlexSansThaiLooped-Medium,203,ห,False,False,True,False,False,True
IBMPlexSansThaiLooped-Medium,204,ฬ,False,False,True,False,False,True
IBMPlexSansThaiLooped-Medium,205,อ,False,False,True,False,False,True
IBMPlexSansThaiLooped-Medium,206,ฮ,False,False,True,False,False,True
IBMPlexSansThaiLooped-Medium,207,ฯ,False,False,True,False,False,True
IBMPlexSansThaiLooped-Medium,209,ั,True,True,True,False,False,True
IBMPlexSansThaiLooped-Medium,210,า,False,False,True,False,False,True
IBMPlexSansThaiLooped-Medium,212,ิ,True,True,True,False,False,True
IBMPlexSansThaiLooped-Medium,213,ี,True,True,True,False,False,True
IBMPlexSansThaiLooped-Medium,214,ึ,True,True,True,False,False,True
IBMPlexSansThaiLooped-Medium,215,ื,True,True,True,False,False,True
IBMPlexSansThaiLooped-Medium,216,ุ,True,False,True,False,False,True
IBMPlexSansThaiLooped-Medium,217,ู,True,False,True,False,False,True
IBMPlexSansThaiLooped-Medium,224,เ,False,False,True,False,False,True
IBMPlexSansThaiLooped-Medium,225,แ,False,False,True,False,False,True
IBMPlexSansThaiLooped-Medium,226,โ,False,False,True,False,False,True
IBMPlexSansThaiLooped-Medium,227,ใ,False,False,True,False,False,True
IBMPlexSansThaiLooped-Medium,228,ไ,False,False,True,False,False,True
IBMPlexSansThaiLooped-Medium,229,ๅ,False,False,True,False,False,True
IBMPlexSansThaiLooped-Medium,230,ๆ,False,False,True,False,False,True
IBMPlexSansThaiLooped-Medium,231,็,True,True,True,False,False,True
IBMPlexSansThaiLooped-Medium,232,่,True,True,True,False,False,True
IBMPlexSansThaiLooped-Medium,233,้,True,True,True,False,False,True
IBMPlexSansThaiLooped-Medium,234,๊,True,True,True,False,False,True
IBMPlexSansThaiLooped-Medium,236,์,True,True,True,False,False,True
IBMPlexSansThaiLooped-Medium,240,๐,False,False,True,False,False,True
IBMPlexSansThaiLooped-Medium,241,๑,False,False,True,False,False,True
IBMPlexSansThaiLooped-Medium,242,๒,False,False,True,False,False,True
IBMPlexSansThaiLooped-Medium,243,๓,False,False,True,False,False,True
IBMPlexSansThaiLooped-Medium,244,๔,False,False,True,False,False,True
IBMPlexSansThaiLooped-Medium,245,๕,False,False,True,False,False,True
IBMPlexSansThaiLooped-Medium,246,๖,False,False,True,False,False,True
IBMPlexSansThaiLooped-Medium,247,๗,False,False,True,False,False,True
IBMPlexSansThaiLooped-Medium,248,๘,False,False,True,False,False,True
IBMPlexSansThaiLooped-Medium,249,๙,False,False,True,False,False,True
IBMPlexSansThaiLooped-Regular,161,ก,False,False,True,False,False,True
IBMPlexSansThaiLooped-Regular,162,ข,False,False,True,False,False,True
IBMPlexSansThaiLooped-Regular,163,ฃ,False,False,True,False,False,True
IBMPlexSansThaiLooped-Regular,164,ค,False,False,True,False,False,True
IBMPlexSansThaiLooped-Regular,167,ง,False,False,True,False,False,True
IBMPlexSansThaiLooped-Regular,168,จ,False,False,True,False,False,True
IBMPlexSansThaiLooped-Regular,169,ฉ,False,False,True,False,False,True
IBMPlexSansThaiLooped-Regular,170,ช,False,False,True,False,False,True
IBMPlexSansThaiLooped-Regular,171,ซ,False,False,True,False,False,True
IBMPlexSansThaiLooped-Regular,173,ญ,False,False,True,False,False,True
IBMPlexSansThaiLooped-Regular,175,ฏ,False,False,True,False,False,True
IBMPlexSansThaiLooped-Regular,176,ฐ,False,False,True,False,False,True
IBMPlexSansThaiLooped-Regular,177,ฑ,False,False,True,False,False,True
IBMPlexSansThaiLooped-Regular,178,ฒ,False,False,True,False,False,True
IBMPlexSansThaiLooped-Regular,179,ณ,False,False,True,False,False,True
IBMPlexSansThaiLooped-Regular,180,ด,False,False,True,False,False,True
IBMPlexSansThaiLooped-Regular,181,ต,False,False,True,False,False,True
IBMPlexSansThaiLooped-Regular,182,ถ,False,False,True,False,False,True
IBMPlexSansThaiLooped-Regular,183,ท,False,False,True,False,False,True
IBMPlexSansThaiLooped-Regular,184,ธ,False,False,True,False,False,True
IBMPlexSansThaiLooped-Regular,185,น,False,False,True,False,False,True
IBMPlexSansThaiLooped-Regular,186,บ,False,False,True,False,False,True
IBMPlexSansThaiLooped-Regular,187,ป,False,False,True,False,False,True
IBMPlexSansThaiLooped-Regular,188,ผ,False,False,True,False,False,True
IBMPlexSansThaiLooped-Regular,189,ฝ,False,False,True,False,False,True
IBMPlexSansThaiLooped-Regular,190,พ,False,False,True,False,False,True
IBMPlexSansThaiLooped-Regular,191,ฟ,False,False,True,False,False,True
IBMPlexSansThaiLooped-Regular,192,ภ,False,False,True,False,False,True
IBMPlexSansThaiLooped-Regular,193,ม,False,False,True,False,False,True
IBMPlexSansThaiLooped-Regular,194,ย,False,False,True,False,False,True
IBMPlexSansThaiLooped-Regular,195,ร,False,False,True,False,False,True
IBMPlexSansThaiLooped-Regular,196,ฤ,False,False,True,False,False,True
IBMPlexSansThaiLooped-Regular,197,ล,False,False,True,False,False,True
IBMPlexSansThaiLooped-Regular,199,ว,False,False,True,False,False,True
IBMPlexSansThaiLooped-Regular,200,ศ,False,False,True,False,False,True
IBMPlexSansThaiLooped-Regular,201,ษ,False,False,True,False,False,True
IBMPlexSansThaiLooped-Regular,202,ส,False,False,True,False,False,True
IBMPlexSansThaiLooped-Regular,203,ห,False,False,True,False,False,True
IBMPlexSansThaiLooped-Regular,204,ฬ,False,False,True,False,False,True
IBMPlexSansThaiLooped-Regular,205,อ,False,False,True,False,False,True
IBMPlexSansThaiLooped-Regular,206,ฮ,False,False,True,False,False,True
IBMPlexSansThaiLooped-Regular,207,ฯ,False,False,True,False,False,True
IBMPlexSansThaiLooped-Regular,209,ั,True,True,True,False,False,True
IBMPlexSansThaiLooped-Regular,210,า,False,False,True,False,False,True
IBMPlexSansThaiLooped-Regular,212,ิ,True,True,True,False,False,True
IBMPlexSansThaiLooped-Regular,213,ี,True,True,True,False,False,True
IBMPlexSansThaiLooped-Regular,214,ึ,True,True,True,False,False,True
IBMPlexSansThaiLooped-Regular,215,ื,True,True,True,False,False,True
IBMPlexSansThaiLooped-Regular,216,ุ,True,False,True,False,False,True
IBMPlexSansThaiLooped-Regular,217,ู,True,False,True,False,False,True
IBMPlexSansThaiLooped-Regular,224,เ,False,False,True,False,False,True
IBMPlexSansThaiLooped-Regular,225,แ,False,False,True,False,False,True
IBMPlexSansThaiLooped-Regular,226,โ,False,False,True,False,False,True
IBMPlexSansThaiLooped-Regular,227,ใ,False,False,True,False,False,True
IBMPlexSansThaiLooped-Regular,228,ไ,False,False,True,False,False,True
IBMPlexSansThaiLooped-Regular,229,ๅ,False,False,True,False,False,True
IBMPlexSansThaiLooped-Regular,230,ๆ,False,False,True,False,False,True
IBMPlexSansThaiLooped-Regular,231,็,True,True,True,False,False,True
IBMPlexSansThaiLooped-Regular,232,่,True,True,True,False,False,True
IBMPlexSansThaiLooped-Regular,233,้,True,True,True,False,False,True
IBMPlexSansThaiLooped-Regular,234,๊,True,True,True,False,False,True
IBMPlexSansThaiLooped-Regular,236,์,True,True,True,False,False,True
IBMPlexSansThaiLooped-Regular,240,๐,False,False,True,False,False,True
IBMPlexSansThaiLooped-Regular,241,๑,False,False,True,False,False,True
IBMPlexSansThaiLooped-Regular,242,๒,False,False,True,False,False,True
IBMPlexSansThaiLooped-Regular,243,๓,False,False,True,False,False,True
IBMPlexSansThaiLooped-Regular,244,๔,False,False,True,False,False,True
IBMPlexSansThaiLooped-Regular,245,๕,False,False,True,False,False,True
IBMPlexSansThaiLooped-Regular,246,๖,False,False,True,False,False,True
IBMPlexSansThaiLooped-Regular,247,๗,False,False,True,False,False,True
IBMPlexSansThaiLooped-Regular,248,๘,False,False,True,False,False,True
IBMPlexSansThaiLooped-Regular,249,๙,False,False,True,False,False,True
IBMPlexSansThaiLooped-SemiBold,161,ก,False,False,True,False,False,True
IBMPlexSansThaiLooped-SemiBold,162,ข,False,False,True,False,False,True
IBMPlexSansThaiLooped-SemiBold,163,ฃ,False,False,True,False,False,True
IBMPlexSansThaiLooped-SemiBold,164,ค,False,False,True,False,False,True
IBMPlexSansThaiLooped-SemiBold,167,ง,False,False,True,False,False,True
IBMPlexSansThaiLooped-SemiBold,168,จ,False,False,True,False,False,True
IBMPlexSansThaiLooped-SemiBold,169,ฉ,False,False,True,False,False,True
IBMPlexSansThaiLooped-SemiBold,170,ช,False,False,True,False,False,True
IBMPlexSansThaiLooped-SemiBold,171,ซ,False,False,True,False,False,True
IBMPlexSansThaiLooped-SemiBold,173,ญ,False,False,True,False,False,True
IBMPlexSansThaiLooped-SemiBold,175,ฏ,False,False,True,False,False,True
IBMPlexSansThaiLooped-SemiBold,176,ฐ,False,False,True,False,False,True
IBMPlexSansThaiLooped-SemiBold,177,ฑ,False,False,True,False,False,True
IBMPlexSansThaiLooped-SemiBold,178,ฒ,False,False,True,False,False,True
IBMPlexSansThaiLooped-SemiBold,179,ณ,False,False,True,False,False,True
IBMPlexSansThaiLooped-SemiBold,180,ด,False,False,True,False,False,True
IBMPlexSansThaiLooped-SemiBold,181,ต,False,False,True,False,False,True
IBMPlexSansThaiLooped-SemiBold,182,ถ,False,False,True,False,False,True
IBMPlexSansThaiLooped-SemiBold,183,ท,False,False,True,False,False,True
IBMPlexSansThaiLooped-SemiBold,184,ธ,False,False,True,False,False,True
IBMPlexSansThaiLooped-SemiBold,185,น,False,False,True,False,False,True
IBMPlexSansThaiLooped-SemiBold,186,บ,False,False,True,False,False,True
IBMPlexSansThaiLooped-SemiBold,187,ป,False,False,True,False,False,True
IBMPlexSansThaiLooped-SemiBold,188,ผ,False,False,True,False,False,True
IBMPlexSansThaiLooped-SemiBold,189,ฝ,False,False,True,False,False,True
IBMPlexSansThaiLooped-SemiBold,190,พ,False,False,True,False,False,True
IBMPlexSansThaiLooped-SemiBold,191,ฟ,False,False,True,False,False,True
IBMPlexSansThaiLooped-SemiBold,192,ภ,False,False,True,False,False,True
IBMPlexSansThaiLooped-SemiBold,193,ม,False,False,True,False,False,True
IBMPlexSansThaiLooped-SemiBold,194,ย,False,False,True,False,False,True
IBMPlexSansThaiLooped-SemiBold,195,ร,False,False,True,False,False,True
IBMPlexSansThaiLooped-SemiBold,196,ฤ,False,False,True,False,False,True
IBMPlexSansThaiLooped-SemiBold,197,ล,False,False,True,False,False,True
IBMPlexSansThaiLooped-SemiBold,199,ว,False,False,True,False,False,True
IBMPlexSansThaiLooped-SemiBold,200,ศ,False,False,True,False,False,True
IBMPlexSansThaiLooped-SemiBold,201,ษ,False,False,True,False,False,True
IBMPlexSansThaiLooped-SemiBold,202,ส,False,False,True,False,False,True
IBMPlexSansThaiLooped-SemiBold,203,ห,False,False,True,False,False,True
IBMPlexSansThaiLooped-SemiBold,204,ฬ,False,False,True,False,False,True
IBMPlexSansThaiLooped-SemiBold,205,อ,False,False,True,False,False,True
IBMPlexSansThaiLooped-SemiBold,206,ฮ,False,False,True,False,False,True
IBMPlexSansThaiLooped-SemiBold,207,ฯ,False,False,True,False,False,True
IBMPlexSansThaiLooped-SemiBold,209,ั,True,True,True,False,False,True
IBMPlexSansThaiLooped-SemiBold,210,า,False,False,True,False,False,True
IBMPlexSansThaiLooped-SemiBold,212,ิ,True,True,True,False,False,True
IBMPlexSansThaiLooped-SemiBold,213,ี,True,True,True,False,False,True
IBMPlexSansThaiLooped-SemiBold,214,ึ,True,True,True,False,False,True
IBMPlexSansThaiLooped-SemiBold,215,ื,True,True,True,False,False,True
IBMPlexSansThaiLooped-SemiBold,216,ุ,True,False,True,False,False,True
IBMPlexSansThaiLooped-SemiBold,217,ู,True,False,True,False,False,True
IBMPlexSansThaiLooped-SemiBold,224,เ,False,False,True,False,False,True
IBMPlexSansThaiLooped-SemiBold,225,แ,False,False,True,False,False,True
IBMPlexSansThaiLooped-SemiBold,226,โ,False,False,True,False,False,True
IBMPlexSansThaiLooped-SemiBold,227,ใ,False,False,True,False,False,True
IBMPlexSansThaiLooped-SemiBold,228,ไ,False,False,True,False,False,True
IBMPlexSansThaiLooped-SemiBold,229,ๅ,False,False,True,False,False,True
IBMPlexSansThaiLooped-SemiBold,230,ๆ,False,False,True,False,False,True
IBMPlexSansThaiLooped-SemiBold,231,็,True,True,True,False,False,True
IBMPlexSansThaiLooped-SemiBold,232,่,True,True,True,False,False,True
IBMPlexSansThaiLooped-SemiBold,233,้,True,True,True,False,False,True
IBMPlexSansThaiLooped-SemiBold,234,๊,True,True,True,False,False,True
IBMPlexSansThaiLooped-SemiBold,236,์,True,True,True,False,False,True
IBMPlexSansThaiLooped-SemiBold,240,๐,False,False,True,False,False,True
IBMPlexSansThaiLooped-SemiBold,241,๑,False,False,True,False,False,True
IBMPlexSansThaiLooped-SemiBold,242,๒,False,False,True,False,False,True
IBMPlexSansThaiLooped-SemiBold,243,๓,False,False,True,False,False,True
IBMPlexSansThaiLooped-SemiBold,244,๔,False,False,True,False,False,True
IBMPlexSansThaiLooped-SemiBold,245,๕,False,False,True,False,False,True
IBMPlexSansThaiLooped-SemiBold,246,๖,False,False,True,False,False,True
IBMPlexSansThaiLooped-SemiBold,247,๗,False,False,True,False,False,True
IBMPlexSansThaiLooped-SemiBold,248,๘,False,False,True,False,False,True
IBMPlexSansThaiLooped-SemiBold,249,๙,False,False,True,False,False,True
IBMPlexSansThaiLooped-Thin,161,ก,False,False,True,False,False,True
IBMPlexSansThaiLooped-Thin,162,ข,False,False,True,False,False,True
IBMPlexSansThaiLooped-Thin,163,ฃ,False,False,True,False,False,True
IBMPlexSansThaiLooped-Thin,164,ค,False,False,True,False,False,True
IBMPlexSansThaiLooped-Thin,167,ง,False,False,True,False,False,True
IBMPlexSansThaiLooped-Thin,168,จ,False,False,True,False,False,True
IBMPlexSansThaiLooped-Thin,169,ฉ,False,False,True,False,False,True
IBMPlexSansThaiLooped-Thin,170,ช,False,False,True,False,False,True
IBMPlexSansThaiLooped-Thin,171,ซ,False,False,True,False,False,True
IBMPlexSansThaiLooped-Thin,173,ญ,False,False,True,False,False,True
IBMPlexSansThaiLooped-Thin,175,ฏ,False,False,True,False,False,True
IBMPlexSansThaiLooped-Thin,176,ฐ,False,False,True,False,False,True
IBMPlexSansThaiLooped-Thin,177,ฑ,False,False,True,False,False,True
IBMPlexSansThaiLooped-Thin,178,ฒ,False,False,True,False,False,True
IBMPlexSansThaiLooped-Thin,179,ณ,False,False,True,False,False,True
IBMPlexSansThaiLooped-Thin,180,ด,False,False,True,False,False,True
IBMPlexSansThaiLooped-Thin,181,ต,False,False,True,False,False,True
IBMPlexSansThaiLooped-Thin,182,ถ,False,False,True,False,False,True
IBMPlexSansThaiLooped-Thin,183,ท,False,False,True,False,False,True
IBMPlexSansThaiLooped-Thin,184,ธ,False,False,True,False,False,True
IBMPlexSansThaiLooped-Thin,185,น,False,False,True,False,False,True
IBMPlexSansThaiLooped-Thin,186,บ,False,False,True,False,False,True
IBMPlexSansThaiLooped-Thin,187,ป,False,False,True,False,False,True
IBMPlexSansThaiLooped-Thin,188,ผ,False,False,True,False,False,True
IBMPlexSansThaiLooped-Thin,189,ฝ,False,False,True,False,False,True
IBMPlexSansThaiLooped-Thin,190,พ,False,False,True,False,False,True
IBMPlexSansThaiLooped-Thin,191,ฟ,False,False,True,False,False,True
IBMPlexSansThaiLooped-Thin,192,ภ,False,False,True,False,False,True
IBMPlexSansThaiLooped-Thin,193,ม,False,False,True,False,False,True
IBMPlexSansThaiLooped-Thin,194,ย,False,False,True,False,False,True
IBMPlexSansThaiLooped-Thin,195,ร,False,False,True,False,False,True
IBMPlexSansThaiLooped-Thin,196,ฤ,False,False,True,False,False,True
IBMPlexSansThaiLooped-Thin,197,ล,False,False,True,False,False,True
IBMPlexSansThaiLooped-Thin,199,ว,False,False,True,False,False,True
IBMPlexSansThaiLooped-Thin,200,ศ,False,False,True,False,False,True
IBMPlexSansThaiLooped-Thin,201,ษ,False,False,True,False,False,True
IBMPlexSansThaiLooped-Thin,202,ส,False,False,True,False,False,True
IBMPlexSansThaiLooped-Thin,203,ห,False,False,True,False,False,True
IBMPlexSansThaiLooped-Thin,204,ฬ,False,False,True,False,False,True
IBMPlexSansThaiLooped-Thin,205,อ,False,False,True,False,False,True
IBMPlexSansThaiLooped-Thin,206,ฮ,False,False,True,False,False,True
IBMPlexSansThaiLooped-Thin,207,ฯ,False,False,True,False,False,True
IBMPlexSansThaiLooped-Thin,209,ั,True,True,True,False,False,True
IBMPlexSansThaiLooped-Thin,210,า,False,False,True,False,False,True
IBMPlexSansThaiLooped-Thin,212,ิ,True,True,True,False,False,True
IBMPlexSansThaiLooped-Thin,213,ี,True,True,True,False,False,True
IBMPlexSansThaiLooped-Thin,214,ึ,True,True,True,False,False,True
IBMPlexSansThaiLooped-Thin,215,ื,True,True,True,False,False,True
IBMPlexSansThaiLooped-Thin,216,ุ,True,False,True,False,False,True
IBMPlexSansThaiLooped-Thin,217,ู,True,False,True,False,False,True
IBMPlexSansThaiLooped-Thin,224,เ,False,False,True,False,False,True
IBMPlexSansThaiLooped-Thin,225,แ,False,False,True,False,False,True
IBMPlexSansThaiLooped-Thin,226,โ,False,False,True,False,False,True
IBMPlexSansThaiLooped-Thin,227,ใ,False,False,True,False,False,True
IBMPlexSansThaiLooped-Thin,228,ไ,False,False,True,False,False,True
IBMPlexSansThaiLooped-Thin,229,ๅ,False,False,True,False,False,True
IBMPlexSansThaiLooped-Thin,230,ๆ,False,False,True,False,False,True
IBMPlexSansThaiLooped-Thin,231,็,True,True,True,False,False,True
IBMPlexSansThaiLooped-Thin,232,่,True,True,True,False,False,True
IBMPlexSansThaiLooped-Thin,233,้,True,True,True,False,False,True
IBMPlexSansThaiLooped-Thin,234,๊,True,True,True,False,False,True
IBMPlexSansThaiLooped-Thin,236,์,True,True,True,False,False,True
IBMPlexSansThaiLooped-Thin,240,๐,False,False,True,False,False,True
IBMPlexSansThaiLooped-Thin,241,๑,False,False,True,False,False,True
IBMPlexSansThaiLooped-Thin,242,๒,False,False,True,False,False,True
IBMPlexSansThaiLooped-Thin,243,๓,False,False,True,False,False,True
IBMPlexSansThaiLooped-Thin,244,๔,False,False,True,False,False,True
IBMPlexSansThaiLooped-Thin,245,๕,False,False,True,False,False,True
IBMPlexSansThaiLooped-Thin,246,๖,False,False,True,False,False,True
IBMPlexSansThaiLooped-Thin,247,๗,False,False,True,False,False,True
IBMPlexSansThaiLooped-Thin,248,๘,False,False,True,False,False,True
IBMPlexSansThaiLooped-Thin,249,๙,False,False,True,False,False,True
Itim-Regular,161,ก,False,False,True,False,False,True
Itim-Regular,162,ข,False,False,True,False,False,True
Itim-Regular,163,ฃ,False,False,True,False,False,True
Itim-Regular,164,ค,False,False,True,False,False,True
Itim-Regular,167,ง,False,False,True,False,False,True
Itim-Regular,168,จ,False,False,True,False,False,True
Itim-Regular,169,ฉ,False,False,True,False,False,True
Itim-Regular,170,ช,False,False,True,False,False,True
Itim-Regular,171,ซ,False,False,True,False,False,True
Itim-Regular,173,ญ,False,False,True,False,False,True
Itim-Regular,175,ฏ,False,False,True,False,False,True
Itim-Regular,176,ฐ,False,False,True,False,False,True
Itim-Regular,177,ฑ,False,False,True,False,False,True
Itim-Regular,178,ฒ,False,False,True,False,False,True
Itim-Regular,179,ณ,False,False,True,False,False,True
Itim-Regular,180,ด,False,False,True,False,False,True
Itim-Regular,181,ต,False,False,True,False,False,True
Itim-Regular,182,ถ,False,False,True,False,False,True
Itim-Regular,183,ท,False,False,True,False,False,True
Itim-Regular,184,ธ,False,False,True,False,False,True
Itim-Regular,185,น,False,False,True,False,False,True
Itim-Regular,186,บ,False,False,True,False,False,True
Itim-Regular,187,ป,False,False,True,False,False,True
Itim-Regular,188,ผ,False,False,True,False,False,True
Itim-Regular,189,ฝ,False,False,True,False,False,True
Itim-Regular,190,พ,False,False,True,False,False,True
Itim-Regular,191,ฟ,False,False,True,False,False,True
Itim-Regular,192,ภ,False,False,True,False,False,True
Itim-Regular,193,ม,False,False,True,False,False,True
Itim-Regular,194,ย,False,False,True,False,False,True
Itim-Regular,195,ร,False,False,True,False,False,True
Itim-Regular,196,ฤ,False,False,True,False,False,True
Itim-Regular,197,ล,False,False,True,False,False,True
Itim-Regular,199,ว,False,False,True,False,False,True
Itim-Regular,200,ศ,False,False,True,False,False,True
Itim-Regular,201,ษ,False,False,True,False,False,True
Itim-Regular,202,ส,False,False,True,False,False,True
Itim-Regular,203,ห,False,False,True,False,False,True
Itim-Regular,204,ฬ,False,False,True,False,False,True
Itim-Regular,205,อ,False,False,True,False,False,True
Itim-Regular,206,ฮ,False,False,True,False,False,True
Itim-Regular,207,ฯ,False,False,True,False,False,True
Itim-Regular,209,ั,True,True,True,False,False,True
Itim-Regular,210,า,False,False,True,False,False,True
Itim-Regular,212,ิ,True,True,True,False,False,True
Itim-Regular,213,ี,True,True,True,False,False,True
Itim-Regular,214,ึ,True,True,True,False,False,True
Itim-Regular,215,ื,True,True,True,False,False,True
Itim-Regular,216,ุ,True,False,True,False,False,True
Itim-Regular,217,ู,True,False,True,False,False,True
Itim-Regular,224,เ,False,False,True,False,False,True
Itim-Regular,225,แ,False,False,True,False,False,True
Itim-Regular,226,โ,False,False,True,False,False,True
Itim-Regular,227,ใ,False,False,True,False,False,True
Itim-Regular,228,ไ,False,False,True,False,False,True
Itim-Regular,229,ๅ,False,False,True,False,False,True
Itim-Regular,230,ๆ,False,False,True,False,False,True
Itim-Regular,231,็,True,True,True,False,False,True
Itim-Regular,232,่,True,True,True,False,False,True
Itim-Regular,233,้,True,True,True,False,False,True
Itim-Regular,234,๊,True,True,True,False,False,True
Itim-Regular,236,์,True,True,True,False,False,True
Itim-Regular,240,๐,False,False,True,False,False,True
Itim-Regular,241,๑,False,False,True,False,False,True
Itim-Regular,242,๒,False,False,True,False,False,True
Itim-Regular,243,๓,False,False,True,False,False,True
Itim-Regular,244,๔,False,False,True,False,False,True
Itim-Regular,245,๕,False,False,True,False,False,True
Itim-Regular,246,๖,False,False,True,False,False,True
Itim-Regular,247,๗,False,False,True,False,False,True
Itim-Regular,248,๘,False,False,True,False,False,True
Itim-Regular,249,๙,False,False,True,False,False,True
K2D-Bold,161,ก,False,False,True,False,False,True
K2D-Bold,162,ข,False,False,True,False,False,True
K2D-Bold,163,ฃ,False,False,True,False,False,True
K2D-Bold,164,ค,False,False,True,False,False,True
K2D-Bold,167,ง,False,False,True,False,False,True
K2D-Bold,168,จ,False,False,True,False,False,True
K2D-Bold,169,ฉ,False,False,True,False,False,True
K2D-Bold,170,ช,False,False,True,False,False,True
K2D-Bold,171,ซ,False,False,True,False,False,True
K2D-Bold,173,ญ,False,False,True,False,False,True
K2D-Bold,175,ฏ,False,False,True,False,False,True
K2D-Bold,176,ฐ,False,False,True,False,False,True
K2D-Bold,177,ฑ,False,False,True,False,False,True
K2D-Bold,178,ฒ,False,False,True,False,False,True
K2D-Bold,179,ณ,False,False,True,False,False,True
K2D-Bold,180,ด,False,False,True,False,False,True
K2D-Bold,181,ต,False,False,True,False,False,True
K2D-Bold,182,ถ,False,False,True,False,False,True
K2D-Bold,183,ท,False,False,True,False,False,True
K2D-Bold,184,ธ,False,False,True,False,False,True
K2D-Bold,185,น,False,False,True,False,False,True
K2D-Bold,186,บ,False,False,True,False,False,True
K2D-Bold,187,ป,False,False,True,False,False,True
K2D-Bold,188,ผ,False,False,True,False,False,True
K2D-Bold,189,ฝ,False,False,True,False,False,True
K2D-Bold,190,พ,False,False,True,False,False,True
K2D-Bold,191,ฟ,False,False,True,False,False,True
K2D-Bold,192,ภ,False,False,True,False,False,True
K2D-Bold,193,ม,False,False,True,False,False,True
K2D-Bold,194,ย,False,False,True,False,False,True
K2D-Bold,195,ร,False,False,True,False,False,True
K2D-Bold,196,ฤ,False,False,True,False,False,True
K2D-Bold,197,ล,False,False,True,False,False,True
K2D-Bold,199,ว,False,False,True,False,False,True
K2D-Bold,200,ศ,False,False,True,False,False,True
K2D-Bold,201,ษ,False,False,True,False,False,True
K2D-Bold,202,ส,False,False,True,False,False,True
K2D-Bold,203,ห,False,False,True,False,False,True
K2D-Bold,204,ฬ,False,False,True,False,False,True
K2D-Bold,205,อ,False,False,True,False,False,True
K2D-Bold,206,ฮ,False,False,True,False,False,True
K2D-Bold,207,ฯ,False,False,True,False,False,True
K2D-Bold,209,ั,True,True,True,False,False,True
K2D-Bold,210,า,False,False,True,False,False,True
K2D-Bold,212,ิ,True,True,True,False,False,True
K2D-Bold,213,ี,True,True,True,False,False,True
K2D-Bold,214,ึ,True,True,True,False,False,True
K2D-Bold,215,ื,True,True,True,False,False,True
K2D-Bold,216,ุ,True,False,True,False,False,True
K2D-Bold,217,ู,True,False,True,False,False,True
K2D-Bold,224,เ,False,False,True,False,False,True
K2D-Bold,225,แ,False,False,True,False,False,True
K2D-Bold,226,โ,False,False,True,False,False,True
K2D-Bold,227,ใ,False,False,True,False,False,True
K2D-Bold,228,ไ,False,False,True,False,False,True
K2D-Bold,229,ๅ,False,False,True,False,False,True
K2D-Bold,230,ๆ,False,False,True,False,False,True
K2D-Bold,231,็,True,True,True,False,False,True
K2D-Bold,232,่,True,True,True,False,False,True
K2D-Bold,233,้,True,True,True,False,False,True
K2D-Bold,234,๊,True,True,True,False,False,True
K2D-Bold,236,์,True,True,True,False,False,True
K2D-Bold,240,๐,False,False,True,False,False,True
K2D-Bold,241,๑,False,False,True,False,False,True
K2D-Bold,242,๒,False,False,True,False,False,True
K2D-Bold,243,๓,False,False,True,False,False,True
K2D-Bold,244,๔,False,False,True,False,False,True
K2D-Bold,245,๕,False,False,True,False,False,True
K2D-Bold,246,๖,False,False,True,False,False,True
K2D-Bold,247,๗,False,False,True,False,False,True
K2D-Bold,248,๘,False,False,True,False,False,True
K2D-Bold,249,๙,False,False,True,False,False,True
K2D-ExtraBold,161,ก,False,False,True,False,False,True
K2D-ExtraBold,162,ข,False,False,True,False,False,True
K2D-ExtraBold,163,ฃ,False,False,True,False,False,True
K2D-ExtraBold,164,ค,False,False,True,False,False,True
K2D-ExtraBold,167,ง,False,False,True,False,False,True
K2D-ExtraBold,168,จ,False,False,True,False,False,True
K2D-ExtraBold,169,ฉ,False,False,True,False,False,True
K2D-ExtraBold,170,ช,False,False,True,False,False,True
K2D-ExtraBold,171,ซ,False,False,True,False,False,True
K2D-ExtraBold,173,ญ,False,False,True,False,False,True
K2D-ExtraBold,175,ฏ,False,False,True,False,False,True
K2D-ExtraBold,176,ฐ,False,False,True,False,False,True
K2D-ExtraBold,177,ฑ,False,False,True,False,False,True
K2D-ExtraBold,178,ฒ,False,False,True,False,False,True
K2D-ExtraBold,179,ณ,False,False,True,False,False,True
K2D-ExtraBold,180,ด,False,False,True,False,False,True
K2D-ExtraBold,181,ต,False,False,True,False,False,True
K2D-ExtraBold,182,ถ,False,False,True,False,False,True
K2D-ExtraBold,183,ท,False,False,True,False,False,True
K2D-ExtraBold,184,ธ,False,False,True,False,False,True
K2D-ExtraBold,185,น,False,False,True,False,False,True
K2D-ExtraBold,186,บ,False,False,True,False,False,True
K2D-ExtraBold,187,ป,False,False,True,False,False,True
K2D-ExtraBold,188,ผ,False,False,True,False,False,True
K2D-ExtraBold,189,ฝ,False,False,True,False,False,True
K2D-ExtraBold,190,พ,False,False,True,False,False,True
K2D-ExtraBold,191,ฟ,False,False,True,False,False,True
K2D-ExtraBold,192,ภ,False,False,True,False,False,True
K2D-ExtraBold,193,ม,False,False,True,False,False,True
K2D-ExtraBold,194,ย,False,False,True,False,False,True
K2D-ExtraBold,195,ร,False,False,True,False,False,True
K2D-ExtraBold,196,ฤ,False,False,True,False,False,True
K2D-ExtraBold,197,ล,False,False,True,False,False,True
K2D-ExtraBold,199,ว,False,False,True,False,False,True
K2D-ExtraBold,200,ศ,False,False,True,False,False,True
K2D-ExtraBold,201,ษ,False,False,True,False,False,True
K2D-ExtraBold,202,ส,False,False,True,False,False,True
K2D-ExtraBold,203,ห,False,False,True,False,False,True
K2D-ExtraBold,204,ฬ,False,False,True,False,False,True
K2D-ExtraBold,205,อ,False,False,True,False,False,True
K2D-ExtraBold,206,ฮ,False,False,True,False,False,True
K2D-ExtraBold,207,ฯ,False,False,True,False,False,True
K2D-ExtraBold,209,ั,True,True,True,False,False,True
K2D-ExtraBold,210,า,False,False,True,False,False,True
K2D-ExtraBold,212,ิ,True,True,True,False,False,True
K2D-ExtraBold,213,ี,True,True,True,False,False,True
K2D-ExtraBold,214,ึ,True,True,True,False,False,True
K2D-ExtraBold,215,ื,True,True,True,False,False,True
K2D-ExtraBold,216,ุ,True,False,True,False,False,True
K2D-ExtraBold,217,ู,True,False,True,False,False,True
K2D-ExtraBold,224,เ,False,False,True,False,False,True
K2D-ExtraBold,225,แ,False,False,True,False,False,True
K2D-ExtraBold,226,โ,False,False,True,False,False,True
K2D-ExtraBold,227,ใ,False,False,True,False,False,True
K2D-ExtraBold,228,ไ,False,False,True,False,False,True
K2D-ExtraBold,229,ๅ,False,False,True,False,False,True
K2D-ExtraBold,230,ๆ,False,False,True,False,False,True
K2D-ExtraBold,231,็,True,True,True,False,False,True
K2D-ExtraBold,232,่,True,True,True,False,False,True
K2D-ExtraBold,233,้,True,True,True,False,False,True
K2D-ExtraBold,234,๊,True,True,True,False,False,True
K2D-ExtraBold,236,์,True,True,True,False,False,True
K2D-ExtraBold,240,๐,False,False,True,False,False,True
K2D-ExtraBold,241,๑,False,False,True,False,False,True
K2D-ExtraBold,242,๒,False,False,True,False,False,True
K2D-ExtraBold,243,๓,False,False,True,False,False,True
K2D-ExtraBold,244,๔,False,False,True,False,False,True
K2D-ExtraBold,245,๕,False,False,True,False,False,True
K2D-ExtraBold,246,๖,False,False,True,False,False,True
K2D-ExtraBold,247,๗,False,False,True,False,False,True
K2D-ExtraBold,248,๘,False,False,True,False,False,True
K2D-ExtraBold,249,๙,False,False,True,False,False,True
K2D-ExtraLight,161,ก,False,False,True,False,False,True
K2D-ExtraLight,162,ข,False,False,True,False,False,True
K2D-ExtraLight,163,ฃ,False,False,True,False,False,True
K2D-ExtraLight,164,ค,False,False,True,False,False,True
K2D-ExtraLight,167,ง,False,False,True,False,False,True
K2D-ExtraLight,168,จ,False,False,True,False,False,True
K2D-ExtraLight,169,ฉ,False,False,True,False,False,True
K2D-ExtraLight,170,ช,False,False,True,False,False,True
K2D-ExtraLight,171,ซ,False,False,True,False,False,True
K2D-ExtraLight,173,ญ,False,False,True,False,False,True
K2D-ExtraLight,175,ฏ,False,False,True,False,False,True
K2D-ExtraLight,176,ฐ,False,False,True,False,False,True
K2D-ExtraLight,177,ฑ,False,False,True,False,False,True
K2D-ExtraLight,178,ฒ,False,False,True,False,False,True
K2D-ExtraLight,179,ณ,False,False,True,False,False,True
K2D-ExtraLight,180,ด,False,False,True,False,False,True
K2D-ExtraLight,181,ต,False,False,True,False,False,True
K2D-ExtraLight,182,ถ,False,False,True,False,False,True
K2D-ExtraLight,183,ท,False,False,True,False,False,True
K2D-ExtraLight,184,ธ,False,False,True,False,False,True
K2D-ExtraLight,185,น,False,False,True,False,False,True
K2D-ExtraLight,186,บ,False,False,True,False,False,True
K2D-ExtraLight,187,ป,False,False,True,False,False,True
K2D-ExtraLight,188,ผ,False,False,True,False,False,True
K2D-ExtraLight,189,ฝ,False,False,True,False,False,True
K2D-ExtraLight,190,พ,False,False,True,False,False,True
K2D-ExtraLight,191,ฟ,False,False,True,False,False,True
K2D-ExtraLight,192,ภ,False,False,True,False,False,True
K2D-ExtraLight,193,ม,False,False,True,False,False,True
K2D-ExtraLight,194,ย,False,False,True,False,False,True
K2D-ExtraLight,195,ร,False,False,True,False,False,True
K2D-ExtraLight,196,ฤ,False,False,True,False,False,True
K2D-ExtraLight,197,ล,False,False,True,False,False,True
K2D-ExtraLight,199,ว,False,False,True,False,False,True
K2D-ExtraLight,200,ศ,False,False,True,False,False,True
K2D-ExtraLight,201,ษ,False,False,True,False,False,True
K2D-ExtraLight,202,ส,False,False,True,False,False,True
K2D-ExtraLight,203,ห,False,False,True,False,False,True
K2D-ExtraLight,204,ฬ,False,False,True,False,False,True
K2D-ExtraLight,205,อ,False,False,True,False,False,True
K2D-ExtraLight,206,ฮ,False,False,True,False,False,True
K2D-ExtraLight,207,ฯ,False,False,True,False,False,True
K2D-ExtraLight,209,ั,True,True,True,False,False,True
K2D-ExtraLight,210,า,False,False,True,False,False,True
K2D-ExtraLight,212,ิ,True,True,True,False,False,True
K2D-ExtraLight,213,ี,True,True,True,False,False,True
K2D-ExtraLight,214,ึ,True,True,True,False,False,True
K2D-ExtraLight,215,ื,True,True,True,False,False,True
K2D-ExtraLight,216,ุ,True,False,True,False,False,True
K2D-ExtraLight,217,ู,True,False,True,False,False,True
K2D-ExtraLight,224,เ,False,False,True,False,False,True
K2D-ExtraLight,225,แ,False,False,True,False,False,True
K2D-ExtraLight,226,โ,False,False,True,False,False,True
K2D-ExtraLight,227,ใ,False,False,True,False,False,True
K2D-ExtraLight,228,ไ,False,False,True,False,False,True
K2D-ExtraLight,229,ๅ,False,False,True,False,False,True
K2D-ExtraLight,230,ๆ,False,False,True,False,False,True
K2D-ExtraLight,231,็,True,True,True,False,False,True
K2D-ExtraLight,232,่,True,True,True,False,False,True
K2D-ExtraLight,233,้,True,True,True,False,False,True
K2D-ExtraLight,234,๊,True,True,True,False,False,True
K2D-ExtraLight,236,์,True,True,True,False,False,True
K2D-ExtraLight,240,๐,False,False,True,False,False,True
K2D-ExtraLight,241,๑,False,False,True,False,False,True
K2D-ExtraLight,242,๒,False,False,True,False,False,True
K2D-ExtraLight,243,๓,False,False,True,False,False,True
K2D-ExtraLight,244,๔,False,False,True,False,False,True
K2D-ExtraLight,245,๕,False,False,True,False,False,True
K2D-ExtraLight,246,๖,False,False,True,False,False,True
K2D-ExtraLight,247,๗,False,False,True,False,False,True
K2D-ExtraLight,248,๘,False,False,True,False,False,True
K2D-ExtraLight,249,๙,False,False,True,False,False,True
K2D-Light,161,ก,False,False,True,False,False,True
K2D-Light,162,ข,False,False,True,False,False,True
K2D-Light,163,ฃ,False,False,True,False,False,True
K2D-Light,164,ค,False,False,True,False,False,True
K2D-Light,167,ง,False,False,True,False,False,True
K2D-Light,168,จ,False,False,True,False,False,True
K2D-Light,169,ฉ,False,False,True,False,False,True
K2D-Light,170,ช,False,False,True,False,False,True
K2D-Light,171,ซ,False,False,True,False,False,True
K2D-Light,173,ญ,False,False,True,False,False,True
K2D-Light,175,ฏ,False,False,True,False,False,True
K2D-Light,176,ฐ,False,False,True,False,False,True
K2D-Light,177,ฑ,False,False,True,False,False,True
K2D-Light,178,ฒ,False,False,True,False,False,True
K2D-Light,179,ณ,False,False,True,False,False,True
K2D-Light,180,ด,False,False,True,False,False,True
K2D-Light,181,ต,False,False,True,False,False,True
K2D-Light,182,ถ,False,False,True,False,False,True
K2D-Light,183,ท,False,False,True,False,False,True
K2D-Light,184,ธ,False,False,True,False,False,True
K2D-Light,185,น,False,False,True,False,False,True
K2D-Light,186,บ,False,False,True,False,False,True
K2D-Light,187,ป,False,False,True,False,False,True
K2D-Light,188,ผ,False,False,True,False,False,True
K2D-Light,189,ฝ,False,False,True,False,False,True
K2D-Light,190,พ,False,False,True,False,False,True
K2D-Light,191,ฟ,False,False,True,False,False,True
K2D-Light,192,ภ,False,False,True,False,False,True
K2D-Light,193,ม,False,False,True,False,False,True
K2D-Light,194,ย,False,False,True,False,False,True
K2D-Light,195,ร,False,False,True,False,False,True
K2D-Light,196,ฤ,False,False,True,False,False,True
K2D-Light,197,ล,False,False,True,False,False,True
K2D-Light,199,ว,False,False,True,False,False,True
K2D-Light,200,ศ,False,False,True,False,False,True
K2D-Light,201,ษ,False,False,True,False,False,True
K2D-Light,202,ส,False,False,True,False,False,True
K2D-Light,203,ห,False,False,True,False,False,True
K2D-Light,204,ฬ,False,False,True,False,False,True
K2D-Light,205,อ,False,False,True,False,False,True
K2D-Light,206,ฮ,False,False,True,False,False,True
K2D-Light,207,ฯ,False,False,True,False,False,True
K2D-Light,209,ั,True,True,True,False,False,True
K2D-Light,210,า,False,False,True,False,False,True
K2D-Light,212,ิ,True,True,True,False,False,True
K2D-Light,213,ี,True,True,True,False,False,True
K2D-Light,214,ึ,True,True,True,False,False,True
K2D-Light,215,ื,True,True,True,False,False,True
K2D-Light,216,ุ,True,False,True,False,False,True
K2D-Light,217,ู,True,False,True,False,False,True
K2D-Light,224,เ,False,False,True,False,False,True
K2D-Light,225,แ,False,False,True,False,False,True
K2D-Light,226,โ,False,False,True,False,False,True
K2D-Light,227,ใ,False,False,True,False,False,True
K2D-Light,228,ไ,False,False,True,False,False,True
K2D-Light,229,ๅ,False,False,True,False,False,True
K2D-Light,230,ๆ,False,False,True,False,False,True
K2D-Light,231,็,True,True,True,False,False,True
K2D-Light,232,่,True,True,True,False,False,True
K2D-Light,233,้,True,True,True,False,False,True
K2D-Light,234,๊,True,True,True,False,False,True
K2D-Light,236,์,True,True,True,False,False,True
K2D-Light,240,๐,False,False,True,False,False,True
K2D-Light,241,๑,False,False,True,False,False,True
K2D-Light,242,๒,False,False,True,False,False,True
K2D-Light,243,๓,False,False,True,False,False,True
K2D-Light,244,๔,False,False,True,False,False,True
K2D-Light,245,๕,False,False,True,False,False,True
K2D-Light,246,๖,False,False,True,False,False,True
K2D-Light,247,๗,False,False,True,False,False,True
K2D-Light,248,๘,False,False,True,False,False,True
K2D-Light,249,๙,False,False,True,False,False,True
K2D-Medium,161,ก,False,False,True,False,False,True
K2D-Medium,162,ข,False,False,True,False,False,True
K2D-Medium,163,ฃ,False,False,True,False,False,True
K2D-Medium,164,ค,False,False,True,False,False,True
K2D-Medium,167,ง,False,False,True,False,False,True
K2D-Medium,168,จ,False,False,True,False,False,True
K2D-Medium,169,ฉ,False,False,True,False,False,True
K2D-Medium,170,ช,False,False,True,False,False,True
K2D-Medium,171,ซ,False,False,True,False,False,True
K2D-Medium,173,ญ,False,False,True,False,False,True
K2D-Medium,175,ฏ,False,False,True,False,False,True
K2D-Medium,176,ฐ,False,False,True,False,False,True
K2D-Medium,177,ฑ,False,False,True,False,False,True
K2D-Medium,178,ฒ,False,False,True,False,False,True
K2D-Medium,179,ณ,False,False,True,False,False,True
K2D-Medium,180,ด,False,False,True,False,False,True
K2D-Medium,181,ต,False,False,True,False,False,True
K2D-Medium,182,ถ,False,False,True,False,False,True
K2D-Medium,183,ท,False,False,True,False,False,True
K2D-Medium,184,ธ,False,False,True,False,False,True
K2D-Medium,185,น,False,False,True,False,False,True
K2D-Medium,186,บ,False,False,True,False,False,True
K2D-Medium,187,ป,False,False,True,False,False,True
K2D-Medium,188,ผ,False,False,True,False,False,True
K2D-Medium,189,ฝ,False,False,True,False,False,True
K2D-Medium,190,พ,False,False,True,False,False,True
K2D-Medium,191,ฟ,False,False,True,False,False,True
K2D-Medium,192,ภ,False,False,True,False,False,True
K2D-Medium,193,ม,False,False,True,False,False,True
K2D-Medium,194,ย,False,False,True,False,False,True
K2D-Medium,195,ร,False,False,True,False,False,True
K2D-Medium,196,ฤ,False,False,True,False,False,True
K2D-Medium,197,ล,False,False,True,False,False,True
K2D-Medium,199,ว,False,False,True,False,False,True
K2D-Medium,200,ศ,False,False,True,False,False,True
K2D-Medium,201,ษ,False,False,True,False,False,True
K2D-Medium,202,ส,False,False,True,False,False,True
K2D-Medium,203,ห,False,False,True,False,False,True
K2D-Medium,204,ฬ,False,False,True,False,False,True
K2D-Medium,205,อ,False,False,True,False,False,True
K2D-Medium,206,ฮ,False,False,True,False,False,True
K2D-Medium,207,ฯ,False,False,True,False,False,True
K2D-Medium,209,ั,True,True,True,False,False,True
K2D-Medium,210,า,False,False,True,False,False,True
K2D-Medium,212,ิ,True,True,True,False,False,True
K2D-Medium,213,ี,True,True,True,False,False,True
K2D-Medium,214,ึ,True,True,True,False,False,True
K2D-Medium,215,ื,True,True,True,False,False,True
K2D-Medium,216,ุ,True,False,True,False,False,True
K2D-Medium,217,ู,True,False,True,False,False,True
K2D-Medium,224,เ,False,False,True,False,False,True
K2D-Medium,225,แ,False,False,True,False,False,True
K2D-Medium,226,โ,False,False,True,False,False,True
K2D-Medium,227,ใ,False,False,True,False,False,True
K2D-Medium,228,ไ,False,False,True,False,False,True
K2D-Medium,229,ๅ,False,False,True,False,False,True
K2D-Medium,230,ๆ,False,False,True,False,False,True
K2D-Medium,231,็,True,True,True,False,False,True
K2D-Medium,232,่,True,True,True,False,False,True
K2D-Medium,233,้,True,True,True,False,False,True
K2D-Medium,234,๊,True,True,True,False,False,True
K2D-Medium,236,์,True,True,True,False,False,True
K2D-Medium,240,๐,False,False,True,False,False,True
K2D-Medium,241,๑,False,False,True,False,False,True
K2D-Medium,242,๒,False,False,True,False,False,True
K2D-Medium,243,๓,False,False,True,False,False,True
K2D-Medium,244,๔,False,False,True,False,False,True
K2D-Medium,245,๕,False,False,True,False,False,True
K2D-Medium,246,๖,False,False,True,False,False,True
K2D-Medium,247,๗,False,False,True,False,False,True
K2D-Medium,248,๘,False,False,True,False,False,True
K2D-Medium,249,๙,False,False,True,False,False,True
K2D-Regular,161,ก,False,False,True,False,False,True
K2D-Regular,162,ข,False,False,True,False,False,True
K2D-Regular,163,ฃ,False,False,True,False,False,True
K2D-Regular,164,ค,False,False,True,False,False,True
K2D-Regular,167,ง,False,False,True,False,False,True
K2D-Regular,168,จ,False,False,True,False,False,True
K2D-Regular,169,ฉ,False,False,True,False,False,True
K2D-Regular,170,ช,False,False,True,False,False,True
K2D-Regular,171,ซ,False,False,True,False,False,True
K2D-Regular,173,ญ,False,False,True,False,False,True
K2D-Regular,175,ฏ,False,False,True,False,False,True
K2D-Regular,176,ฐ,False,False,True,False,False,True
K2D-Regular,177,ฑ,False,False,True,False,False,True
K2D-Regular,178,ฒ,False,False,True,False,False,True
K2D-Regular,179,ณ,False,False,True,False,False,True
K2D-Regular,180,ด,False,False,True,False,False,True
K2D-Regular,181,ต,False,False,True,False,False,True
K2D-Regular,182,ถ,False,False,True,False,False,True
K2D-Regular,183,ท,False,False,True,False,False,True
K2D-Regular,184,ธ,False,False,True,False,False,True
K2D-Regular,185,น,False,False,True,False,False,True
K2D-Regular,186,บ,False,False,True,False,False,True
K2D-Regular,187,ป,False,False,True,False,False,True
K2D-Regular,188,ผ,False,False,True,False,False,True
K2D-Regular,189,ฝ,False,False,True,False,False,True
K2D-Regular,190,พ,False,False,True,False,False,True
K2D-Regular,191,ฟ,False,False,True,False,False,True
K2D-Regular,192,ภ,False,False,True,False,False,True
K2D-Regular,193,ม,False,False,True,False,False,True
K2D-Regular,194,ย,False,False,True,False,False,True
K2D-Regular,195,ร,False,False,True,False,False,True
K2D-Regular,196,ฤ,False,False,True,False,False,True
K2D-Regular,197,ล,False,False,True,False,False,True
K2D-Regular,199,ว,False,False,True,False,False,True
K2D-Regular,200,ศ,False,False,True,False,False,True
K2D-Regular,201,ษ,False,False,True,False,False,True
K2D-Regular,202,ส,False,False,True,False,False,True
K2D-Regular,203,ห,False,False,True,False,False,True
K2D-Regular,204,ฬ,False,False,True,False,False,True
K2D-Regular,205,อ,False,False,True,False,False,True
K2D-Regular,206,ฮ,False,False,True,False,False,True
K2D-Regular,207,ฯ,False,False,True,False,False,True
K2D-Regular,209,ั,True,True,True,False,False,True
K2D-Regular,210,า,False,False,True,False,False,True
K2D-Regular,212,ิ,True,True,True,False,False,True
K2D-Regular,213,ี,True,True,True,False,False,True
K2D-Regular,214,ึ,True,True,True,False,False,True
K2D-Regular,215,ื,True,True,True,False,False,True
K2D-Regular,216,ุ,True,False,True,False,False,True
K2D-Regular,217,ู,True,False,True,False,False,True
K2D-Regular,224,เ,False,False,True,False,False,True
K2D-Regular,225,แ,False,False,True,False,False,True
K2D-Regular,226,โ,False,False,True,False,False,True
K2D-Regular,227,ใ,False,False,True,False,False,True
K2D-Regular,228,ไ,False,False,True,False,False,True
K2D-Regular,229,ๅ,False,False,True,False,False,True
K2D-Regular,230,ๆ,False,False,True,False,False,True
K2D-Regular,231,็,True,True,True,False,False,True
K2D-Regular,232,่,True,True,True,False,False,True
K2D-Regular,233,้,True,True,True,False,False,True
K2D-Regular,234,๊,True,True,True,False,False,True
K2D-Regular,236,์,True,True,True,False,False,True
K2D-Regular,240,๐,False,False,True,False,False,True
K2D-Regular,241,๑,False,False,True,False,False,True
K2D-Regular,242,๒,False,False,True,False,False,True
K2D-Regular,243,๓,False,False,True,False,False,True
K2D-Regular,244,๔,False,False,True,False,False,True
K2D-Regular,245,๕,False,False,True,False,False,True
K2D-Regular,246,๖,False,False,True,False,False,True
K2D-Regular,247,๗,False,False,True,False,False,True
K2D-Regular,248,๘,False,False,True,False,False,True
K2D-Regular,249,๙,False,False,True,False,False,True
K2D-SemiBold,161,ก,False,False,True,False,False,True
K2D-SemiBold,162,ข,False,False,True,False,False,True
K2D-SemiBold,163,ฃ,False,False,True,False,False,True
K2D-SemiBold,164,ค,False,False,True,False,False,True
K2D-SemiBold,167,ง,False,False,True,False,False,True
K2D-SemiBold,168,จ,False,False,True,False,False,True
K2D-SemiBold,169,ฉ,False,False,True,False,False,True
K2D-SemiBold,170,ช,False,False,True,False,False,True
K2D-SemiBold,171,ซ,False,False,True,False,False,True
K2D-SemiBold,173,ญ,False,False,True,False,False,True
K2D-SemiBold,175,ฏ,False,False,True,False,False,True
K2D-SemiBold,176,ฐ,False,False,True,False,False,True
K2D-SemiBold,177,ฑ,False,False,True,False,False,True
K2D-SemiBold,178,ฒ,False,False,True,False,False,True
K2D-SemiBold,179,ณ,False,False,True,False,False,True
K2D-SemiBold,180,ด,False,False,True,False,False,True
K2D-SemiBold,181,ต,False,False,True,False,False,True
K2D-SemiBold,182,ถ,False,False,True,False,False,True
K2D-SemiBold,183,ท,False,False,True,False,False,True
K2D-SemiBold,184,ธ,False,False,True,False,False,True
K2D-SemiBold,185,น,False,False,True,False,False,True
K2D-SemiBold,186,บ,False,False,True,False,False,True
K2D-SemiBold,187,ป,False,False,True,False,False,True
K2D-SemiBold,188,ผ,False,False,True,False,False,True
K2D-SemiBold,189,ฝ,False,False,True,False,False,True
K2D-SemiBold,190,พ,False,False,True,False,False,True
K2D-SemiBold,191,ฟ,False,False,True,False,False,True
K2D-SemiBold,192,ภ,False,False,True,False,False,True
K2D-SemiBold,193,ม,False,False,True,False,False,True
K2D-SemiBold,194,ย,False,False,True,False,False,True
K2D-SemiBold,195,ร,False,False,True,False,False,True
K2D-SemiBold,196,ฤ,False,False,True,False,False,True
K2D-SemiBold,197,ล,False,False,True,False,False,True
K2D-SemiBold,199,ว,False,False,True,False,False,True
K2D-SemiBold,200,ศ,False,False,True,False,False,True
K2D-SemiBold,201,ษ,False,False,True,False,False,True
K2D-SemiBold,202,ส,False,False,True,False,False,True
K2D-SemiBold,203,ห,False,False,True,False,False,True
K2D-SemiBold,204,ฬ,False,False,True,False,False,True
K2D-SemiBold,205,อ,False,False,True,False,False,True
K2D-SemiBold,206,ฮ,False,False,True,False,False,True
K2D-SemiBold,207,ฯ,False,False,True,False,False,True
K2D-SemiBold,209,ั,True,True,True,False,False,True
K2D-SemiBold,210,า,False,False,True,False,False,True
K2D-SemiBold,212,ิ,True,True,True,False,False,True
K2D-SemiBold,213,ี,True,True,True,False,False,True
K2D-SemiBold,214,ึ,True,True,True,False,False,True
K2D-SemiBold,215,ื,True,True,True,False,False,True
K2D-SemiBold,216,ุ,True,False,True,False,False,True
K2D-SemiBold,217,ู,True,False,True,False,False,True
K2D-SemiBold,224,เ,False,False,True,False,False,True
K2D-SemiBold,225,แ,False,False,True,False,False,True
K2D-SemiBold,226,โ,False,False,True,False,False,True
K2D-SemiBold,227,ใ,False,False,True,False,False,True
K2D-SemiBold,228,ไ,False,False,True,False,False,True
K2D-SemiBold,229,ๅ,False,False,True,False,False,True
K2D-SemiBold,230,ๆ,False,False,True,False,False,True
K2D-SemiBold,231,็,True,True,True,False,False,True
K2D-SemiBold,232,่,True,True,True,False,False,True
K2D-SemiBold,233,้,True,True,True,False,False,True
K2D-SemiBold,234,๊,True,True,True,False,False,True
K2D-SemiBold,236,์,True,True,True,False,False,True
K2D-SemiBold,240,๐,False,False,True,False,False,True
K2D-SemiBold,241,๑,False,False,True,False,False,True
K2D-SemiBold,242,๒,False,False,True,False,False,True
K2D-SemiBold,243,๓,False,False,True,False,False,True
K2D-SemiBold,244,๔,False,False,True,False,False,True
K2D-SemiBold,245,๕,False,False,True,False,False,True
K2D-SemiBold,246,๖,False,False,True,False,False,True
K2D-SemiBold,247,๗,False,False,True,False,False,True
K2D-SemiBold,248,๘,False,False,True,False,False,True
K2D-SemiBold,249,๙,False,False,True,False,False,True
K2D-Thin,161,ก,False,False,True,False,False,True
K2D-Thin,162,ข,False,False,True,False,False,True
K2D-Thin,163,ฃ,False,False,True,False,False,True
K2D-Thin,164,ค,False,False,True,False,False,True
K2D-Thin,167,ง,False,False,True,False,False,True
K2D-Thin,168,จ,False,False,True,False,False,True
K2D-Thin,169,ฉ,False,False,True,False,False,True
K2D-Thin,170,ช,False,False,True,False,False,True
K2D-Thin,171,ซ,False,False,True,False,False,True
K2D-Thin,173,ญ,False,False,True,False,False,True
K2D-Thin,175,ฏ,False,False,True,False,False,True
K2D-Thin,176,ฐ,False,False,True,False,False,True
K2D-Thin,177,ฑ,False,False,True,False,False,True
K2D-Thin,178,ฒ,False,False,True,False,False,True
K2D-Thin,179,ณ,False,False,True,False,False,True
K2D-Thin,180,ด,False,False,True,False,False,True
K2D-Thin,181,ต,False,False,True,False,False,True
K2D-Thin,182,ถ,False,False,True,False,False,True
K2D-Thin,183,ท,False,False,True,False,False,True
K2D-Thin,184,ธ,False,False,True,False,False,True
K2D-Thin,185,น,False,False,True,False,False,True
K2D-Thin,186,บ,False,False,True,False,False,True
K2D-Thin,187,ป,False,False,True,False,False,True
K2D-Thin,188,ผ,False,False,True,False,False,True
K2D-Thin,189,ฝ,False,False,True,False,False,True
K2D-Thin,190,พ,False,False,True,False,False,True
K2D-Thin,191,ฟ,False,False,True,False,False,True
K2D-Thin,192,ภ,False,False,True,False,False,True
K2D-Thin,193,ม,False,False,True,False,False,True
K2D-Thin,194,ย,False,False,True,False,False,True
K2D-Thin,195,ร,False,False,True,False,False,True
K2D-Thin,196,ฤ,False,False,True,False,False,True
K2D-Thin,197,ล,False,False,True,False,False,True
K2D-Thin,199,ว,False,False,True,False,False,True
K2D-Thin,200,ศ,False,False,True,False,False,True
K2D-Thin,201,ษ,False,False,True,False,False,True
K2D-Thin,202,ส,False,False,True,False,False,True
K2D-Thin,203,ห,False,False,True,False,False,True
K2D-Thin,204,ฬ,False,False,True,False,False,True
K2D-Thin,205,อ,False,False,True,False,False,True
K2D-Thin,206,ฮ,False,False,True,False,False,True
K2D-Thin,207,ฯ,False,False,True,False,False,True
K2D-Thin,209,ั,True,True,True,False,False,True
K2D-Thin,210,า,False,False,True,False,False,True
K2D-Thin,212,ิ,True,True,True,False,False,True
K2D-Thin,213,ี,True,True,True,False,False,True
K2D-Thin,214,ึ,True,True,True,False,False,True
K2D-Thin,215,ื,True,True,True,False,False,True
K2D-Thin,216,ุ,True,False,True,False,False,True
K2D-Thin,217,ู,True,False,True,False,False,True
K2D-Thin,224,เ,False,False,True,False,False,True
K2D-Thin,225,แ,False,False,True,False,False,True
K2D-Thin,226,โ,False,False,True,False,False,True
K2D-Thin,227,ใ,False,False,True,False,False,True
K2D-Thin,228,ไ,False,False,True,False,False,True
K2D-Thin,229,ๅ,False,False,True,False,False,True
K2D-Thin,230,ๆ,False,False,True,False,False,True
K2D-Thin,231,็,True,True,True,False,False,True
K2D-Thin,232,่,True,True,True,False,False,True
K2D-Thin,233,้,True,True,True,False,False,True
K2D-Thin,234,๊,True,True,True,False,False,True
K2D-Thin,236,์,True,True,True,False,False,True
K2D-Thin,240,๐,False,False,True,False,False,True
K2D-Thin,241,๑,False,False,True,False,False,True
K2D-Thin,242,๒,False,False,True,False,False,True
K2D-Thin,243,๓,False,False,True,False,False,True
K2D-Thin,244,๔,False,False,True,False,False,True
K2D-Thin,245,๕,False,False,True,False,False,True
K2D-Thin,246,๖,False,False,True,False,False,True
K2D-Thin,247,๗,False,False,True,False,False,True
K2D-Thin,248,๘,False,False,True,False,False,True
K2D-Thin,249,๙,False,False,True,False,False,True
Kanit-Black,161,ก,False,False,True,False,False,True
Kanit-Black,162,ข,False,False,True,False,False,True
Kanit-Black,163,ฃ,False,False,True,False,False,True
Kanit-Black,164,ค,False,False,True,False,False,True
Kanit-Black,167,ง,False,False,True,False,False,True
Kanit-Black,168,จ,False,False,True,False,False,True
Kanit-Black,169,ฉ,False,False,True,False,False,True
Kanit-Black,170,ช,False,False,True,False,False,True
Kanit-Black,171,ซ,False,False,True,False,False,True
Kanit-Black,173,ญ,False,False,True,False,False,True
Kanit-Black,175,ฏ,False,False,True,False,False,True
Kanit-Black,176,ฐ,False,False,True,False,False,True
Kanit-Black,177,ฑ,False,False,True,False,False,True
Kanit-Black,178,ฒ,False,False,True,False,False,True
Kanit-Black,179,ณ,False,False,True,False,False,True
Kanit-Black,180,ด,False,False,True,False,False,True
Kanit-Black,181,ต,False,False,True,False,False,True
Kanit-Black,182,ถ,False,False,True,False,False,True
Kanit-Black,183,ท,False,False,True,False,False,True
Kanit-Black,184,ธ,False,False,True,False,False,True
Kanit-Black,185,น,False,False,True,False,False,True
Kanit-Black,186,บ,False,False,True,False,False,True
Kanit-Black,187,ป,False,False,True,False,False,True
Kanit-Black,188,ผ,False,False,True,False,False,True
Kanit-Black,189,ฝ,False,False,True,False,False,True
Kanit-Black,190,พ,False,False,True,False,False,True
Kanit-Black,191,ฟ,False,False,True,False,False,True
Kanit-Black,192,ภ,False,False,True,False,False,True
Kanit-Black,193,ม,False,False,True,False,False,True
Kanit-Black,194,ย,False,False,True,False,False,True
Kanit-Black,195,ร,False,False,True,False,False,True
Kanit-Black,196,ฤ,False,False,True,False,False,True
Kanit-Black,197,ล,False,False,True,False,False,True
Kanit-Black,199,ว,False,False,True,False,False,True
Kanit-Black,200,ศ,False,False,True,False,False,True
Kanit-Black,201,ษ,False,False,True,False,False,True
Kanit-Black,202,ส,False,False,True,False,False,True
Kanit-Black,203,ห,False,False,True,False,False,True
Kanit-Black,204,ฬ,False,False,True,False,False,True
Kanit-Black,205,อ,False,False,True,False,False,True
Kanit-Black,206,ฮ,False,False,True,False,False,True
Kanit-Black,207,ฯ,False,False,True,False,False,True
Kanit-Black,209,ั,True,True,True,False,False,True
Kanit-Black,210,า,False,False,True,False,False,True
Kanit-Black,212,ิ,True,True,True,False,False,True
Kanit-Black,213,ี,True,True,True,False,False,True
Kanit-Black,214,ึ,True,True,True,False,False,True
Kanit-Black,215,ื,True,True,True,False,False,True
Kanit-Black,216,ุ,True,False,True,False,False,True
Kanit-Black,217,ู,True,False,True,False,False,True
Kanit-Black,224,เ,False,False,True,False,False,True
Kanit-Black,225,แ,False,False,True,False,False,True
Kanit-Black,226,โ,False,False,True,False,False,True
Kanit-Black,227,ใ,False,False,True,False,False,True
Kanit-Black,228,ไ,False,False,True,False,False,True
Kanit-Black,229,ๅ,False,False,True,False,False,True
Kanit-Black,230,ๆ,False,False,True,False,False,True
Kanit-Black,231,็,True,True,True,False,False,True
Kanit-Black,232,่,True,True,True,False,False,True
Kanit-Black,233,้,True,True,True,False,False,True
Kanit-Black,234,๊,True,True,True,False,False,True
Kanit-Black,236,์,True,True,True,False,False,True
Kanit-Black,240,๐,False,False,True,False,False,True
Kanit-Black,241,๑,False,False,True,False,False,True
Kanit-Black,242,๒,False,False,True,False,False,True
Kanit-Black,243,๓,False,False,True,False,False,True
Kanit-Black,244,๔,False,False,True,False,False,True
Kanit-Black,245,๕,False,False,True,False,False,True
Kanit-Black,246,๖,False,False,True,False,False,True
Kanit-Black,247,๗,False,False,True,False,False,True
Kanit-Black,248,๘,False,False,True,False,False,True
Kanit-Black,249,๙,False,False,True,False,False,True
Kanit-BlackItalic,161,ก,False,False,True,False,False,True
Kanit-BlackItalic,162,ข,False,False,True,False,False,True
Kanit-BlackItalic,163,ฃ,False,False,True,False,False,True
Kanit-BlackItalic,164,ค,False,False,True,False,False,True
Kanit-BlackItalic,167,ง,False,False,True,False,False,True
Kanit-BlackItalic,168,จ,False,False,True,False,False,True
Kanit-BlackItalic,169,ฉ,False,False,True,False,False,True
Kanit-BlackItalic,170,ช,False,False,True,False,False,True
Kanit-BlackItalic,171,ซ,False,False,True,False,False,True
Kanit-BlackItalic,173,ญ,False,False,True,False,False,True
Kanit-BlackItalic,175,ฏ,False,False,True,False,False,True
Kanit-BlackItalic,176,ฐ,False,False,True,False,False,True
Kanit-BlackItalic,177,ฑ,False,False,True,False,False,True
Kanit-BlackItalic,178,ฒ,False,False,True,False,False,True
Kanit-BlackItalic,179,ณ,False,False,True,False,False,True
Kanit-BlackItalic,180,ด,False,False,True,False,False,True
Kanit-BlackItalic,181,ต,False,False,True,False,False,True
Kanit-BlackItalic,182,ถ,False,False,True,False,False,True
Kanit-BlackItalic,183,ท,False,False,True,False,False,True
Kanit-BlackItalic,184,ธ,False,False,True,False,False,True
Kanit-BlackItalic,185,น,False,False,True,False,False,True
Kanit-BlackItalic,186,บ,False,False,True,False,False,True
Kanit-BlackItalic,187,ป,False,False,True,False,False,True
Kanit-BlackItalic,188,ผ,False,False,True,False,False,True
Kanit-BlackItalic,189,ฝ,False,False,True,False,False,True
Kanit-BlackItalic,190,พ,False,False,True,False,False,True
Kanit-BlackItalic,191,ฟ,False,False,True,False,False,True
Kanit-BlackItalic,192,ภ,False,False,True,False,False,True
Kanit-BlackItalic,193,ม,False,False,True,False,False,True
Kanit-BlackItalic,194,ย,False,False,True,False,False,True
Kanit-BlackItalic,195,ร,False,False,True,False,False,True
Kanit-BlackItalic,196,ฤ,False,False,True,False,False,True
Kanit-BlackItalic,197,ล,False,False,True,False,False,True
Kanit-BlackItalic,199,ว,False,False,True,False,False,True
Kanit-BlackItalic,200,ศ,False,False,True,False,False,True
Kanit-BlackItalic,201,ษ,False,False,True,False,False,True
Kanit-BlackItalic,202,ส,False,False,True,False,False,True
Kanit-BlackItalic,203,ห,False,False,True,False,False,True
Kanit-BlackItalic,204,ฬ,False,False,True,False,False,True
Kanit-BlackItalic,205,อ,False,False,True,False,False,True
Kanit-BlackItalic,206,ฮ,False,False,True,False,False,True
Kanit-BlackItalic,207,ฯ,False,False,True,False,False,True
Kanit-BlackItalic,209,ั,True,True,True,False,False,True
Kanit-BlackItalic,210,า,False,False,True,False,False,True
Kanit-BlackItalic,212,ิ,True,True,True,False,False,True
Kanit-BlackItalic,213,ี,True,True,True,False,False,True
Kanit-BlackItalic,214,ึ,True,True,True,False,False,True
Kanit-BlackItalic,215,ื,True,True,True,False,False,True
Kanit-BlackItalic,216,ุ,True,False,True,False,False,True
Kanit-BlackItalic,217,ู,True,False,True,False,False,True
Kanit-BlackItalic,224,เ,False,False,True,False,False,True
Kanit-BlackItalic,225,แ,False,False,True,False,False,True
Kanit-BlackItalic,226,โ,False,False,True,False,False,True
Kanit-BlackItalic,227,ใ,False,False,True,False,False,True
Kanit-BlackItalic,228,ไ,False,False,True,False,False,True
Kanit-BlackItalic,229,ๅ,False,False,True,False,False,True
Kanit-BlackItalic,230,ๆ,False,False,True,False,False,True
Kanit-BlackItalic,231,็,True,True,True,False,False,True
Kanit-BlackItalic,232,่,True,True,True,False,False,True
Kanit-BlackItalic,233,้,True,True,True,False,False,True
Kanit-BlackItalic,234,๊,True,True,True,False,False,True
Kanit-BlackItalic,236,์,True,True,True,False,False,True
Kanit-BlackItalic,240,๐,False,False,True,False,False,True
Kanit-BlackItalic,241,๑,False,False,True,False,False,True
Kanit-BlackItalic,242,๒,False,False,True,False,False,True
Kanit-BlackItalic,243,๓,False,False,True,False,False,True
Kanit-BlackItalic,244,๔,False,False,True,False,False,True
Kanit-BlackItalic,245,๕,False,False,True,False,False,True
Kanit-BlackItalic,246,๖,False,False,True,False,False,True
Kanit-BlackItalic,247,๗,False,False,True,False,False,True
Kanit-BlackItalic,248,๘,False,False,True,False,False,True
Kanit-BlackItalic,249,๙,False,False,True,False,False,True
Kanit-Bold,161,ก,False,False,True,False,False,True
Kanit-Bold,162,ข,False,False,True,False,False,True
Kanit-Bold,163,ฃ,False,False,True,False,False,True
Kanit-Bold,164,ค,False,False,True,False,False,True
Kanit-Bold,167,ง,False,False,True,False,False,True
Kanit-Bold,168,จ,False,False,True,False,False,True
Kanit-Bold,169,ฉ,False,False,True,False,False,True
Kanit-Bold,170,ช,False,False,True,False,False,True
Kanit-Bold,171,ซ,False,False,True,False,False,True
Kanit-Bold,173,ญ,False,False,True,False,False,True
Kanit-Bold,175,ฏ,False,False,True,False,False,True
Kanit-Bold,176,ฐ,False,False,True,False,False,True
Kanit-Bold,177,ฑ,False,False,True,False,False,True
Kanit-Bold,178,ฒ,False,False,True,False,False,True
Kanit-Bold,179,ณ,False,False,True,False,False,True
Kanit-Bold,180,ด,False,False,True,False,False,True
Kanit-Bold,181,ต,False,False,True,False,False,True
Kanit-Bold,182,ถ,False,False,True,False,False,True
Kanit-Bold,183,ท,False,False,True,False,False,True
Kanit-Bold,184,ธ,False,False,True,False,False,True
Kanit-Bold,185,น,False,False,True,False,False,True
Kanit-Bold,186,บ,False,False,True,False,False,True
Kanit-Bold,187,ป,False,False,True,False,False,True
Kanit-Bold,188,ผ,False,False,True,False,False,True
Kanit-Bold,189,ฝ,False,False,True,False,False,True
Kanit-Bold,190,พ,False,False,True,False,False,True
Kanit-Bold,191,ฟ,False,False,True,False,False,True
Kanit-Bold,192,ภ,False,False,True,False,False,True
Kanit-Bold,193,ม,False,False,True,False,False,True
Kanit-Bold,194,ย,False,False,True,False,False,True
Kanit-Bold,195,ร,False,False,True,False,False,True
Kanit-Bold,196,ฤ,False,False,True,False,False,True
Kanit-Bold,197,ล,False,False,True,False,False,True
Kanit-Bold,199,ว,False,False,True,False,False,True
Kanit-Bold,200,ศ,False,False,True,False,False,True
Kanit-Bold,201,ษ,False,False,True,False,False,True
Kanit-Bold,202,ส,False,False,True,False,False,True
Kanit-Bold,203,ห,False,False,True,False,False,True
Kanit-Bold,204,ฬ,False,False,True,False,False,True
Kanit-Bold,205,อ,False,False,True,False,False,True
Kanit-Bold,206,ฮ,False,False,True,False,False,True
Kanit-Bold,207,ฯ,False,False,True,False,False,True
Kanit-Bold,209,ั,True,True,True,False,False,True
Kanit-Bold,210,า,False,False,True,False,False,True
Kanit-Bold,212,ิ,True,True,True,False,False,True
Kanit-Bold,213,ี,True,True,True,False,False,True
Kanit-Bold,214,ึ,True,True,True,False,False,True
Kanit-Bold,215,ื,True,True,True,False,False,True
Kanit-Bold,216,ุ,True,False,True,False,False,True
Kanit-Bold,217,ู,True,False,True,False,False,True
Kanit-Bold,224,เ,False,False,True,False,False,True
Kanit-Bold,225,แ,False,False,True,False,False,True
Kanit-Bold,226,โ,False,False,True,False,False,True
Kanit-Bold,227,ใ,False,False,True,False,False,True
Kanit-Bold,228,ไ,False,False,True,False,False,True
Kanit-Bold,229,ๅ,False,False,True,False,False,True
Kanit-Bold,230,ๆ,False,False,True,False,False,True
Kanit-Bold,231,็,True,True,True,False,False,True
Kanit-Bold,232,่,True,True,True,False,False,True
Kanit-Bold,233,้,True,True,True,False,False,True
Kanit-Bold,234,๊,True,True,True,False,False,True
Kanit-Bold,236,์,True,True,True,False,False,True
Kanit-Bold,240,๐,False,False,True,False,False,True
Kanit-Bold,241,๑,False,False,True,False,False,True
Kanit-Bold,242,๒,False,False,True,False,False,True
Kanit-Bold,243,๓,False,False,True,False,False,True
Kanit-Bold,244,๔,False,False,True,False,False,True
Kanit-Bold,245,๕,False,False,True,False,False,True
Kanit-Bold,246,๖,False,False,True,False,False,True
Kanit-Bold,247,๗,False,False,True,False,False,True
Kanit-Bold,248,๘,False,False,True,False,False,True
Kanit-Bold,249,๙,False,False,True,False,False,True
Kanit-BoldItalic,161,ก,False,False,True,False,False,True
Kanit-BoldItalic,162,ข,False,False,True,False,False,True
Kanit-BoldItalic,163,ฃ,False,False,True,False,False,True
Kanit-BoldItalic,164,ค,False,False,True,False,False,True
Kanit-BoldItalic,167,ง,False,False,True,False,False,True
Kanit-BoldItalic,168,จ,False,False,True,False,False,True
Kanit-BoldItalic,169,ฉ,False,False,True,False,False,True
Kanit-BoldItalic,170,ช,False,False,True,False,False,True
Kanit-BoldItalic,171,ซ,False,False,True,False,False,True
Kanit-BoldItalic,173,ญ,False,False,True,False,False,True
Kanit-BoldItalic,175,ฏ,False,False,True,False,False,True
Kanit-BoldItalic,176,ฐ,False,False,True,False,False,True
Kanit-BoldItalic,177,ฑ,False,False,True,False,False,True
Kanit-BoldItalic,178,ฒ,False,False,True,False,False,True
Kanit-BoldItalic,179,ณ,False,False,True,False,False,True
Kanit-BoldItalic,180,ด,False,False,True,False,False,True
Kanit-BoldItalic,181,ต,False,False,True,False,False,True
Kanit-BoldItalic,182,ถ,False,False,True,False,False,True
Kanit-BoldItalic,183,ท,False,False,True,False,False,True
Kanit-BoldItalic,184,ธ,False,False,True,False,False,True
Kanit-BoldItalic,185,น,False,False,True,False,False,True
Kanit-BoldItalic,186,บ,False,False,True,False,False,True
Kanit-BoldItalic,187,ป,False,False,True,False,False,True
Kanit-BoldItalic,188,ผ,False,False,True,False,False,True
Kanit-BoldItalic,189,ฝ,False,False,True,False,False,True
Kanit-BoldItalic,190,พ,False,False,True,False,False,True
Kanit-BoldItalic,191,ฟ,False,False,True,False,False,True
Kanit-BoldItalic,192,ภ,False,False,True,False,False,True
Kanit-BoldItalic,193,ม,False,False,True,False,False,True
Kanit-BoldItalic,194,ย,False,False,True,False,False,True
Kanit-BoldItalic,195,ร,False,False,True,False,False,True
Kanit-BoldItalic,196,ฤ,False,False,True,False,False,True
Kanit-BoldItalic,197,ล,False,False,True,False,False,True
Kanit-BoldItalic,199,ว,False,False,True,False,False,True
Kanit-BoldItalic,200,ศ,False,False,True,False,False,True
Kanit-BoldItalic,201,ษ,False,False,True,False,False,True
Kanit-BoldItalic,202,ส,False,False,True,False,False,True
Kanit-BoldItalic,203,ห,False,False,True,False,False,True
Kanit-BoldItalic,204,ฬ,False,False,True,False,False,True
Kanit-BoldItalic,205,อ,False,False,True,False,False,True
Kanit-BoldItalic,206,ฮ,False,False,True,False,False,True
Kanit-BoldItalic,207,ฯ,False,False,True,False,False,True
Kanit-BoldItalic,209,ั,True,True,True,False,False,True
Kanit-BoldItalic,210,า,False,False,True,False,False,True
Kanit-BoldItalic,212,ิ,True,True,True,False,False,True
Kanit-BoldItalic,213,ี,True,True,True,False,False,True
Kanit-BoldItalic,214,ึ,True,True,True,False,False,True
Kanit-BoldItalic,215,ื,True,True,True,False,False,True
Kanit-BoldItalic,216,ุ,True,False,True,False,False,True
Kanit-BoldItalic,217,ู,True,False,True,False,False,True
Kanit-BoldItalic,224,เ,False,False,True,False,False,True
Kanit-BoldItalic,225,แ,False,False,True,False,False,True
Kanit-BoldItalic,226,โ,False,False,True,False,False,True
Kanit-BoldItalic,227,ใ,False,False,True,False,False,True
Kanit-BoldItalic,228,ไ,False,False,True,False,False,True
Kanit-BoldItalic,229,ๅ,False,False,True,False,False,True
Kanit-BoldItalic,230,ๆ,False,False,True,False,False,True
Kanit-BoldItalic,231,็,True,True,True,False,False,True
Kanit-BoldItalic,232,่,True,True,True,False,False,True
Kanit-BoldItalic,233,้,True,True,True,False,False,True
Kanit-BoldItalic,234,๊,True,True,True,False,False,True
Kanit-BoldItalic,236,์,True,True,True,False,False,True
Kanit-BoldItalic,240,๐,False,False,True,False,False,True
Kanit-BoldItalic,241,๑,False,False,True,False,False,True
Kanit-BoldItalic,242,๒,False,False,True,False,False,True
Kanit-BoldItalic,243,๓,False,False,True,False,False,True
Kanit-BoldItalic,244,๔,False,False,True,False,False,True
Kanit-BoldItalic,245,๕,False,False,True,False,False,True
Kanit-BoldItalic,246,๖,False,False,True,False,False,True
Kanit-BoldItalic,247,๗,False,False,True,False,False,True
Kanit-BoldItalic,248,๘,False,False,True,False,False,True
Kanit-BoldItalic,249,๙,False,False,True,False,False,True
Kanit-ExtraBold,161,ก,False,False,True,False,False,True
Kanit-ExtraBold,162,ข,False,False,True,False,False,True
Kanit-ExtraBold,163,ฃ,False,False,True,False,False,True
Kanit-ExtraBold,164,ค,False,False,True,False,False,True
Kanit-ExtraBold,167,ง,False,False,True,False,False,True
Kanit-ExtraBold,168,จ,False,False,True,False,False,True
Kanit-ExtraBold,169,ฉ,False,False,True,False,False,True
Kanit-ExtraBold,170,ช,False,False,True,False,False,True
Kanit-ExtraBold,171,ซ,False,False,True,False,False,True
Kanit-ExtraBold,173,ญ,False,False,True,False,False,True
Kanit-ExtraBold,175,ฏ,False,False,True,False,False,True
Kanit-ExtraBold,176,ฐ,False,False,True,False,False,True
Kanit-ExtraBold,177,ฑ,False,False,True,False,False,True
Kanit-ExtraBold,178,ฒ,False,False,True,False,False,True
Kanit-ExtraBold,179,ณ,False,False,True,False,False,True
Kanit-ExtraBold,180,ด,False,False,True,False,False,True
Kanit-ExtraBold,181,ต,False,False,True,False,False,True
Kanit-ExtraBold,182,ถ,False,False,True,False,False,True
Kanit-ExtraBold,183,ท,False,False,True,False,False,True
Kanit-ExtraBold,184,ธ,False,False,True,False,False,True
Kanit-ExtraBold,185,น,False,False,True,False,False,True
Kanit-ExtraBold,186,บ,False,False,True,False,False,True
Kanit-ExtraBold,187,ป,False,False,True,False,False,True
Kanit-ExtraBold,188,ผ,False,False,True,False,False,True
Kanit-ExtraBold,189,ฝ,False,False,True,False,False,True
Kanit-ExtraBold,190,พ,False,False,True,False,False,True
Kanit-ExtraBold,191,ฟ,False,False,True,False,False,True
Kanit-ExtraBold,192,ภ,False,False,True,False,False,True
Kanit-ExtraBold,193,ม,False,False,True,False,False,True
Kanit-ExtraBold,194,ย,False,False,True,False,False,True
Kanit-ExtraBold,195,ร,False,False,True,False,False,True
Kanit-ExtraBold,196,ฤ,False,False,True,False,False,True
Kanit-ExtraBold,197,ล,False,False,True,False,False,True
Kanit-ExtraBold,199,ว,False,False,True,False,False,True
Kanit-ExtraBold,200,ศ,False,False,True,False,False,True
Kanit-ExtraBold,201,ษ,False,False,True,False,False,True
Kanit-ExtraBold,202,ส,False,False,True,False,False,True
Kanit-ExtraBold,203,ห,False,False,True,False,False,True
Kanit-ExtraBold,204,ฬ,False,False,True,False,False,True
Kanit-ExtraBold,205,อ,False,False,True,False,False,True
Kanit-ExtraBold,206,ฮ,False,False,True,False,False,True
Kanit-ExtraBold,207,ฯ,False,False,True,False,False,True
Kanit-ExtraBold,209,ั,True,True,True,False,False,True
Kanit-ExtraBold,210,า,False,False,True,False,False,True
Kanit-ExtraBold,212,ิ,True,True,True,False,False,True
Kanit-ExtraBold,213,ี,True,True,True,False,False,True
Kanit-ExtraBold,214,ึ,True,True,True,False,False,True
Kanit-ExtraBold,215,ื,True,True,True,False,False,True
Kanit-ExtraBold,216,ุ,True,False,True,False,False,True
Kanit-ExtraBold,217,ู,True,False,True,False,False,True
Kanit-ExtraBold,224,เ,False,False,True,False,False,True
Kanit-ExtraBold,225,แ,False,False,True,False,False,True
Kanit-ExtraBold,226,โ,False,False,True,False,False,True
Kanit-ExtraBold,227,ใ,False,False,True,False,False,True
Kanit-ExtraBold,228,ไ,False,False,True,False,False,True
Kanit-ExtraBold,229,ๅ,False,False,True,False,False,True
Kanit-ExtraBold,230,ๆ,False,False,True,False,False,True
Kanit-ExtraBold,231,็,True,True,True,False,False,True
Kanit-ExtraBold,232,่,True,True,True,False,False,True
Kanit-ExtraBold,233,้,True,True,True,False,False,True
Kanit-ExtraBold,234,๊,True,True,True,False,False,True
Kanit-ExtraBold,236,์,True,True,True,False,False,True
Kanit-ExtraBold,240,๐,False,False,True,False,False,True
Kanit-ExtraBold,241,๑,False,False,True,False,False,True
Kanit-ExtraBold,242,๒,False,False,True,False,False,True
Kanit-ExtraBold,243,๓,False,False,True,False,False,True
Kanit-ExtraBold,244,๔,False,False,True,False,False,True
Kanit-ExtraBold,245,๕,False,False,True,False,False,True
Kanit-ExtraBold,246,๖,False,False,True,False,False,True
Kanit-ExtraBold,247,๗,False,False,True,False,False,True
Kanit-ExtraBold,248,๘,False,False,True,False,False,True
Kanit-ExtraBold,249,๙,False,False,True,False,False,True
Kanit-ExtraBoldItalic,161,ก,False,False,True,False,False,True
Kanit-ExtraBoldItalic,162,ข,False,False,True,False,False,True
Kanit-ExtraBoldItalic,163,ฃ,False,False,True,False,False,True
Kanit-ExtraBoldItalic,164,ค,False,False,True,False,False,True
Kanit-ExtraBoldItalic,167,ง,False,False,True,False,False,True
Kanit-ExtraBoldItalic,168,จ,False,False,True,False,False,True
Kanit-ExtraBoldItalic,169,ฉ,False,False,True,False,False,True
Kanit-ExtraBoldItalic,170,ช,False,False,True,False,False,True
Kanit-ExtraBoldItalic,171,ซ,False,False,True,False,False,True
Kanit-ExtraBoldItalic,173,ญ,False,False,True,False,False,True
Kanit-ExtraBoldItalic,175,ฏ,False,False,True,False,False,True
Kanit-ExtraBoldItalic,176,ฐ,False,False,True,False,False,True
Kanit-ExtraBoldItalic,177,ฑ,False,False,True,False,False,True
Kanit-ExtraBoldItalic,178,ฒ,False,False,True,False,False,True
Kanit-ExtraBoldItalic,179,ณ,False,False,True,False,False,True
Kanit-ExtraBoldItalic,180,ด,False,False,True,False,False,True
Kanit-ExtraBoldItalic,181,ต,False,False,True,False,False,True
Kanit-ExtraBoldItalic,182,ถ,False,False,True,False,False,True
Kanit-ExtraBoldItalic,183,ท,False,False,True,False,False,True
Kanit-ExtraBoldItalic,184,ธ,False,False,True,False,False,True
Kanit-ExtraBoldItalic,185,น,False,False,True,False,False,True
Kanit-ExtraBoldItalic,186,บ,False,False,True,False,False,True
Kanit-ExtraBoldItalic,187,ป,False,False,True,False,False,True
Kanit-ExtraBoldItalic,188,ผ,False,False,True,False,False,True
Kanit-ExtraBoldItalic,189,ฝ,False,False,True,False,False,True
Kanit-ExtraBoldItalic,190,พ,False,False,True,False,False,True
Kanit-ExtraBoldItalic,191,ฟ,False,False,True,False,False,True
Kanit-ExtraBoldItalic,192,ภ,False,False,True,False,False,True
Kanit-ExtraBoldItalic,193,ม,False,False,True,False,False,True
Kanit-ExtraBoldItalic,194,ย,False,False,True,False,False,True
Kanit-ExtraBoldItalic,195,ร,False,False,True,False,False,True
Kanit-ExtraBoldItalic,196,ฤ,False,False,True,False,False,True
Kanit-ExtraBoldItalic,197,ล,False,False,True,False,False,True
Kanit-ExtraBoldItalic,199,ว,False,False,True,False,False,True
Kanit-ExtraBoldItalic,200,ศ,False,False,True,False,False,True
Kanit-ExtraBoldItalic,201,ษ,False,False,True,False,False,True
Kanit-ExtraBoldItalic,202,ส,False,False,True,False,False,True
Kanit-ExtraBoldItalic,203,ห,False,False,True,False,False,True
Kanit-ExtraBoldItalic,204,ฬ,False,False,True,False,False,True
Kanit-ExtraBoldItalic,205,อ,False,False,True,False,False,True
Kanit-ExtraBoldItalic,206,ฮ,False,False,True,False,False,True
Kanit-ExtraBoldItalic,207,ฯ,False,False,True,False,False,True
Kanit-ExtraBoldItalic,209,ั,True,True,True,False,False,True
Kanit-ExtraBoldItalic,210,า,False,False,True,False,False,True
Kanit-ExtraBoldItalic,212,ิ,True,True,True,False,False,True
Kanit-ExtraBoldItalic,213,ี,True,True,True,False,False,True
Kanit-ExtraBoldItalic,214,ึ,True,True,True,False,False,True
Kanit-ExtraBoldItalic,215,ื,True,True,True,False,False,True
Kanit-ExtraBoldItalic,216,ุ,True,False,True,False,False,True
Kanit-ExtraBoldItalic,217,ู,True,False,True,False,False,True
Kanit-ExtraBoldItalic,224,เ,False,False,True,False,False,True
Kanit-ExtraBoldItalic,225,แ,False,False,True,False,False,True
Kanit-ExtraBoldItalic,226,โ,False,False,True,False,False,True
Kanit-ExtraBoldItalic,227,ใ,False,False,True,False,False,True
Kanit-ExtraBoldItalic,228,ไ,False,False,True,False,False,True
Kanit-ExtraBoldItalic,229,ๅ,False,False,True,False,False,True
Kanit-ExtraBoldItalic,230,ๆ,False,False,True,False,False,True
Kanit-ExtraBoldItalic,231,็,True,True,True,False,False,True
Kanit-ExtraBoldItalic,232,่,True,True,True,False,False,True
Kanit-ExtraBoldItalic,233,้,True,True,True,False,False,True
Kanit-ExtraBoldItalic,234,๊,True,True,True,False,False,True
Kanit-ExtraBoldItalic,236,์,True,True,True,False,False,True
Kanit-ExtraBoldItalic,240,๐,False,False,True,False,False,True
Kanit-ExtraBoldItalic,241,๑,False,False,True,False,False,True
Kanit-ExtraBoldItalic,242,๒,False,False,True,False,False,True
Kanit-ExtraBoldItalic,243,๓,False,False,True,False,False,True
Kanit-ExtraBoldItalic,244,๔,False,False,True,False,False,True
Kanit-ExtraBoldItalic,245,๕,False,False,True,False,False,True
Kanit-ExtraBoldItalic,246,๖,False,False,True,False,False,True
Kanit-ExtraBoldItalic,247,๗,False,False,True,False,False,True
Kanit-ExtraBoldItalic,248,๘,False,False,True,False,False,True
Kanit-ExtraBoldItalic,249,๙,False,False,True,False,False,True
Kanit-ExtraLight,161,ก,False,False,True,False,False,True
Kanit-ExtraLight,162,ข,False,False,True,False,False,True
Kanit-ExtraLight,163,ฃ,False,False,True,False,False,True
Kanit-ExtraLight,164,ค,False,False,True,False,False,True
Kanit-ExtraLight,167,ง,False,False,True,False,False,True
Kanit-ExtraLight,168,จ,False,False,True,False,False,True
Kanit-ExtraLight,169,ฉ,False,False,True,False,False,True
Kanit-ExtraLight,170,ช,False,False,True,False,False,True
Kanit-ExtraLight,171,ซ,False,False,True,False,False,True
Kanit-ExtraLight,173,ญ,False,False,True,False,False,True
Kanit-ExtraLight,175,ฏ,False,False,True,False,False,True
Kanit-ExtraLight,176,ฐ,False,False,True,False,False,True
Kanit-ExtraLight,177,ฑ,False,False,True,False,False,True
Kanit-ExtraLight,178,ฒ,False,False,True,False,False,True
Kanit-ExtraLight,179,ณ,False,False,True,False,False,True
Kanit-ExtraLight,180,ด,False,False,True,False,False,True
Kanit-ExtraLight,181,ต,False,False,True,False,False,True
Kanit-ExtraLight,182,ถ,False,False,True,False,False,True
Kanit-ExtraLight,183,ท,False,False,True,False,False,True
Kanit-ExtraLight,184,ธ,False,False,True,False,False,True
Kanit-ExtraLight,185,น,False,False,True,False,False,True
Kanit-ExtraLight,186,บ,False,False,True,False,False,True
Kanit-ExtraLight,187,ป,False,False,True,False,False,True
Kanit-ExtraLight,188,ผ,False,False,True,False,False,True
Kanit-ExtraLight,189,ฝ,False,False,True,False,False,True
Kanit-ExtraLight,190,พ,False,False,True,False,False,True
Kanit-ExtraLight,191,ฟ,False,False,True,False,False,True
Kanit-ExtraLight,192,ภ,False,False,True,False,False,True
Kanit-ExtraLight,193,ม,False,False,True,False,False,True
Kanit-ExtraLight,194,ย,False,False,True,False,False,True
Kanit-ExtraLight,195,ร,False,False,True,False,False,True
Kanit-ExtraLight,196,ฤ,False,False,True,False,False,True
Kanit-ExtraLight,197,ล,False,False,True,False,False,True
Kanit-ExtraLight,199,ว,False,False,True,False,False,True
Kanit-ExtraLight,200,ศ,False,False,True,False,False,True
Kanit-ExtraLight,201,ษ,False,False,True,False,False,True
Kanit-ExtraLight,202,ส,False,False,True,False,False,True
Kanit-ExtraLight,203,ห,False,False,True,False,False,True
Kanit-ExtraLight,204,ฬ,False,False,True,False,False,True
Kanit-ExtraLight,205,อ,False,False,True,False,False,True
Kanit-ExtraLight,206,ฮ,False,False,True,False,False,True
Kanit-ExtraLight,207,ฯ,False,False,True,False,False,True
Kanit-ExtraLight,209,ั,True,True,True,False,False,True
Kanit-ExtraLight,210,า,False,False,True,False,False,True
Kanit-ExtraLight,212,ิ,True,True,True,False,False,True
Kanit-ExtraLight,213,ี,True,True,True,False,False,True
Kanit-ExtraLight,214,ึ,True,True,True,False,False,True
Kanit-ExtraLight,215,ื,True,True,True,False,False,True
Kanit-ExtraLight,216,ุ,True,False,True,False,False,True
Kanit-ExtraLight,217,ู,True,False,True,False,False,True
Kanit-ExtraLight,224,เ,False,False,True,False,False,True
Kanit-ExtraLight,225,แ,False,False,True,False,False,True
Kanit-ExtraLight,226,โ,False,False,True,False,False,True
Kanit-ExtraLight,227,ใ,False,False,True,False,False,True
Kanit-ExtraLight,228,ไ,False,False,True,False,False,True
Kanit-ExtraLight,229,ๅ,False,False,True,False,False,True
Kanit-ExtraLight,230,ๆ,False,False,True,False,False,True
Kanit-ExtraLight,231,็,True,True,True,False,False,True
Kanit-ExtraLight,232,่,True,True,True,False,False,True
Kanit-ExtraLight,233,้,True,True,True,False,False,True
Kanit-ExtraLight,234,๊,True,True,True,False,False,True
Kanit-ExtraLight,236,์,True,True,True,False,False,True
Kanit-ExtraLight,240,๐,False,False,True,False,False,True
Kanit-ExtraLight,241,๑,False,False,True,False,False,True
Kanit-ExtraLight,242,๒,False,False,True,False,False,True
Kanit-ExtraLight,243,๓,False,False,True,False,False,True
Kanit-ExtraLight,244,๔,False,False,True,False,False,True
Kanit-ExtraLight,245,๕,False,False,True,False,False,True
Kanit-ExtraLight,246,๖,False,False,True,False,False,True
Kanit-ExtraLight,247,๗,False,False,True,False,False,True
Kanit-ExtraLight,248,๘,False,False,True,False,False,True
Kanit-ExtraLight,249,๙,False,False,True,False,False,True
Kanit-ExtraLightItalic,161,ก,False,False,True,False,False,True
Kanit-ExtraLightItalic,162,ข,False,False,True,False,False,True
Kanit-ExtraLightItalic,163,ฃ,False,False,True,False,False,True
Kanit-ExtraLightItalic,164,ค,False,False,True,False,False,True
Kanit-ExtraLightItalic,167,ง,False,False,True,False,False,True
Kanit-ExtraLightItalic,168,จ,False,False,True,False,False,True
Kanit-ExtraLightItalic,169,ฉ,False,False,True,False,False,True
Kanit-ExtraLightItalic,170,ช,False,False,True,False,False,True
Kanit-ExtraLightItalic,171,ซ,False,False,True,False,False,True
Kanit-ExtraLightItalic,173,ญ,False,False,True,False,False,True
Kanit-ExtraLightItalic,175,ฏ,False,False,True,False,False,True
Kanit-ExtraLightItalic,176,ฐ,False,False,True,False,False,True
Kanit-ExtraLightItalic,177,ฑ,False,False,True,False,False,True
Kanit-ExtraLightItalic,178,ฒ,False,False,True,False,False,True
Kanit-ExtraLightItalic,179,ณ,False,False,True,False,False,True
Kanit-ExtraLightItalic,180,ด,False,False,True,False,False,True
Kanit-ExtraLightItalic,181,ต,False,False,True,False,False,True
Kanit-ExtraLightItalic,182,ถ,False,False,True,False,False,True
Kanit-ExtraLightItalic,183,ท,False,False,True,False,False,True
Kanit-ExtraLightItalic,184,ธ,False,False,True,False,False,True
Kanit-ExtraLightItalic,185,น,False,False,True,False,False,True
Kanit-ExtraLightItalic,186,บ,False,False,True,False,False,True
Kanit-ExtraLightItalic,187,ป,False,False,True,False,False,True
Kanit-ExtraLightItalic,188,ผ,False,False,True,False,False,True
Kanit-ExtraLightItalic,189,ฝ,False,False,True,False,False,True
Kanit-ExtraLightItalic,190,พ,False,False,True,False,False,True
Kanit-ExtraLightItalic,191,ฟ,False,False,True,False,False,True
Kanit-ExtraLightItalic,192,ภ,False,False,True,False,False,True
Kanit-ExtraLightItalic,193,ม,False,False,True,False,False,True
Kanit-ExtraLightItalic,194,ย,False,False,True,False,False,True
Kanit-ExtraLightItalic,195,ร,False,False,True,False,False,True
Kanit-ExtraLightItalic,196,ฤ,False,False,True,False,False,True
Kanit-ExtraLightItalic,197,ล,False,False,True,False,False,True
Kanit-ExtraLightItalic,199,ว,False,False,True,False,False,True
Kanit-ExtraLightItalic,200,ศ,False,False,True,False,False,True
Kanit-ExtraLightItalic,201,ษ,False,False,True,False,False,True
Kanit-ExtraLightItalic,202,ส,False,False,True,False,False,True
Kanit-ExtraLightItalic,203,ห,False,False,True,False,False,True
Kanit-ExtraLightItalic,204,ฬ,False,False,True,False,False,True
Kanit-ExtraLightItalic,205,อ,False,False,True,False,False,True
Kanit-ExtraLightItalic,206,ฮ,False,False,True,False,False,True
Kanit-ExtraLightItalic,207,ฯ,False,False,True,False,False,True
Kanit-ExtraLightItalic,209,ั,True,True,True,False,False,True
Kanit-ExtraLightItalic,210,า,False,False,True,False,False,True
Kanit-ExtraLightItalic,212,ิ,True,True,True,False,False,True
Kanit-ExtraLightItalic,213,ี,True,True,True,False,False,True
Kanit-ExtraLightItalic,214,ึ,True,True,True,False,False,True
Kanit-ExtraLightItalic,215,ื,True,True,True,False,False,True
Kanit-ExtraLightItalic,216,ุ,True,False,True,False,False,True
Kanit-ExtraLightItalic,217,ู,True,False,True,False,False,True
Kanit-ExtraLightItalic,224,เ,False,False,True,False,False,True
Kanit-ExtraLightItalic,225,แ,False,False,True,False,False,True
Kanit-ExtraLightItalic,226,โ,False,False,True,False,False,True
Kanit-ExtraLightItalic,227,ใ,False,False,True,False,False,True
Kanit-ExtraLightItalic,228,ไ,False,False,True,False,False,True
Kanit-ExtraLightItalic,229,ๅ,False,False,True,False,False,True
Kanit-ExtraLightItalic,230,ๆ,False,False,True,False,False,True
Kanit-ExtraLightItalic,231,็,True,True,True,False,False,True
Kanit-ExtraLightItalic,232,่,True,True,True,False,False,True
Kanit-ExtraLightItalic,233,้,True,True,True,False,False,True
Kanit-ExtraLightItalic,234,๊,True,True,True,False,False,True
Kanit-ExtraLightItalic,236,์,True,True,True,False,False,True
Kanit-ExtraLightItalic,240,๐,False,False,True,False,False,True
Kanit-ExtraLightItalic,241,๑,False,False,True,False,False,True
Kanit-ExtraLightItalic,242,๒,False,False,True,False,False,True
Kanit-ExtraLightItalic,243,๓,False,False,True,False,False,True
Kanit-ExtraLightItalic,244,๔,False,False,True,False,False,True
Kanit-ExtraLightItalic,245,๕,False,False,True,False,False,True
Kanit-ExtraLightItalic,246,๖,False,False,True,False,False,True
Kanit-ExtraLightItalic,247,๗,False,False,True,False,False,True
Kanit-ExtraLightItalic,248,๘,False,False,True,False,False,True
Kanit-ExtraLightItalic,249,๙,False,False,True,False,False,True
Kanit-Italic,161,ก,False,False,True,False,False,True
Kanit-Italic,162,ข,False,False,True,False,False,True
Kanit-Italic,163,ฃ,False,False,True,False,False,True
Kanit-Italic,164,ค,False,False,True,False,False,True
Kanit-Italic,167,ง,False,False,True,False,False,True
Kanit-Italic,168,จ,False,False,True,False,False,True
Kanit-Italic,169,ฉ,False,False,True,False,False,True
Kanit-Italic,170,ช,False,False,True,False,False,True
Kanit-Italic,171,ซ,False,False,True,False,False,True
Kanit-Italic,173,ญ,False,False,True,False,False,True
Kanit-Italic,175,ฏ,False,False,True,False,False,True
Kanit-Italic,176,ฐ,False,False,True,False,False,True
Kanit-Italic,177,ฑ,False,False,True,False,False,True
Kanit-Italic,178,ฒ,False,False,True,False,False,True
Kanit-Italic,179,ณ,False,False,True,False,False,True
Kanit-Italic,180,ด,False,False,True,False,False,True
Kanit-Italic,181,ต,False,False,True,False,False,True
Kanit-Italic,182,ถ,False,False,True,False,False,True
Kanit-Italic,183,ท,False,False,True,False,False,True
Kanit-Italic,184,ธ,False,False,True,False,False,True
Kanit-Italic,185,น,False,False,True,False,False,True
Kanit-Italic,186,บ,False,False,True,False,False,True
Kanit-Italic,187,ป,False,False,True,False,False,True
Kanit-Italic,188,ผ,False,False,True,False,False,True
Kanit-Italic,189,ฝ,False,False,True,False,False,True
Kanit-Italic,190,พ,False,False,True,False,False,True
Kanit-Italic,191,ฟ,False,False,True,False,False,True
Kanit-Italic,192,ภ,False,False,True,False,False,True
Kanit-Italic,193,ม,False,False,True,False,False,True
Kanit-Italic,194,ย,False,False,True,False,False,True
Kanit-Italic,195,ร,False,False,True,False,False,True
Kanit-Italic,196,ฤ,False,False,True,False,False,True
Kanit-Italic,197,ล,False,False,True,False,False,True
Kanit-Italic,199,ว,False,False,True,False,False,True
Kanit-Italic,200,ศ,False,False,True,False,False,True
Kanit-Italic,201,ษ,False,False,True,False,False,True
Kanit-Italic,202,ส,False,False,True,False,False,True
Kanit-Italic,203,ห,False,False,True,False,False,True
Kanit-Italic,204,ฬ,False,False,True,False,False,True
Kanit-Italic,205,อ,False,False,True,False,False,True
Kanit-Italic,206,ฮ,False,False,True,False,False,True
Kanit-Italic,207,ฯ,False,False,True,False,False,True
Kanit-Italic,209,ั,True,True,True,False,False,True
Kanit-Italic,210,า,False,False,True,False,False,True
Kanit-Italic,212,ิ,True,True,True,False,False,True
Kanit-Italic,213,ี,True,True,True,False,False,True
Kanit-Italic,214,ึ,True,True,True,False,False,True
Kanit-Italic,215,ื,True,True,True,False,False,True
Kanit-Italic,216,ุ,True,False,True,False,False,True
Kanit-Italic,217,ู,True,False,True,False,False,True
Kanit-Italic,224,เ,False,False,True,False,False,True
Kanit-Italic,225,แ,False,False,True,False,False,True
Kanit-Italic,226,โ,False,False,True,False,False,True
Kanit-Italic,227,ใ,False,False,True,False,False,True
Kanit-Italic,228,ไ,False,False,True,False,False,True
Kanit-Italic,229,ๅ,False,False,True,False,False,True
Kanit-Italic,230,ๆ,False,False,True,False,False,True
Kanit-Italic,231,็,True,True,True,False,False,True
Kanit-Italic,232,่,True,True,True,False,False,True
Kanit-Italic,233,้,True,True,True,False,False,True
Kanit-Italic,234,๊,True,True,True,False,False,True
Kanit-Italic,236,์,True,True,True,False,False,True
Kanit-Italic,240,๐,False,False,True,False,False,True
Kanit-Italic,241,๑,False,False,True,False,False,True
Kanit-Italic,242,๒,False,False,True,False,False,True
Kanit-Italic,243,๓,False,False,True,False,False,True
Kanit-Italic,244,๔,False,False,True,False,False,True
Kanit-Italic,245,๕,False,False,True,False,False,True
Kanit-Italic,246,๖,False,False,True,False,False,True
Kanit-Italic,247,๗,False,False,True,False,False,True
Kanit-Italic,248,๘,False,False,True,False,False,True
Kanit-Italic,249,๙,False,False,True,False,False,True
Kanit-Light,161,ก,False,False,True,False,False,True
Kanit-Light,162,ข,False,False,True,False,False,True
Kanit-Light,163,ฃ,False,False,True,False,False,True
Kanit-Light,164,ค,False,False,True,False,False,True
Kanit-Light,167,ง,False,False,True,False,False,True
Kanit-Light,168,จ,False,False,True,False,False,True
Kanit-Light,169,ฉ,False,False,True,False,False,True
Kanit-Light,170,ช,False,False,True,False,False,True
Kanit-Light,171,ซ,False,False,True,False,False,True
Kanit-Light,173,ญ,False,False,True,False,False,True
Kanit-Light,175,ฏ,False,False,True,False,False,True
Kanit-Light,176,ฐ,False,False,True,False,False,True
Kanit-Light,177,ฑ,False,False,True,False,False,True
Kanit-Light,178,ฒ,False,False,True,False,False,True
Kanit-Light,179,ณ,False,False,True,False,False,True
Kanit-Light,180,ด,False,False,True,False,False,True
Kanit-Light,181,ต,False,False,True,False,False,True
Kanit-Light,182,ถ,False,False,True,False,False,True
Kanit-Light,183,ท,False,False,True,False,False,True
Kanit-Light,184,ธ,False,False,True,False,False,True
Kanit-Light,185,น,False,False,True,False,False,True
Kanit-Light,186,บ,False,False,True,False,False,True
Kanit-Light,187,ป,False,False,True,False,False,True
Kanit-Light,188,ผ,False,False,True,False,False,True
Kanit-Light,189,ฝ,False,False,True,False,False,True
Kanit-Light,190,พ,False,False,True,False,False,True
Kanit-Light,191,ฟ,False,False,True,False,False,True
Kanit-Light,192,ภ,False,False,True,False,False,True
Kanit-Light,193,ม,False,False,True,False,False,True
Kanit-Light,194,ย,False,False,True,False,False,True
Kanit-Light,195,ร,False,False,True,False,False,True
Kanit-Light,196,ฤ,False,False,True,False,False,True
Kanit-Light,197,ล,False,False,True,False,False,True
Kanit-Light,199,ว,False,False,True,False,False,True
Kanit-Light,200,ศ,False,False,True,False,False,True
Kanit-Light,201,ษ,False,False,True,False,False,True
Kanit-Light,202,ส,False,False,True,False,False,True
Kanit-Light,203,ห,False,False,True,False,False,True
Kanit-Light,204,ฬ,False,False,True,False,False,True
Kanit-Light,205,อ,False,False,True,False,False,True
Kanit-Light,206,ฮ,False,False,True,False,False,True
Kanit-Light,207,ฯ,False,False,True,False,False,True
Kanit-Light,209,ั,True,True,True,False,False,True
Kanit-Light,210,า,False,False,True,False,False,True
Kanit-Light,212,ิ,True,True,True,False,False,True
Kanit-Light,213,ี,True,True,True,False,False,True
Kanit-Light,214,ึ,True,True,True,False,False,True
Kanit-Light,215,ื,True,True,True,False,False,True
Kanit-Light,216,ุ,True,False,True,False,False,True
Kanit-Light,217,ู,True,False,True,False,False,True
Kanit-Light,224,เ,False,False,True,False,False,True
Kanit-Light,225,แ,False,False,True,False,False,True
Kanit-Light,226,โ,False,False,True,False,False,True
Kanit-Light,227,ใ,False,False,True,False,False,True
Kanit-Light,228,ไ,False,False,True,False,False,True
Kanit-Light,229,ๅ,False,False,True,False,False,True
Kanit-Light,230,ๆ,False,False,True,False,False,True
Kanit-Light,231,็,True,True,True,False,False,True
Kanit-Light,232,่,True,True,True,False,False,True
Kanit-Light,233,้,True,True,True,False,False,True
Kanit-Light,234,๊,True,True,True,False,False,True
Kanit-Light,236,์,True,True,True,False,False,True
Kanit-Light,240,๐,False,False,True,False,False,True
Kanit-Light,241,๑,False,False,True,False,False,True
Kanit-Light,242,๒,False,False,True,False,False,True
Kanit-Light,243,๓,False,False,True,False,False,True
Kanit-Light,244,๔,False,False,True,False,False,True
Kanit-Light,245,๕,False,False,True,False,False,True
Kanit-Light,246,๖,False,False,True,False,False,True
Kanit-Light,247,๗,False,False,True,False,False,True
Kanit-Light,248,๘,False,False,True,False,False,True
Kanit-Light,249,๙,False,False,True,False,False,True
Kanit-LightItalic,161,ก,False,False,True,False,False,True
Kanit-LightItalic,162,ข,False,False,True,False,False,True
Kanit-LightItalic,163,ฃ,False,False,True,False,False,True
Kanit-LightItalic,164,ค,False,False,True,False,False,True
Kanit-LightItalic,167,ง,False,False,True,False,False,True
Kanit-LightItalic,168,จ,False,False,True,False,False,True
Kanit-LightItalic,169,ฉ,False,False,True,False,False,True
Kanit-LightItalic,170,ช,False,False,True,False,False,True
Kanit-LightItalic,171,ซ,False,False,True,False,False,True
Kanit-LightItalic,173,ญ,False,False,True,False,False,True
Kanit-LightItalic,175,ฏ,False,False,True,False,False,True
Kanit-LightItalic,176,ฐ,False,False,True,False,False,True
Kanit-LightItalic,177,ฑ,False,False,True,False,False,True
Kanit-LightItalic,178,ฒ,False,False,True,False,False,True
Kanit-LightItalic,179,ณ,False,False,True,False,False,True
Kanit-LightItalic,180,ด,False,False,True,False,False,True
Kanit-LightItalic,181,ต,False,False,True,False,False,True
Kanit-LightItalic,182,ถ,False,False,True,False,False,True
Kanit-LightItalic,183,ท,False,False,True,False,False,True
Kanit-LightItalic,184,ธ,False,False,True,False,False,True
Kanit-LightItalic,185,น,False,False,True,False,False,True
Kanit-LightItalic,186,บ,False,False,True,False,False,True
Kanit-LightItalic,187,ป,False,False,True,False,False,True
Kanit-LightItalic,188,ผ,False,False,True,False,False,True
Kanit-LightItalic,189,ฝ,False,False,True,False,False,True
Kanit-LightItalic,190,พ,False,False,True,False,False,True
Kanit-LightItalic,191,ฟ,False,False,True,False,False,True
Kanit-LightItalic,192,ภ,False,False,True,False,False,True
Kanit-LightItalic,193,ม,False,False,True,False,False,True
Kanit-LightItalic,194,ย,False,False,True,False,False,True
Kanit-LightItalic,195,ร,False,False,True,False,False,True
Kanit-LightItalic,196,ฤ,False,False,True,False,False,True
Kanit-LightItalic,197,ล,False,False,True,False,False,True
Kanit-LightItalic,199,ว,False,False,True,False,False,True
Kanit-LightItalic,200,ศ,False,False,True,False,False,True
Kanit-LightItalic,201,ษ,False,False,True,False,False,True
Kanit-LightItalic,202,ส,False,False,True,False,False,True
Kanit-LightItalic,203,ห,False,False,True,False,False,True
Kanit-LightItalic,204,ฬ,False,False,True,False,False,True
Kanit-LightItalic,205,อ,False,False,True,False,False,True
Kanit-LightItalic,206,ฮ,False,False,True,False,False,True
Kanit-LightItalic,207,ฯ,False,False,True,False,False,True
Kanit-LightItalic,209,ั,True,True,True,False,False,True
Kanit-LightItalic,210,า,False,False,True,False,False,True
Kanit-LightItalic,212,ิ,True,True,True,False,False,True
Kanit-LightItalic,213,ี,True,True,True,False,False,True
Kanit-LightItalic,214,ึ,True,True,True,False,False,True
Kanit-LightItalic,215,ื,True,True,True,False,False,True
Kanit-LightItalic,216,ุ,True,False,True,False,False,True
Kanit-LightItalic,217,ู,True,False,True,False,False,True
Kanit-LightItalic,224,เ,False,False,True,False,False,True
Kanit-LightItalic,225,แ,False,False,True,False,False,True
Kanit-LightItalic,226,โ,False,False,True,False,False,True
Kanit-LightItalic,227,ใ,False,False,True,False,False,True
Kanit-LightItalic,228,ไ,False,False,True,False,False,True
Kanit-LightItalic,229,ๅ,False,False,True,False,False,True
Kanit-LightItalic,230,ๆ,False,False,True,False,False,True
Kanit-LightItalic,231,็,True,True,True,False,False,True
Kanit-LightItalic,232,่,True,True,True,False,False,True
Kanit-LightItalic,233,้,True,True,True,False,False,True
Kanit-LightItalic,234,๊,True,True,True,False,False,True
Kanit-LightItalic,236,์,True,True,True,False,False,True
Kanit-LightItalic,240,๐,False,False,True,False,False,True
Kanit-LightItalic,241,๑,False,False,True,False,False,True
Kanit-LightItalic,242,๒,False,False,True,False,False,True
Kanit-LightItalic,243,๓,False,False,True,False,False,True
Kanit-LightItalic,244,๔,False,False,True,False,False,True
Kanit-LightItalic,245,๕,False,False,True,False,False,True
Kanit-LightItalic,246,๖,False,False,True,False,False,True
Kanit-LightItalic,247,๗,False,False,True,False,False,True
Kanit-LightItalic,248,๘,False,False,True,False,False,True
Kanit-LightItalic,249,๙,False,False,True,False,False,True
Kanit-Medium,161,ก,False,False,True,False,False,True
Kanit-Medium,162,ข,False,False,True,False,False,True
Kanit-Medium,163,ฃ,False,False,True,False,False,True
Kanit-Medium,164,ค,False,False,True,False,False,True
Kanit-Medium,167,ง,False,False,True,False,False,True
Kanit-Medium,168,จ,False,False,True,False,False,True
Kanit-Medium,169,ฉ,False,False,True,False,False,True
Kanit-Medium,170,ช,False,False,True,False,False,True
Kanit-Medium,171,ซ,False,False,True,False,False,True
Kanit-Medium,173,ญ,False,False,True,False,False,True
Kanit-Medium,175,ฏ,False,False,True,False,False,True
Kanit-Medium,176,ฐ,False,False,True,False,False,True
Kanit-Medium,177,ฑ,False,False,True,False,False,True
Kanit-Medium,178,ฒ,False,False,True,False,False,True
Kanit-Medium,179,ณ,False,False,True,False,False,True
Kanit-Medium,180,ด,False,False,True,False,False,True
Kanit-Medium,181,ต,False,False,True,False,False,True
Kanit-Medium,182,ถ,False,False,True,False,False,True
Kanit-Medium,183,ท,False,False,True,False,False,True
Kanit-Medium,184,ธ,False,False,True,False,False,True
Kanit-Medium,185,น,False,False,True,False,False,True
Kanit-Medium,186,บ,False,False,True,False,False,True
Kanit-Medium,187,ป,False,False,True,False,False,True
Kanit-Medium,188,ผ,False,False,True,False,False,True
Kanit-Medium,189,ฝ,False,False,True,False,False,True
Kanit-Medium,190,พ,False,False,True,False,False,True
Kanit-Medium,191,ฟ,False,False,True,False,False,True
Kanit-Medium,192,ภ,False,False,True,False,False,True
Kanit-Medium,193,ม,False,False,True,False,False,True
Kanit-Medium,194,ย,False,False,True,False,False,True
Kanit-Medium,195,ร,False,False,True,False,False,True
Kanit-Medium,196,ฤ,False,False,True,False,False,True
Kanit-Medium,197,ล,False,False,True,False,False,True
Kanit-Medium,199,ว,False,False,True,False,False,True
Kanit-Medium,200,ศ,False,False,True,False,False,True
Kanit-Medium,201,ษ,False,False,True,False,False,True
Kanit-Medium,202,ส,False,False,True,False,False,True
Kanit-Medium,203,ห,False,False,True,False,False,True
Kanit-Medium,204,ฬ,False,False,True,False,False,True
Kanit-Medium,205,อ,False,False,True,False,False,True
Kanit-Medium,206,ฮ,False,False,True,False,False,True
Kanit-Medium,207,ฯ,False,False,True,False,False,True
Kanit-Medium,209,ั,True,True,True,False,False,True
Kanit-Medium,210,า,False,False,True,False,False,True
Kanit-Medium,212,ิ,True,True,True,False,False,True
Kanit-Medium,213,ี,True,True,True,False,False,True
Kanit-Medium,214,ึ,True,True,True,False,False,True
Kanit-Medium,215,ื,True,True,True,False,False,True
Kanit-Medium,216,ุ,True,False,True,False,False,True
Kanit-Medium,217,ู,True,False,True,False,False,True
Kanit-Medium,224,เ,False,False,True,False,False,True
Kanit-Medium,225,แ,False,False,True,False,False,True
Kanit-Medium,226,โ,False,False,True,False,False,True
Kanit-Medium,227,ใ,False,False,True,False,False,True
Kanit-Medium,228,ไ,False,False,True,False,False,True
Kanit-Medium,229,ๅ,False,False,True,False,False,True
Kanit-Medium,230,ๆ,False,False,True,False,False,True
Kanit-Medium,231,็,True,True,True,False,False,True
Kanit-Medium,232,่,True,True,True,False,False,True
Kanit-Medium,233,้,True,True,True,False,False,True
Kanit-Medium,234,๊,True,True,True,False,False,True
Kanit-Medium,236,์,True,True,True,False,False,True
Kanit-Medium,240,๐,False,False,True,False,False,True
Kanit-Medium,241,๑,False,False,True,False,False,True
Kanit-Medium,242,๒,False,False,True,False,False,True
Kanit-Medium,243,๓,False,False,True,False,False,True
Kanit-Medium,244,๔,False,False,True,False,False,True
Kanit-Medium,245,๕,False,False,True,False,False,True
Kanit-Medium,246,๖,False,False,True,False,False,True
Kanit-Medium,247,๗,False,False,True,False,False,True
Kanit-Medium,248,๘,False,False,True,False,False,True
Kanit-Medium,249,๙,False,False,True,False,False,True
Kanit-MediumItalic,161,ก,False,False,True,False,False,True
Kanit-MediumItalic,162,ข,False,False,True,False,False,True
Kanit-MediumItalic,163,ฃ,False,False,True,False,False,True
Kanit-MediumItalic,164,ค,False,False,True,False,False,True
Kanit-MediumItalic,167,ง,False,False,True,False,False,True
Kanit-MediumItalic,168,จ,False,False,True,False,False,True
Kanit-MediumItalic,169,ฉ,False,False,True,False,False,True
Kanit-MediumItalic,170,ช,False,False,True,False,False,True
Kanit-MediumItalic,171,ซ,False,False,True,False,False,True
Kanit-MediumItalic,173,ญ,False,False,True,False,False,True
Kanit-MediumItalic,175,ฏ,False,False,True,False,False,True
Kanit-MediumItalic,176,ฐ,False,False,True,False,False,True
Kanit-MediumItalic,177,ฑ,False,False,True,False,False,True
Kanit-MediumItalic,178,ฒ,False,False,True,False,False,True
Kanit-MediumItalic,179,ณ,False,False,True,False,False,True
Kanit-MediumItalic,180,ด,False,False,True,False,False,True
Kanit-MediumItalic,181,ต,False,False,True,False,False,True
Kanit-MediumItalic,182,ถ,False,False,True,False,False,True
Kanit-MediumItalic,183,ท,False,False,True,False,False,True
Kanit-MediumItalic,184,ธ,False,False,True,False,False,True
Kanit-MediumItalic,185,น,False,False,True,False,False,True
Kanit-MediumItalic,186,บ,False,False,True,False,False,True
Kanit-MediumItalic,187,ป,False,False,True,False,False,True
Kanit-MediumItalic,188,ผ,False,False,True,False,False,True
Kanit-MediumItalic,189,ฝ,False,False,True,False,False,True
Kanit-MediumItalic,190,พ,False,False,True,False,False,True
Kanit-MediumItalic,191,ฟ,False,False,True,False,False,True
Kanit-MediumItalic,192,ภ,False,False,True,False,False,True
Kanit-MediumItalic,193,ม,False,False,True,False,False,True
Kanit-MediumItalic,194,ย,False,False,True,False,False,True
Kanit-MediumItalic,195,ร,False,False,True,False,False,True
Kanit-MediumItalic,196,ฤ,False,False,True,False,False,True
Kanit-MediumItalic,197,ล,False,False,True,False,False,True
Kanit-MediumItalic,199,ว,False,False,True,False,False,True
Kanit-MediumItalic,200,ศ,False,False,True,False,False,True
Kanit-MediumItalic,201,ษ,False,False,True,False,False,True
Kanit-MediumItalic,202,ส,False,False,True,False,False,True
Kanit-MediumItalic,203,ห,False,False,True,False,False,True
Kanit-MediumItalic,204,ฬ,False,False,True,False,False,True
Kanit-MediumItalic,205,อ,False,False,True,False,False,True
Kanit-MediumItalic,206,ฮ,False,False,True,False,False,True
Kanit-MediumItalic,207,ฯ,False,False,True,False,False,True
Kanit-MediumItalic,209,ั,True,True,True,False,False,True
Kanit-MediumItalic,210,า,False,False,True,False,False,True
Kanit-MediumItalic,212,ิ,True,True,True,False,False,True
Kanit-MediumItalic,213,ี,True,True,True,False,False,True
Kanit-MediumItalic,214,ึ,True,True,True,False,False,True
Kanit-MediumItalic,215,ื,True,True,True,False,False,True
Kanit-MediumItalic,216,ุ,True,False,True,False,False,True
Kanit-MediumItalic,217,ู,True,False,True,False,False,True
Kanit-MediumItalic,224,เ,False,False,True,False,False,True
Kanit-MediumItalic,225,แ,False,False,True,False,False,True
Kanit-MediumItalic,226,โ,False,False,True,False,False,True
Kanit-MediumItalic,227,ใ,False,False,True,False,False,True
Kanit-MediumItalic,228,ไ,False,False,True,False,False,True
Kanit-MediumItalic,229,ๅ,False,False,True,False,False,True
Kanit-MediumItalic,230,ๆ,False,False,True,False,False,True
Kanit-MediumItalic,231,็,True,True,True,False,False,True
Kanit-MediumItalic,232,่,True,True,True,False,False,True
Kanit-MediumItalic,233,้,True,True,True,False,False,True
Kanit-MediumItalic,234,๊,True,True,True,False,False,True
Kanit-MediumItalic,236,์,True,True,True,False,False,True
Kanit-MediumItalic,240,๐,False,False,True,False,False,True
Kanit-MediumItalic,241,๑,False,False,True,False,False,True
Kanit-MediumItalic,242,๒,False,False,True,False,False,True
Kanit-MediumItalic,243,๓,False,False,True,False,False,True
Kanit-MediumItalic,244,๔,False,False,True,False,False,True
Kanit-MediumItalic,245,๕,False,False,True,False,False,True
Kanit-MediumItalic,246,๖,False,False,True,False,False,True
Kanit-MediumItalic,247,๗,False,False,True,False,False,True
Kanit-MediumItalic,248,๘,False,False,True,False,False,True
Kanit-MediumItalic,249,๙,False,False,True,False,False,True
Kanit-Regular,161,ก,False,False,True,False,False,True
Kanit-Regular,162,ข,False,False,True,False,False,True
Kanit-Regular,163,ฃ,False,False,True,False,False,True
Kanit-Regular,164,ค,False,False,True,False,False,True
Kanit-Regular,167,ง,False,False,True,False,False,True
Kanit-Regular,168,จ,False,False,True,False,False,True
Kanit-Regular,169,ฉ,False,False,True,False,False,True
Kanit-Regular,170,ช,False,False,True,False,False,True
Kanit-Regular,171,ซ,False,False,True,False,False,True
Kanit-Regular,173,ญ,False,False,True,False,False,True
Kanit-Regular,175,ฏ,False,False,True,False,False,True
Kanit-Regular,176,ฐ,False,False,True,False,False,True
Kanit-Regular,177,ฑ,False,False,True,False,False,True
Kanit-Regular,178,ฒ,False,False,True,False,False,True
Kanit-Regular,179,ณ,False,False,True,False,False,True
Kanit-Regular,180,ด,False,False,True,False,False,True
Kanit-Regular,181,ต,False,False,True,False,False,True
Kanit-Regular,182,ถ,False,False,True,False,False,True
Kanit-Regular,183,ท,False,False,True,False,False,True
Kanit-Regular,184,ธ,False,False,True,False,False,True
Kanit-Regular,185,น,False,False,True,False,False,True
Kanit-Regular,186,บ,False,False,True,False,False,True
Kanit-Regular,187,ป,False,False,True,False,False,True
Kanit-Regular,188,ผ,False,False,True,False,False,True
Kanit-Regular,189,ฝ,False,False,True,False,False,True
Kanit-Regular,190,พ,False,False,True,False,False,True
Kanit-Regular,191,ฟ,False,False,True,False,False,True
Kanit-Regular,192,ภ,False,False,True,False,False,True
Kanit-Regular,193,ม,False,False,True,False,False,True
Kanit-Regular,194,ย,False,False,True,False,False,True
Kanit-Regular,195,ร,False,False,True,False,False,True
Kanit-Regular,196,ฤ,False,False,True,False,False,True
Kanit-Regular,197,ล,False,False,True,False,False,True
Kanit-Regular,199,ว,False,False,True,False,False,True
Kanit-Regular,200,ศ,False,False,True,False,False,True
Kanit-Regular,201,ษ,False,False,True,False,False,True
Kanit-Regular,202,ส,False,False,True,False,False,True
Kanit-Regular,203,ห,False,False,True,False,False,True
Kanit-Regular,204,ฬ,False,False,True,False,False,True
Kanit-Regular,205,อ,False,False,True,False,False,True
Kanit-Regular,206,ฮ,False,False,True,False,False,True
Kanit-Regular,207,ฯ,False,False,True,False,False,True
Kanit-Regular,209,ั,True,True,True,False,False,True
Kanit-Regular,210,า,False,False,True,False,False,True
Kanit-Regular,212,ิ,True,True,True,False,False,True
Kanit-Regular,213,ี,True,True,True,False,False,True
Kanit-Regular,214,ึ,True,True,True,False,False,True
Kanit-Regular,215,ื,True,True,True,False,False,True
Kanit-Regular,216,ุ,True,False,True,False,False,True
Kanit-Regular,217,ู,True,False,True,False,False,True
Kanit-Regular,224,เ,False,False,True,False,False,True
Kanit-Regular,225,แ,False,False,True,False,False,True
Kanit-Regular,226,โ,False,False,True,False,False,True
Kanit-Regular,227,ใ,False,False,True,False,False,True
Kanit-Regular,228,ไ,False,False,True,False,False,True
Kanit-Regular,229,ๅ,False,False,True,False,False,True
Kanit-Regular,230,ๆ,False,False,True,False,False,True
Kanit-Regular,231,็,True,True,True,False,False,True
Kanit-Regular,232,่,True,True,True,False,False,True
Kanit-Regular,233,้,True,True,True,False,False,True
Kanit-Regular,234,๊,True,True,True,False,False,True
Kanit-Regular,236,์,True,True,True,False,False,True
Kanit-Regular,240,๐,False,False,True,False,False,True
Kanit-Regular,241,๑,False,False,True,False,False,True
Kanit-Regular,242,๒,False,False,True,False,False,True
Kanit-Regular,243,๓,False,False,True,False,False,True
Kanit-Regular,244,๔,False,False,True,False,False,True
Kanit-Regular,245,๕,False,False,True,False,False,True
Kanit-Regular,246,๖,False,False,True,False,False,True
Kanit-Regular,247,๗,False,False,True,False,False,True
Kanit-Regular,248,๘,False,False,True,False,False,True
Kanit-Regular,249,๙,False,False,True,False,False,True
Kanit-SemiBold,161,ก,False,False,True,False,False,True
Kanit-SemiBold,162,ข,False,False,True,False,False,True
Kanit-SemiBold,163,ฃ,False,False,True,False,False,True
Kanit-SemiBold,164,ค,False,False,True,False,False,True
Kanit-SemiBold,167,ง,False,False,True,False,False,True
Kanit-SemiBold,168,จ,False,False,True,False,False,True
Kanit-SemiBold,169,ฉ,False,False,True,False,False,True
Kanit-SemiBold,170,ช,False,False,True,False,False,True
Kanit-SemiBold,171,ซ,False,False,True,False,False,True
Kanit-SemiBold,173,ญ,False,False,True,False,False,True
Kanit-SemiBold,175,ฏ,False,False,True,False,False,True
Kanit-SemiBold,176,ฐ,False,False,True,False,False,True
Kanit-SemiBold,177,ฑ,False,False,True,False,False,True
Kanit-SemiBold,178,ฒ,False,False,True,False,False,True
Kanit-SemiBold,179,ณ,False,False,True,False,False,True
Kanit-SemiBold,180,ด,False,False,True,False,False,True
Kanit-SemiBold,181,ต,False,False,True,False,False,True
Kanit-SemiBold,182,ถ,False,False,True,False,False,True
Kanit-SemiBold,183,ท,False,False,True,False,False,True
Kanit-SemiBold,184,ธ,False,False,True,False,False,True
Kanit-SemiBold,185,น,False,False,True,False,False,True
Kanit-SemiBold,186,บ,False,False,True,False,False,True
Kanit-SemiBold,187,ป,False,False,True,False,False,True
Kanit-SemiBold,188,ผ,False,False,True,False,False,True
Kanit-SemiBold,189,ฝ,False,False,True,False,False,True
Kanit-SemiBold,190,พ,False,False,True,False,False,True
Kanit-SemiBold,191,ฟ,False,False,True,False,False,True
Kanit-SemiBold,192,ภ,False,False,True,False,False,True
Kanit-SemiBold,193,ม,False,False,True,False,False,True
Kanit-SemiBold,194,ย,False,False,True,False,False,True
Kanit-SemiBold,195,ร,False,False,True,False,False,True
Kanit-SemiBold,196,ฤ,False,False,True,False,False,True
Kanit-SemiBold,197,ล,False,False,True,False,False,True
Kanit-SemiBold,199,ว,False,False,True,False,False,True
Kanit-SemiBold,200,ศ,False,False,True,False,False,True
Kanit-SemiBold,201,ษ,False,False,True,False,False,True
Kanit-SemiBold,202,ส,False,False,True,False,False,True
Kanit-SemiBold,203,ห,False,False,True,False,False,True
Kanit-SemiBold,204,ฬ,False,False,True,False,False,True
Kanit-SemiBold,205,อ,False,False,True,False,False,True
Kanit-SemiBold,206,ฮ,False,False,True,False,False,True
Kanit-SemiBold,207,ฯ,False,False,True,False,False,True
Kanit-SemiBold,209,ั,True,True,True,False,False,True
Kanit-SemiBold,210,า,False,False,True,False,False,True
Kanit-SemiBold,212,ิ,True,True,True,False,False,True
Kanit-SemiBold,213,ี,True,True,True,False,False,True
Kanit-SemiBold,214,ึ,True,True,True,False,False,True
Kanit-SemiBold,215,ื,True,True,True,False,False,True
Kanit-SemiBold,216,ุ,True,False,True,False,False,True
Kanit-SemiBold,217,ู,True,False,True,False,False,True
Kanit-SemiBold,224,เ,False,False,True,False,False,True
Kanit-SemiBold,225,แ,False,False,True,False,False,True
Kanit-SemiBold,226,โ,False,False,True,False,False,True
Kanit-SemiBold,227,ใ,False,False,True,False,False,True
Kanit-SemiBold,228,ไ,False,False,True,False,False,True
Kanit-SemiBold,229,ๅ,False,False,True,False,False,True
Kanit-SemiBold,230,ๆ,False,False,True,False,False,True
Kanit-SemiBold,231,็,True,True,True,False,False,True
Kanit-SemiBold,232,่,True,True,True,False,False,True
Kanit-SemiBold,233,้,True,True,True,False,False,True
Kanit-SemiBold,234,๊,True,True,True,False,False,True
Kanit-SemiBold,236,์,True,True,True,False,False,True
Kanit-SemiBold,240,๐,False,False,True,False,False,True
Kanit-SemiBold,241,๑,False,False,True,False,False,True
Kanit-SemiBold,242,๒,False,False,True,False,False,True
Kanit-SemiBold,243,๓,False,False,True,False,False,True
Kanit-SemiBold,244,๔,False,False,True,False,False,True
Kanit-SemiBold,245,๕,False,False,True,False,False,True
Kanit-SemiBold,246,๖,False,False,True,False,False,True
Kanit-SemiBold,247,๗,False,False,True,False,False,True
Kanit-SemiBold,248,๘,False,False,True,False,False,True
Kanit-SemiBold,249,๙,False,False,True,False,False,True
Kanit-SemiBoldItalic,161,ก,False,False,True,False,False,True
Kanit-SemiBoldItalic,162,ข,False,False,True,False,False,True
Kanit-SemiBoldItalic,163,ฃ,False,False,True,False,False,True
Kanit-SemiBoldItalic,164,ค,False,False,True,False,False,True
Kanit-SemiBoldItalic,167,ง,False,False,True,False,False,True
Kanit-SemiBoldItalic,168,จ,False,False,True,False,False,True
Kanit-SemiBoldItalic,169,ฉ,False,False,True,False,False,True
Kanit-SemiBoldItalic,170,ช,False,False,True,False,False,True
Kanit-SemiBoldItalic,171,ซ,False,False,True,False,False,True
Kanit-SemiBoldItalic,173,ญ,False,False,True,False,False,True
Kanit-SemiBoldItalic,175,ฏ,False,False,True,False,False,True
Kanit-SemiBoldItalic,176,ฐ,False,False,True,False,False,True
Kanit-SemiBoldItalic,177,ฑ,False,False,True,False,False,True
Kanit-SemiBoldItalic,178,ฒ,False,False,True,False,False,True
Kanit-SemiBoldItalic,179,ณ,False,False,True,False,False,True
Kanit-SemiBoldItalic,180,ด,False,False,True,False,False,True
Kanit-SemiBoldItalic,181,ต,False,False,True,False,False,True
Kanit-SemiBoldItalic,182,ถ,False,False,True,False,False,True
Kanit-SemiBoldItalic,183,ท,False,False,True,False,False,True
Kanit-SemiBoldItalic,184,ธ,False,False,True,False,False,True
Kanit-SemiBoldItalic,185,น,False,False,True,False,False,True
Kanit-SemiBoldItalic,186,บ,False,False,True,False,False,True
Kanit-SemiBoldItalic,187,ป,False,False,True,False,False,True
Kanit-SemiBoldItalic,188,ผ,False,False,True,False,False,True
Kanit-SemiBoldItalic,189,ฝ,False,False,True,False,False,True
Kanit-SemiBoldItalic,190,พ,False,False,True,False,False,True
Kanit-SemiBoldItalic,191,ฟ,False,False,True,False,False,True
Kanit-SemiBoldItalic,192,ภ,False,False,True,False,False,True
Kanit-SemiBoldItalic,193,ม,False,False,True,False,False,True
Kanit-SemiBoldItalic,194,ย,False,False,True,False,False,True
Kanit-SemiBoldItalic,195,ร,False,False,True,False,False,True
Kanit-SemiBoldItalic,196,ฤ,False,False,True,False,False,True
Kanit-SemiBoldItalic,197,ล,False,False,True,False,False,True
Kanit-SemiBoldItalic,199,ว,False,False,True,False,False,True
Kanit-SemiBoldItalic,200,ศ,False,False,True,False,False,True
Kanit-SemiBoldItalic,201,ษ,False,False,True,False,False,True
Kanit-SemiBoldItalic,202,ส,False,False,True,False,False,True
Kanit-SemiBoldItalic,203,ห,False,False,True,False,False,True
Kanit-SemiBoldItalic,204,ฬ,False,False,True,False,False,True
Kanit-SemiBoldItalic,205,อ,False,False,True,False,False,True
Kanit-SemiBoldItalic,206,ฮ,False,False,True,False,False,True
Kanit-SemiBoldItalic,207,ฯ,False,False,True,False,False,True
Kanit-SemiBoldItalic,209,ั,True,True,True,False,False,True
Kanit-SemiBoldItalic,210,า,False,False,True,False,False,True
Kanit-SemiBoldItalic,212,ิ,True,True,True,False,False,True
Kanit-SemiBoldItalic,213,ี,True,True,True,False,False,True
Kanit-SemiBoldItalic,214,ึ,True,True,True,False,False,True
Kanit-SemiBoldItalic,215,ื,True,True,True,False,False,True
Kanit-SemiBoldItalic,216,ุ,True,False,True,False,False,True
Kanit-SemiBoldItalic,217,ู,True,False,True,False,False,True
Kanit-SemiBoldItalic,224,เ,False,False,True,False,False,True
Kanit-SemiBoldItalic,225,แ,False,False,True,False,False,True
Kanit-SemiBoldItalic,226,โ,False,False,True,False,False,True
Kanit-SemiBoldItalic,227,ใ,False,False,True,False,False,True
Kanit-SemiBoldItalic,228,ไ,False,False,True,False,False,True
Kanit-SemiBoldItalic,229,ๅ,False,False,True,False,False,True
Kanit-SemiBoldItalic,230,ๆ,False,False,True,False,False,True
Kanit-SemiBoldItalic,231,็,True,True,True,False,False,True
Kanit-SemiBoldItalic,232,่,True,True,True,False,False,True
Kanit-SemiBoldItalic,233,้,True,True,True,False,False,True
Kanit-SemiBoldItalic,234,๊,True,True,True,False,False,True
Kanit-SemiBoldItalic,236,์,True,True,True,False,False,True
Kanit-SemiBoldItalic,240,๐,False,False,True,False,False,True
Kanit-SemiBoldItalic,241,๑,False,False,True,False,False,True
Kanit-SemiBoldItalic,242,๒,False,False,True,False,False,True
Kanit-SemiBoldItalic,243,๓,False,False,True,False,False,True
Kanit-SemiBoldItalic,244,๔,False,False,True,False,False,True
Kanit-SemiBoldItalic,245,๕,False,False,True,False,False,True
Kanit-SemiBoldItalic,246,๖,False,False,True,False,False,True
Kanit-SemiBoldItalic,247,๗,False,False,True,False,False,True
Kanit-SemiBoldItalic,248,๘,False,False,True,False,False,True
Kanit-SemiBoldItalic,249,๙,False,False,True,False,False,True
Kanit-Thin,161,ก,False,False,True,False,False,True
Kanit-Thin,162,ข,False,False,True,False,False,True
Kanit-Thin,163,ฃ,False,False,True,False,False,True
Kanit-Thin,164,ค,False,False,True,False,False,True
Kanit-Thin,167,ง,False,False,True,False,False,True
Kanit-Thin,168,จ,False,False,True,False,False,True
Kanit-Thin,169,ฉ,False,False,True,False,False,True
Kanit-Thin,170,ช,False,False,True,False,False,True
Kanit-Thin,171,ซ,False,False,True,False,False,True
Kanit-Thin,173,ญ,False,False,True,False,False,True
Kanit-Thin,175,ฏ,False,False,True,False,False,True
Kanit-Thin,176,ฐ,False,False,True,False,False,True
Kanit-Thin,177,ฑ,False,False,True,False,False,True
Kanit-Thin,178,ฒ,False,False,True,False,False,True
Kanit-Thin,179,ณ,False,False,True,False,False,True
Kanit-Thin,180,ด,False,False,True,False,False,True
Kanit-Thin,181,ต,False,False,True,False,False,True
Kanit-Thin,182,ถ,False,False,True,False,False,True
Kanit-Thin,183,ท,False,False,True,False,False,True
Kanit-Thin,184,ธ,False,False,True,False,False,True
Kanit-Thin,185,น,False,False,True,False,False,True
Kanit-Thin,186,บ,False,False,True,False,False,True
Kanit-Thin,187,ป,False,False,True,False,False,True
Kanit-Thin,188,ผ,False,False,True,False,False,True
Kanit-Thin,189,ฝ,False,False,True,False,False,True
Kanit-Thin,190,พ,False,False,True,False,False,True
Kanit-Thin,191,ฟ,False,False,True,False,False,True
Kanit-Thin,192,ภ,False,False,True,False,False,True
Kanit-Thin,193,ม,False,False,True,False,False,True
Kanit-Thin,194,ย,False,False,True,False,False,True
Kanit-Thin,195,ร,False,False,True,False,False,True
Kanit-Thin,196,ฤ,False,False,True,False,False,True
Kanit-Thin,197,ล,False,False,True,False,False,True
Kanit-Thin,199,ว,False,False,True,False,False,True
Kanit-Thin,200,ศ,False,False,True,False,False,True
Kanit-Thin,201,ษ,False,False,True,False,False,True
Kanit-Thin,202,ส,False,False,True,False,False,True
Kanit-Thin,203,ห,False,False,True,False,False,True
Kanit-Thin,204,ฬ,False,False,True,False,False,True
Kanit-Thin,205,อ,False,False,True,False,False,True
Kanit-Thin,206,ฮ,False,False,True,False,False,True
Kanit-Thin,207,ฯ,False,False,True,False,False,True
Kanit-Thin,209,ั,True,True,True,False,False,True
Kanit-Thin,210,า,False,False,True,False,False,True
Kanit-Thin,212,ิ,True,True,True,False,False,True
Kanit-Thin,213,ี,True,True,True,False,False,True
Kanit-Thin,214,ึ,True,True,True,False,False,True
Kanit-Thin,215,ื,True,True,True,False,False,True
Kanit-Thin,216,ุ,True,False,True,False,False,True
Kanit-Thin,217,ู,True,False,True,False,False,True
Kanit-Thin,224,เ,False,False,True,False,False,True
Kanit-Thin,225,แ,False,False,True,False,False,True
Kanit-Thin,226,โ,False,False,True,False,False,True
Kanit-Thin,227,ใ,False,False,True,False,False,True
Kanit-Thin,228,ไ,False,False,True,False,False,True
Kanit-Thin,229,ๅ,False,False,True,False,False,True
Kanit-Thin,230,ๆ,False,False,True,False,False,True
Kanit-Thin,231,็,True,True,True,False,False,True
Kanit-Thin,232,่,True,True,True,False,False,True
Kanit-Thin,233,้,True,True,True,False,False,True
Kanit-Thin,234,๊,True,True,True,False,False,True
Kanit-Thin,236,์,True,True,True,False,False,True
Kanit-Thin,240,๐,False,False,True,False,False,True
Kanit-Thin,241,๑,False,False,True,False,False,True
Kanit-Thin,242,๒,False,False,True,False,False,True
Kanit-Thin,243,๓,False,False,True,False,False,True
Kanit-Thin,244,๔,False,False,True,False,False,True
Kanit-Thin,245,๕,False,False,True,False,False,True
Kanit-Thin,246,๖,False,False,True,False,False,True
Kanit-Thin,247,๗,False,False,True,False,False,True
Kanit-Thin,248,๘,False,False,True,False,False,True
Kanit-Thin,249,๙,False,False,True,False,False,True
Kanit-ThinItalic,161,ก,False,False,True,False,False,True
Kanit-ThinItalic,162,ข,False,False,True,False,False,True
Kanit-ThinItalic,163,ฃ,False,False,True,False,False,True
Kanit-ThinItalic,164,ค,False,False,True,False,False,True
Kanit-ThinItalic,167,ง,False,False,True,False,False,True
Kanit-ThinItalic,168,จ,False,False,True,False,False,True
Kanit-ThinItalic,169,ฉ,False,False,True,False,False,True
Kanit-ThinItalic,170,ช,False,False,True,False,False,True
Kanit-ThinItalic,171,ซ,False,False,True,False,False,True
Kanit-ThinItalic,173,ญ,False,False,True,False,False,True
Kanit-ThinItalic,175,ฏ,False,False,True,False,False,True
Kanit-ThinItalic,176,ฐ,False,False,True,False,False,True
Kanit-ThinItalic,177,ฑ,False,False,True,False,False,True
Kanit-ThinItalic,178,ฒ,False,False,True,False,False,True
Kanit-ThinItalic,179,ณ,False,False,True,False,False,True
Kanit-ThinItalic,180,ด,False,False,True,False,False,True
Kanit-ThinItalic,181,ต,False,False,True,False,False,True
Kanit-ThinItalic,182,ถ,False,False,True,False,False,True
Kanit-ThinItalic,183,ท,False,False,True,False,False,True
Kanit-ThinItalic,184,ธ,False,False,True,False,False,True
Kanit-ThinItalic,185,น,False,False,True,False,False,True
Kanit-ThinItalic,186,บ,False,False,True,False,False,True
Kanit-ThinItalic,187,ป,False,False,True,False,False,True
Kanit-ThinItalic,188,ผ,False,False,True,False,False,True
Kanit-ThinItalic,189,ฝ,False,False,True,False,False,True
Kanit-ThinItalic,190,พ,False,False,True,False,False,True
Kanit-ThinItalic,191,ฟ,False,False,True,False,False,True
Kanit-ThinItalic,192,ภ,False,False,True,False,False,True
Kanit-ThinItalic,193,ม,False,False,True,False,False,True
Kanit-ThinItalic,194,ย,False,False,True,False,False,True
Kanit-ThinItalic,195,ร,False,False,True,False,False,True
Kanit-ThinItalic,196,ฤ,False,False,True,False,False,True
Kanit-ThinItalic,197,ล,False,False,True,False,False,True
Kanit-ThinItalic,199,ว,False,False,True,False,False,True
Kanit-ThinItalic,200,ศ,False,False,True,False,False,True
Kanit-ThinItalic,201,ษ,False,False,True,False,False,True
Kanit-ThinItalic,202,ส,False,False,True,False,False,True
Kanit-ThinItalic,203,ห,False,False,True,False,False,True
Kanit-ThinItalic,204,ฬ,False,False,True,False,False,True
Kanit-ThinItalic,205,อ,False,False,True,False,False,True
Kanit-ThinItalic,206,ฮ,False,False,True,False,False,True
Kanit-ThinItalic,207,ฯ,False,False,True,False,False,True
Kanit-ThinItalic,209,ั,True,True,True,False,False,True
Kanit-ThinItalic,210,า,False,False,True,False,False,True
Kanit-ThinItalic,212,ิ,True,True,True,False,False,True
Kanit-ThinItalic,213,ี,True,True,True,False,False,True
Kanit-ThinItalic,214,ึ,True,True,True,False,False,True
Kanit-ThinItalic,215,ื,True,True,True,False,False,True
Kanit-ThinItalic,216,ุ,True,False,True,False,False,True
Kanit-ThinItalic,217,ู,True,False,True,False,False,True
Kanit-ThinItalic,224,เ,False,False,True,False,False,True
Kanit-ThinItalic,225,แ,False,False,True,False,False,True
Kanit-ThinItalic,226,โ,False,False,True,False,False,True
Kanit-ThinItalic,227,ใ,False,False,True,False,False,True
Kanit-ThinItalic,228,ไ,False,False,True,False,False,True
Kanit-ThinItalic,229,ๅ,False,False,True,False,False,True
Kanit-ThinItalic,230,ๆ,False,False,True,False,False,True
Kanit-ThinItalic,231,็,True,True,True,False,False,True
Kanit-ThinItalic,232,่,True,True,True,False,False,True
Kanit-ThinItalic,233,้,True,True,True,False,False,True
Kanit-ThinItalic,234,๊,True,True,True,False,False,True
Kanit-ThinItalic,236,์,True,True,True,False,False,True
Kanit-ThinItalic,240,๐,False,False,True,False,False,True
Kanit-ThinItalic,241,๑,False,False,True,False,False,True
Kanit-ThinItalic,242,๒,False,False,True,False,False,True
Kanit-ThinItalic,243,๓,False,False,True,False,False,True
Kanit-ThinItalic,244,๔,False,False,True,False,False,True
Kanit-ThinItalic,245,๕,False,False,True,False,False,True
Kanit-ThinItalic,246,๖,False,False,True,False,False,True
Kanit-ThinItalic,247,๗,False,False,True,False,False,True
Kanit-ThinItalic,248,๘,False,False,True,False,False,True
Kanit-ThinItalic,249,๙,False,False,True,False,False,True
KoHo-Bold,161,ก,False,False,True,False,False,True
KoHo-Bold,162,ข,False,False,True,False,False,True
KoHo-Bold,163,ฃ,False,False,True,False,False,True
KoHo-Bold,164,ค,False,False,True,False,False,True
KoHo-Bold,167,ง,False,False,True,False,False,True
KoHo-Bold,168,จ,False,False,True,False,False,True
KoHo-Bold,169,ฉ,False,False,True,False,False,True
KoHo-Bold,170,ช,False,False,True,False,False,True
KoHo-Bold,171,ซ,False,False,True,False,False,True
KoHo-Bold,173,ญ,False,False,True,False,False,True
KoHo-Bold,175,ฏ,False,False,True,False,False,True
KoHo-Bold,176,ฐ,False,False,True,False,False,True
KoHo-Bold,177,ฑ,False,False,True,False,False,True
KoHo-Bold,178,ฒ,False,False,True,False,False,True
KoHo-Bold,179,ณ,False,False,True,False,False,True
KoHo-Bold,180,ด,False,False,True,False,False,True
KoHo-Bold,181,ต,False,False,True,False,False,True
KoHo-Bold,182,ถ,False,False,True,False,False,True
KoHo-Bold,183,ท,False,False,True,False,False,True
KoHo-Bold,184,ธ,False,False,True,False,False,True
KoHo-Bold,185,น,False,False,True,False,False,True
KoHo-Bold,186,บ,False,False,True,False,False,True
KoHo-Bold,187,ป,False,False,True,False,False,True
KoHo-Bold,188,ผ,False,False,True,False,False,True
KoHo-Bold,189,ฝ,False,False,True,False,False,True
KoHo-Bold,190,พ,False,False,True,False,False,True
KoHo-Bold,191,ฟ,False,False,True,False,False,True
KoHo-Bold,192,ภ,False,False,True,False,False,True
KoHo-Bold,193,ม,False,False,True,False,False,True
KoHo-Bold,194,ย,False,False,True,False,False,True
KoHo-Bold,195,ร,False,False,True,False,False,True
KoHo-Bold,196,ฤ,False,False,True,False,False,True
KoHo-Bold,197,ล,False,False,True,False,False,True
KoHo-Bold,199,ว,False,False,True,False,False,True
KoHo-Bold,200,ศ,False,False,True,False,False,True
KoHo-Bold,201,ษ,False,False,True,False,False,True
KoHo-Bold,202,ส,False,False,True,False,False,True
KoHo-Bold,203,ห,False,False,True,False,False,True
KoHo-Bold,204,ฬ,False,False,True,False,False,True
KoHo-Bold,205,อ,False,False,True,False,False,True
KoHo-Bold,206,ฮ,False,False,True,False,False,True
KoHo-Bold,207,ฯ,False,False,True,False,False,True
KoHo-Bold,209,ั,True,True,True,False,False,True
KoHo-Bold,210,า,False,False,True,False,False,True
KoHo-Bold,212,ิ,True,True,True,False,False,True
KoHo-Bold,213,ี,True,True,True,False,False,True
KoHo-Bold,214,ึ,True,True,True,False,False,True
KoHo-Bold,215,ื,True,True,True,False,False,True
KoHo-Bold,216,ุ,True,False,True,False,False,True
KoHo-Bold,217,ู,True,False,True,False,False,True
KoHo-Bold,224,เ,False,False,True,False,False,True
KoHo-Bold,225,แ,False,False,True,False,False,True
KoHo-Bold,226,โ,False,False,True,False,False,True
KoHo-Bold,227,ใ,False,False,True,False,False,True
KoHo-Bold,228,ไ,False,False,True,False,False,True
KoHo-Bold,229,ๅ,False,False,True,False,False,True
KoHo-Bold,230,ๆ,False,False,True,False,False,True
KoHo-Bold,231,็,True,True,True,False,False,True
KoHo-Bold,232,่,True,True,True,False,False,True
KoHo-Bold,233,้,True,True,True,False,False,True
KoHo-Bold,234,๊,True,True,True,False,False,True
KoHo-Bold,236,์,True,True,True,False,False,True
KoHo-Bold,240,๐,False,False,True,False,False,True
KoHo-Bold,241,๑,False,False,True,False,False,True
KoHo-Bold,242,๒,False,False,True,False,False,True
KoHo-Bold,243,๓,False,False,True,False,False,True
KoHo-Bold,244,๔,False,False,True,False,False,True
KoHo-Bold,245,๕,False,False,True,False,False,True
KoHo-Bold,246,๖,False,False,True,False,False,True
KoHo-Bold,247,๗,False,False,True,False,False,True
KoHo-Bold,248,๘,False,False,True,False,False,True
KoHo-Bold,249,๙,False,False,True,False,False,True
KoHo-ExtraLight,161,ก,False,False,True,False,False,True
KoHo-ExtraLight,162,ข,False,False,True,False,False,True
KoHo-ExtraLight,163,ฃ,False,False,True,False,False,True
KoHo-ExtraLight,164,ค,False,False,True,False,False,True
KoHo-ExtraLight,167,ง,False,False,True,False,False,True
KoHo-ExtraLight,168,จ,False,False,True,False,False,True
KoHo-ExtraLight,169,ฉ,False,False,True,False,False,True
KoHo-ExtraLight,170,ช,False,False,True,False,False,True
KoHo-ExtraLight,171,ซ,False,False,True,False,False,True
KoHo-ExtraLight,173,ญ,False,False,True,False,False,True
KoHo-ExtraLight,175,ฏ,False,False,True,False,False,True
KoHo-ExtraLight,176,ฐ,False,False,True,False,False,True
KoHo-ExtraLight,177,ฑ,False,False,True,False,False,True
KoHo-ExtraLight,178,ฒ,False,False,True,False,False,True
KoHo-ExtraLight,179,ณ,False,False,True,False,False,True
KoHo-ExtraLight,180,ด,False,False,True,False,False,True
KoHo-ExtraLight,181,ต,False,False,True,False,False,True
KoHo-ExtraLight,182,ถ,False,False,True,False,False,True
KoHo-ExtraLight,183,ท,False,False,True,False,False,True
KoHo-ExtraLight,184,ธ,False,False,True,False,False,True
KoHo-ExtraLight,185,น,False,False,True,False,False,True
KoHo-ExtraLight,186,บ,False,False,True,False,False,True
KoHo-ExtraLight,187,ป,False,False,True,False,False,True
KoHo-ExtraLight,188,ผ,False,False,True,False,False,True
KoHo-ExtraLight,189,ฝ,False,False,True,False,False,True
KoHo-ExtraLight,190,พ,False,False,True,False,False,True
KoHo-ExtraLight,191,ฟ,False,False,True,False,False,True
KoHo-ExtraLight,192,ภ,False,False,True,False,False,True
KoHo-ExtraLight,193,ม,False,False,True,False,False,True
KoHo-ExtraLight,194,ย,False,False,True,False,False,True
KoHo-ExtraLight,195,ร,False,False,True,False,False,True
KoHo-ExtraLight,196,ฤ,False,False,True,False,False,True
KoHo-ExtraLight,197,ล,False,False,True,False,False,True
KoHo-ExtraLight,199,ว,False,False,True,False,False,True
KoHo-ExtraLight,200,ศ,False,False,True,False,False,True
KoHo-ExtraLight,201,ษ,False,False,True,False,False,True
KoHo-ExtraLight,202,ส,False,False,True,False,False,True
KoHo-ExtraLight,203,ห,False,False,True,False,False,True
KoHo-ExtraLight,204,ฬ,False,False,True,False,False,True
KoHo-ExtraLight,205,อ,False,False,True,False,False,True
KoHo-ExtraLight,206,ฮ,False,False,True,False,False,True
KoHo-ExtraLight,207,ฯ,False,False,True,False,False,True
KoHo-ExtraLight,209,ั,True,True,True,False,False,True
KoHo-ExtraLight,210,า,False,False,True,False,False,True
KoHo-ExtraLight,212,ิ,True,True,True,False,False,True
KoHo-ExtraLight,213,ี,True,True,True,False,False,True
KoHo-ExtraLight,214,ึ,True,True,True,False,False,True
KoHo-ExtraLight,215,ื,True,True,True,False,False,True
KoHo-ExtraLight,216,ุ,True,False,True,False,False,True
KoHo-ExtraLight,217,ู,True,False,True,False,False,True
KoHo-ExtraLight,224,เ,False,False,True,False,False,True
KoHo-ExtraLight,225,แ,False,False,True,False,False,True
KoHo-ExtraLight,226,โ,False,False,True,False,False,True
KoHo-ExtraLight,227,ใ,False,False,True,False,False,True
KoHo-ExtraLight,228,ไ,False,False,True,False,False,True
KoHo-ExtraLight,229,ๅ,False,False,True,False,False,True
KoHo-ExtraLight,230,ๆ,False,False,True,False,False,True
KoHo-ExtraLight,231,็,True,True,True,False,False,True
KoHo-ExtraLight,232,่,True,True,True,False,False,True
KoHo-ExtraLight,233,้,True,True,True,False,False,True
KoHo-ExtraLight,234,๊,True,True,True,False,False,True
KoHo-ExtraLight,236,์,True,True,True,False,False,True
KoHo-ExtraLight,240,๐,False,False,True,False,False,True
KoHo-ExtraLight,241,๑,False,False,True,False,False,True
KoHo-ExtraLight,242,๒,False,False,True,False,False,True
KoHo-ExtraLight,243,๓,False,False,True,False,False,True
KoHo-ExtraLight,244,๔,False,False,True,False,False,True
KoHo-ExtraLight,245,๕,False,False,True,False,False,True
KoHo-ExtraLight,246,๖,False,False,True,False,False,True
KoHo-ExtraLight,247,๗,False,False,True,False,False,True
KoHo-ExtraLight,248,๘,False,False,True,False,False,True
KoHo-ExtraLight,249,๙,False,False,True,False,False,True
KoHo-Light,161,ก,False,False,True,False,False,True
KoHo-Light,162,ข,False,False,True,False,False,True
KoHo-Light,163,ฃ,False,False,True,False,False,True
KoHo-Light,164,ค,False,False,True,False,False,True
KoHo-Light,167,ง,False,False,True,False,False,True
KoHo-Light,168,จ,False,False,True,False,False,True
KoHo-Light,169,ฉ,False,False,True,False,False,True
KoHo-Light,170,ช,False,False,True,False,False,True
KoHo-Light,171,ซ,False,False,True,False,False,True
KoHo-Light,173,ญ,False,False,True,False,False,True
KoHo-Light,175,ฏ,False,False,True,False,False,True
KoHo-Light,176,ฐ,False,False,True,False,False,True
KoHo-Light,177,ฑ,False,False,True,False,False,True
KoHo-Light,178,ฒ,False,False,True,False,False,True
KoHo-Light,179,ณ,False,False,True,False,False,True
KoHo-Light,180,ด,False,False,True,False,False,True
KoHo-Light,181,ต,False,False,True,False,False,True
KoHo-Light,182,ถ,False,False,True,False,False,True
KoHo-Light,183,ท,False,False,True,False,False,True
KoHo-Light,184,ธ,False,False,True,False,False,True
KoHo-Light,185,น,False,False,True,False,False,True
KoHo-Light,186,บ,False,False,True,False,False,True
KoHo-Light,187,ป,False,False,True,False,False,True
KoHo-Light,188,ผ,False,False,True,False,False,True
KoHo-Light,189,ฝ,False,False,True,False,False,True
KoHo-Light,190,พ,False,False,True,False,False,True
KoHo-Light,191,ฟ,False,False,True,False,False,True
KoHo-Light,192,ภ,False,False,True,False,False,True
KoHo-Light,193,ม,False,False,True,False,False,True
KoHo-Light,194,ย,False,False,True,False,False,True
KoHo-Light,195,ร,False,False,True,False,False,True
KoHo-Light,196,ฤ,False,False,True,False,False,True
KoHo-Light,197,ล,False,False,True,False,False,True
KoHo-Light,199,ว,False,False,True,False,False,True
KoHo-Light,200,ศ,False,False,True,False,False,True
KoHo-Light,201,ษ,False,False,True,False,False,True
KoHo-Light,202,ส,False,False,True,False,False,True
KoHo-Light,203,ห,False,False,True,False,False,True
KoHo-Light,204,ฬ,False,False,True,False,False,True
KoHo-Light,205,อ,False,False,True,False,False,True
KoHo-Light,206,ฮ,False,False,True,False,False,True
KoHo-Light,207,ฯ,False,False,True,False,False,True
KoHo-Light,209,ั,True,True,True,False,False,True
KoHo-Light,210,า,False,False,True,False,False,True
KoHo-Light,212,ิ,True,True,True,False,False,True
KoHo-Light,213,ี,True,True,True,False,False,True
KoHo-Light,214,ึ,True,True,True,False,False,True
KoHo-Light,215,ื,True,True,True,False,False,True
KoHo-Light,216,ุ,True,False,True,False,False,True
KoHo-Light,217,ู,True,False,True,False,False,True
KoHo-Light,224,เ,False,False,True,False,False,True
KoHo-Light,225,แ,False,False,True,False,False,True
KoHo-Light,226,โ,False,False,True,False,False,True
KoHo-Light,227,ใ,False,False,True,False,False,True
KoHo-Light,228,ไ,False,False,True,False,False,True
KoHo-Light,229,ๅ,False,False,True,False,False,True
KoHo-Light,230,ๆ,False,False,True,False,False,True
KoHo-Light,231,็,True,True,True,False,False,True
KoHo-Light,232,่,True,True,True,False,False,True
KoHo-Light,233,้,True,True,True,False,False,True
KoHo-Light,234,๊,True,True,True,False,False,True
KoHo-Light,236,์,True,True,True,False,False,True
KoHo-Light,240,๐,False,False,True,False,False,True
KoHo-Light,241,๑,False,False,True,False,False,True
KoHo-Light,242,๒,False,False,True,False,False,True
KoHo-Light,243,๓,False,False,True,False,False,True
KoHo-Light,244,๔,False,False,True,False,False,True
KoHo-Light,245,๕,False,False,True,False,False,True
KoHo-Light,246,๖,False,False,True,False,False,True
KoHo-Light,247,๗,False,False,True,False,False,True
KoHo-Light,248,๘,False,False,True,False,False,True
KoHo-Light,249,๙,False,False,True,False,False,True
KoHo-Medium,161,ก,False,False,True,False,False,True
KoHo-Medium,162,ข,False,False,True,False,False,True
KoHo-Medium,163,ฃ,False,False,True,False,False,True
KoHo-Medium,164,ค,False,False,True,False,False,True
KoHo-Medium,167,ง,False,False,True,False,False,True
KoHo-Medium,168,จ,False,False,True,False,False,True
KoHo-Medium,169,ฉ,False,False,True,False,False,True
KoHo-Medium,170,ช,False,False,True,False,False,True
KoHo-Medium,171,ซ,False,False,True,False,False,True
KoHo-Medium,173,ญ,False,False,True,False,False,True
KoHo-Medium,175,ฏ,False,False,True,False,False,True
KoHo-Medium,176,ฐ,False,False,True,False,False,True
KoHo-Medium,177,ฑ,False,False,True,False,False,True
KoHo-Medium,178,ฒ,False,False,True,False,False,True
KoHo-Medium,179,ณ,False,False,True,False,False,True
KoHo-Medium,180,ด,False,False,True,False,False,True
KoHo-Medium,181,ต,False,False,True,False,False,True
KoHo-Medium,182,ถ,False,False,True,False,False,True
KoHo-Medium,183,ท,False,False,True,False,False,True
KoHo-Medium,184,ธ,False,False,True,False,False,True
KoHo-Medium,185,น,False,False,True,False,False,True
KoHo-Medium,186,บ,False,False,True,False,False,True
KoHo-Medium,187,ป,False,False,True,False,False,True
KoHo-Medium,188,ผ,False,False,True,False,False,True
KoHo-Medium,189,ฝ,False,False,True,False,False,True
KoHo-Medium,190,พ,False,False,True,False,False,True
KoHo-Medium,191,ฟ,False,False,True,False,False,True
KoHo-Medium,192,ภ,False,False,True,False,False,True
KoHo-Medium,193,ม,False,False,True,False,False,True
KoHo-Medium,194,ย,False,False,True,False,False,True
KoHo-Medium,195,ร,False,False,True,False,False,True
KoHo-Medium,196,ฤ,False,False,True,False,False,True
KoHo-Medium,197,ล,False,False,True,False,False,True
KoHo-Medium,199,ว,False,False,True,False,False,True
KoHo-Medium,200,ศ,False,False,True,False,False,True
KoHo-Medium,201,ษ,False,False,True,False,False,True
KoHo-Medium,202,ส,False,False,True,False,False,True
KoHo-Medium,203,ห,False,False,True,False,False,True
KoHo-Medium,204,ฬ,False,False,True,False,False,True
KoHo-Medium,205,อ,False,False,True,False,False,True
KoHo-Medium,206,ฮ,False,False,True,False,False,True
KoHo-Medium,207,ฯ,False,False,True,False,False,True
KoHo-Medium,209,ั,True,True,True,False,False,True
KoHo-Medium,210,า,False,False,True,False,False,True
KoHo-Medium,212,ิ,True,True,True,False,False,True
KoHo-Medium,213,ี,True,True,True,False,False,True
KoHo-Medium,214,ึ,True,True,True,False,False,True
KoHo-Medium,215,ื,True,True,True,False,False,True
KoHo-Medium,216,ุ,True,False,True,False,False,True
KoHo-Medium,217,ู,True,False,True,False,False,True
KoHo-Medium,224,เ,False,False,True,False,False,True
KoHo-Medium,225,แ,False,False,True,False,False,True
KoHo-Medium,226,โ,False,False,True,False,False,True
KoHo-Medium,227,ใ,False,False,True,False,False,True
KoHo-Medium,228,ไ,False,False,True,False,False,True
KoHo-Medium,229,ๅ,False,False,True,False,False,True
KoHo-Medium,230,ๆ,False,False,True,False,False,True
KoHo-Medium,231,็,True,True,True,False,False,True
KoHo-Medium,232,่,True,True,True,False,False,True
KoHo-Medium,233,้,True,True,True,False,False,True
KoHo-Medium,234,๊,True,True,True,False,False,True
KoHo-Medium,236,์,True,True,True,False,False,True
KoHo-Medium,240,๐,False,False,True,False,False,True
KoHo-Medium,241,๑,False,False,True,False,False,True
KoHo-Medium,242,๒,False,False,True,False,False,True
KoHo-Medium,243,๓,False,False,True,False,False,True
KoHo-Medium,244,๔,False,False,True,False,False,True
KoHo-Medium,245,๕,False,False,True,False,False,True
KoHo-Medium,246,๖,False,False,True,False,False,True
KoHo-Medium,247,๗,False,False,True,False,False,True
KoHo-Medium,248,๘,False,False,True,False,False,True
KoHo-Medium,249,๙,False,False,True,False,False,True
KoHo-Regular,161,ก,False,False,True,False,False,True
KoHo-Regular,162,ข,False,False,True,False,False,True
KoHo-Regular,163,ฃ,False,False,True,False,False,True
KoHo-Regular,164,ค,False,False,True,False,False,True
KoHo-Regular,167,ง,False,False,True,False,False,True
KoHo-Regular,168,จ,False,False,True,False,False,True
KoHo-Regular,169,ฉ,False,False,True,False,False,True
KoHo-Regular,170,ช,False,False,True,False,False,True
KoHo-Regular,171,ซ,False,False,True,False,False,True
KoHo-Regular,173,ญ,False,False,True,False,False,True
KoHo-Regular,175,ฏ,False,False,True,False,False,True
KoHo-Regular,176,ฐ,False,False,True,False,False,True
KoHo-Regular,177,ฑ,False,False,True,False,False,True
KoHo-Regular,178,ฒ,False,False,True,False,False,True
KoHo-Regular,179,ณ,False,False,True,False,False,True
KoHo-Regular,180,ด,False,False,True,False,False,True
KoHo-Regular,181,ต,False,False,True,False,False,True
KoHo-Regular,182,ถ,False,False,True,False,False,True
KoHo-Regular,183,ท,False,False,True,False,False,True
KoHo-Regular,184,ธ,False,False,True,False,False,True
KoHo-Regular,185,น,False,False,True,False,False,True
KoHo-Regular,186,บ,False,False,True,False,False,True
KoHo-Regular,187,ป,False,False,True,False,False,True
KoHo-Regular,188,ผ,False,False,True,False,False,True
KoHo-Regular,189,ฝ,False,False,True,False,False,True
KoHo-Regular,190,พ,False,False,True,False,False,True
KoHo-Regular,191,ฟ,False,False,True,False,False,True
KoHo-Regular,192,ภ,False,False,True,False,False,True
KoHo-Regular,193,ม,False,False,True,False,False,True
KoHo-Regular,194,ย,False,False,True,False,False,True
KoHo-Regular,195,ร,False,False,True,False,False,True
KoHo-Regular,196,ฤ,False,False,True,False,False,True
KoHo-Regular,197,ล,False,False,True,False,False,True
KoHo-Regular,199,ว,False,False,True,False,False,True
KoHo-Regular,200,ศ,False,False,True,False,False,True
KoHo-Regular,201,ษ,False,False,True,False,False,True
KoHo-Regular,202,ส,False,False,True,False,False,True
KoHo-Regular,203,ห,False,False,True,False,False,True
KoHo-Regular,204,ฬ,False,False,True,False,False,True
KoHo-Regular,205,อ,False,False,True,False,False,True
KoHo-Regular,206,ฮ,False,False,True,False,False,True
KoHo-Regular,207,ฯ,False,False,True,False,False,True
KoHo-Regular,209,ั,True,True,True,False,False,True
KoHo-Regular,210,า,False,False,True,False,False,True
KoHo-Regular,212,ิ,True,True,True,False,False,True
KoHo-Regular,213,ี,True,True,True,False,False,True
KoHo-Regular,214,ึ,True,True,True,False,False,True
KoHo-Regular,215,ื,True,True,True,False,False,True
KoHo-Regular,216,ุ,True,False,True,False,False,True
KoHo-Regular,217,ู,True,False,True,False,False,True
KoHo-Regular,224,เ,False,False,True,False,False,True
KoHo-Regular,225,แ,False,False,True,False,False,True
KoHo-Regular,226,โ,False,False,True,False,False,True
KoHo-Regular,227,ใ,False,False,True,False,False,True
KoHo-Regular,228,ไ,False,False,True,False,False,True
KoHo-Regular,229,ๅ,False,False,True,False,False,True
KoHo-Regular,230,ๆ,False,False,True,False,False,True
KoHo-Regular,231,็,True,True,True,False,False,True
KoHo-Regular,232,่,True,True,True,False,False,True
KoHo-Regular,233,้,True,True,True,False,False,True
KoHo-Regular,234,๊,True,True,True,False,False,True
KoHo-Regular,236,์,True,True,True,False,False,True
KoHo-Regular,240,๐,False,False,True,False,False,True
KoHo-Regular,241,๑,False,False,True,False,False,True
KoHo-Regular,242,๒,False,False,True,False,False,True
KoHo-Regular,243,๓,False,False,True,False,False,True
KoHo-Regular,244,๔,False,False,True,False,False,True
KoHo-Regular,245,๕,False,False,True,False,False,True
KoHo-Regular,246,๖,False,False,True,False,False,True
KoHo-Regular,247,๗,False,False,True,False,False,True
KoHo-Regular,248,๘,False,False,True,False,False,True
KoHo-Regular,249,๙,False,False,True,False,False,True
KoHo-SemiBold,161,ก,False,False,True,False,False,True
KoHo-SemiBold,162,ข,False,False,True,False,False,True
KoHo-SemiBold,163,ฃ,False,False,True,False,False,True
KoHo-SemiBold,164,ค,False,False,True,False,False,True
KoHo-SemiBold,167,ง,False,False,True,False,False,True
KoHo-SemiBold,168,จ,False,False,True,False,False,True
KoHo-SemiBold,169,ฉ,False,False,True,False,False,True
KoHo-SemiBold,170,ช,False,False,True,False,False,True
KoHo-SemiBold,171,ซ,False,False,True,False,False,True
KoHo-SemiBold,173,ญ,False,False,True,False,False,True
KoHo-SemiBold,175,ฏ,False,False,True,False,False,True
KoHo-SemiBold,176,ฐ,False,False,True,False,False,True
KoHo-SemiBold,177,ฑ,False,False,True,False,False,True
KoHo-SemiBold,178,ฒ,False,False,True,False,False,True
KoHo-SemiBold,179,ณ,False,False,True,False,False,True
KoHo-SemiBold,180,ด,False,False,True,False,False,True
KoHo-SemiBold,181,ต,False,False,True,False,False,True
KoHo-SemiBold,182,ถ,False,False,True,False,False,True
KoHo-SemiBold,183,ท,False,False,True,False,False,True
KoHo-SemiBold,184,ธ,False,False,True,False,False,True
KoHo-SemiBold,185,น,False,False,True,False,False,True
KoHo-SemiBold,186,บ,False,False,True,False,False,True
KoHo-SemiBold,187,ป,False,False,True,False,False,True
KoHo-SemiBold,188,ผ,False,False,True,False,False,True
KoHo-SemiBold,189,ฝ,False,False,True,False,False,True
KoHo-SemiBold,190,พ,False,False,True,False,False,True
KoHo-SemiBold,191,ฟ,False,False,True,False,False,True
KoHo-SemiBold,192,ภ,False,False,True,False,False,True
KoHo-SemiBold,193,ม,False,False,True,False,False,True
KoHo-SemiBold,194,ย,False,False,True,False,False,True
KoHo-SemiBold,195,ร,False,False,True,False,False,True
KoHo-SemiBold,196,ฤ,False,False,True,False,False,True
KoHo-SemiBold,197,ล,False,False,True,False,False,True
KoHo-SemiBold,199,ว,False,False,True,False,False,True
KoHo-SemiBold,200,ศ,False,False,True,False,False,True
KoHo-SemiBold,201,ษ,False,False,True,False,False,True
KoHo-SemiBold,202,ส,False,False,True,False,False,True
KoHo-SemiBold,203,ห,False,False,True,False,False,True
KoHo-SemiBold,204,ฬ,False,False,True,False,False,True
KoHo-SemiBold,205,อ,False,False,True,False,False,True
KoHo-SemiBold,206,ฮ,False,False,True,False,False,True
KoHo-SemiBold,207,ฯ,False,False,True,False,False,True
KoHo-SemiBold,209,ั,True,True,True,False,False,True
KoHo-SemiBold,210,า,False,False,True,False,False,True
KoHo-SemiBold,212,ิ,True,True,True,False,False,True
KoHo-SemiBold,213,ี,True,True,True,False,False,True
KoHo-SemiBold,214,ึ,True,True,True,False,False,True
KoHo-SemiBold,215,ื,True,True,True,False,False,True
KoHo-SemiBold,216,ุ,True,False,True,False,False,True
KoHo-SemiBold,217,ู,True,False,True,False,False,True
KoHo-SemiBold,224,เ,False,False,True,False,False,True
KoHo-SemiBold,225,แ,False,False,True,False,False,True
KoHo-SemiBold,226,โ,False,False,True,False,False,True
KoHo-SemiBold,227,ใ,False,False,True,False,False,True
KoHo-SemiBold,228,ไ,False,False,True,False,False,True
KoHo-SemiBold,229,ๅ,False,False,True,False,False,True
KoHo-SemiBold,230,ๆ,False,False,True,False,False,True
KoHo-SemiBold,231,็,True,True,True,False,False,True
KoHo-SemiBold,232,่,True,True,True,False,False,True
KoHo-SemiBold,233,้,True,True,True,False,False,True
KoHo-SemiBold,234,๊,True,True,True,False,False,True
KoHo-SemiBold,236,์,True,True,True,False,False,True
KoHo-SemiBold,240,๐,False,False,True,False,False,True
KoHo-SemiBold,241,๑,False,False,True,False,False,True
KoHo-SemiBold,242,๒,False,False,True,False,False,True
KoHo-SemiBold,243,๓,False,False,True,False,False,True
KoHo-SemiBold,244,๔,False,False,True,False,False,True
KoHo-SemiBold,245,๕,False,False,True,False,False,True
KoHo-SemiBold,246,๖,False,False,True,False,False,True
KoHo-SemiBold,247,๗,False,False,True,False,False,True
KoHo-SemiBold,248,๘,False,False,True,False,False,True
KoHo-SemiBold,249,๙,False,False,True,False,False,True
Kodchasan-Bold,161,ก,False,False,True,False,False,True
Kodchasan-Bold,162,ข,False,False,True,False,False,True
Kodchasan-Bold,163,ฃ,False,False,True,False,False,True
Kodchasan-Bold,164,ค,False,False,True,False,False,True
Kodchasan-Bold,167,ง,False,False,True,False,False,True
Kodchasan-Bold,168,จ,False,False,True,False,False,True
Kodchasan-Bold,169,ฉ,False,False,True,False,False,True
Kodchasan-Bold,170,ช,False,False,True,False,False,True
Kodchasan-Bold,171,ซ,False,False,True,False,False,True
Kodchasan-Bold,173,ญ,False,False,True,False,False,True
Kodchasan-Bold,175,ฏ,False,False,True,False,False,True
Kodchasan-Bold,176,ฐ,False,False,True,False,False,True
Kodchasan-Bold,177,ฑ,False,False,True,False,False,True
Kodchasan-Bold,178,ฒ,False,False,True,False,False,True
Kodchasan-Bold,179,ณ,False,False,True,False,False,True
Kodchasan-Bold,180,ด,False,False,True,False,False,True
Kodchasan-Bold,181,ต,False,False,True,False,False,True
Kodchasan-Bold,182,ถ,False,False,True,False,False,True
Kodchasan-Bold,183,ท,False,False,True,False,False,True
Kodchasan-Bold,184,ธ,False,False,True,False,False,True
Kodchasan-Bold,185,น,False,False,True,False,False,True
Kodchasan-Bold,186,บ,False,False,True,False,False,True
Kodchasan-Bold,187,ป,False,False,True,False,False,True
Kodchasan-Bold,188,ผ,False,False,True,False,False,True
Kodchasan-Bold,189,ฝ,False,False,True,False,False,True
Kodchasan-Bold,190,พ,False,False,True,False,False,True
Kodchasan-Bold,191,ฟ,False,False,True,False,False,True
Kodchasan-Bold,192,ภ,False,False,True,False,False,True
Kodchasan-Bold,193,ม,False,False,True,False,False,True
Kodchasan-Bold,194,ย,False,False,True,False,False,True
Kodchasan-Bold,195,ร,False,False,True,False,False,True
Kodchasan-Bold,196,ฤ,False,False,True,False,False,True
Kodchasan-Bold,197,ล,False,False,True,False,False,True
Kodchasan-Bold,199,ว,False,False,True,False,False,True
Kodchasan-Bold,200,ศ,False,False,True,False,False,True
Kodchasan-Bold,201,ษ,False,False,True,False,False,True
Kodchasan-Bold,202,ส,False,False,True,False,False,True
Kodchasan-Bold,203,ห,False,False,True,False,False,True
Kodchasan-Bold,204,ฬ,False,False,True,False,False,True
Kodchasan-Bold,205,อ,False,False,True,False,False,True
Kodchasan-Bold,206,ฮ,False,False,True,False,False,True
Kodchasan-Bold,207,ฯ,False,False,True,False,False,True
Kodchasan-Bold,209,ั,True,True,True,False,False,True
Kodchasan-Bold,210,า,False,False,True,False,False,True
Kodchasan-Bold,212,ิ,True,True,True,False,False,True
Kodchasan-Bold,213,ี,True,True,True,False,False,True
Kodchasan-Bold,214,ึ,True,True,True,False,False,True
Kodchasan-Bold,215,ื,True,True,True,False,False,True
Kodchasan-Bold,216,ุ,True,False,True,False,False,True
Kodchasan-Bold,217,ู,True,False,True,False,False,True
Kodchasan-Bold,224,เ,False,False,True,False,False,True
Kodchasan-Bold,225,แ,False,False,True,False,False,True
Kodchasan-Bold,226,โ,False,False,True,False,False,True
Kodchasan-Bold,227,ใ,False,False,True,False,False,True
Kodchasan-Bold,228,ไ,False,False,True,False,False,True
Kodchasan-Bold,229,ๅ,False,False,True,False,False,True
Kodchasan-Bold,230,ๆ,False,False,True,False,False,True
Kodchasan-Bold,231,็,True,True,True,False,False,True
Kodchasan-Bold,232,่,True,True,True,False,False,True
Kodchasan-Bold,233,้,True,True,True,False,False,True
Kodchasan-Bold,234,๊,True,True,True,False,False,True
Kodchasan-Bold,236,์,True,True,True,False,False,True
Kodchasan-Bold,240,๐,False,False,True,False,False,True
Kodchasan-Bold,241,๑,False,False,True,False,False,True
Kodchasan-Bold,242,๒,False,False,True,False,False,True
Kodchasan-Bold,243,๓,False,False,True,False,False,True
Kodchasan-Bold,244,๔,False,False,True,False,False,True
Kodchasan-Bold,245,๕,False,False,True,False,False,True
Kodchasan-Bold,246,๖,False,False,True,False,False,True
Kodchasan-Bold,247,๗,False,False,True,False,False,True
Kodchasan-Bold,248,๘,False,False,True,False,False,True
Kodchasan-Bold,249,๙,False,False,True,False,False,True
Kodchasan-ExtraLight,161,ก,False,False,True,False,False,True
Kodchasan-ExtraLight,162,ข,False,False,True,False,False,True
Kodchasan-ExtraLight,163,ฃ,False,False,True,False,False,True
Kodchasan-ExtraLight,164,ค,False,False,True,False,False,True
Kodchasan-ExtraLight,167,ง,False,False,True,False,False,True
Kodchasan-ExtraLight,168,จ,False,False,True,False,False,True
Kodchasan-ExtraLight,169,ฉ,False,False,True,False,False,True
Kodchasan-ExtraLight,170,ช,False,False,True,False,False,True
Kodchasan-ExtraLight,171,ซ,False,False,True,False,False,True
Kodchasan-ExtraLight,173,ญ,False,False,True,False,False,True
Kodchasan-ExtraLight,175,ฏ,False,False,True,False,False,True
Kodchasan-ExtraLight,176,ฐ,False,False,True,False,False,True
Kodchasan-ExtraLight,177,ฑ,False,False,True,False,False,True
Kodchasan-ExtraLight,178,ฒ,False,False,True,False,False,True
Kodchasan-ExtraLight,179,ณ,False,False,True,False,False,True
Kodchasan-ExtraLight,180,ด,False,False,True,False,False,True
Kodchasan-ExtraLight,181,ต,False,False,True,False,False,True
Kodchasan-ExtraLight,182,ถ,False,False,True,False,False,True
Kodchasan-ExtraLight,183,ท,False,False,True,False,False,True
Kodchasan-ExtraLight,184,ธ,False,False,True,False,False,True
Kodchasan-ExtraLight,185,น,False,False,True,False,False,True
Kodchasan-ExtraLight,186,บ,False,False,True,False,False,True
Kodchasan-ExtraLight,187,ป,False,False,True,False,False,True
Kodchasan-ExtraLight,188,ผ,False,False,True,False,False,True
Kodchasan-ExtraLight,189,ฝ,False,False,True,False,False,True
Kodchasan-ExtraLight,190,พ,False,False,True,False,False,True
Kodchasan-ExtraLight,191,ฟ,False,False,True,False,False,True
Kodchasan-ExtraLight,192,ภ,False,False,True,False,False,True
Kodchasan-ExtraLight,193,ม,False,False,True,False,False,True
Kodchasan-ExtraLight,194,ย,False,False,True,False,False,True
Kodchasan-ExtraLight,195,ร,False,False,True,False,False,True
Kodchasan-ExtraLight,196,ฤ,False,False,True,False,False,True
Kodchasan-ExtraLight,197,ล,False,False,True,False,False,True
Kodchasan-ExtraLight,199,ว,False,False,True,False,False,True
Kodchasan-ExtraLight,200,ศ,False,False,True,False,False,True
Kodchasan-ExtraLight,201,ษ,False,False,True,False,False,True
Kodchasan-ExtraLight,202,ส,False,False,True,False,False,True
Kodchasan-ExtraLight,203,ห,False,False,True,False,False,True
Kodchasan-ExtraLight,204,ฬ,False,False,True,False,False,True
Kodchasan-ExtraLight,205,อ,False,False,True,False,False,True
Kodchasan-ExtraLight,206,ฮ,False,False,True,False,False,True
Kodchasan-ExtraLight,207,ฯ,False,False,True,False,False,True
Kodchasan-ExtraLight,209,ั,True,True,True,False,False,True
Kodchasan-ExtraLight,210,า,False,False,True,False,False,True
Kodchasan-ExtraLight,212,ิ,True,True,True,False,False,True
Kodchasan-ExtraLight,213,ี,True,True,True,False,False,True
Kodchasan-ExtraLight,214,ึ,True,True,True,False,False,True
Kodchasan-ExtraLight,215,ื,True,True,True,False,False,True
Kodchasan-ExtraLight,216,ุ,True,False,True,False,False,True
Kodchasan-ExtraLight,217,ู,True,False,True,False,False,True
Kodchasan-ExtraLight,224,เ,False,False,True,False,False,True
Kodchasan-ExtraLight,225,แ,False,False,True,False,False,True
Kodchasan-ExtraLight,226,โ,False,False,True,False,False,True
Kodchasan-ExtraLight,227,ใ,False,False,True,False,False,True
Kodchasan-ExtraLight,228,ไ,False,False,True,False,False,True
Kodchasan-ExtraLight,229,ๅ,False,False,True,False,False,True
Kodchasan-ExtraLight,230,ๆ,False,False,True,False,False,True
Kodchasan-ExtraLight,231,็,True,True,True,False,False,True
Kodchasan-ExtraLight,232,่,True,True,True,False,False,True
Kodchasan-ExtraLight,233,้,True,True,True,False,False,True
Kodchasan-ExtraLight,234,๊,True,True,True,False,False,True
Kodchasan-ExtraLight,236,์,True,True,True,False,False,True
Kodchasan-ExtraLight,240,๐,False,False,True,False,False,True
Kodchasan-ExtraLight,241,๑,False,False,True,False,False,True
Kodchasan-ExtraLight,242,๒,False,False,True,False,False,True
Kodchasan-ExtraLight,243,๓,False,False,True,False,False,True
Kodchasan-ExtraLight,244,๔,False,False,True,False,False,True
Kodchasan-ExtraLight,245,๕,False,False,True,False,False,True
Kodchasan-ExtraLight,246,๖,False,False,True,False,False,True
Kodchasan-ExtraLight,247,๗,False,False,True,False,False,True
Kodchasan-ExtraLight,248,๘,False,False,True,False,False,True
Kodchasan-ExtraLight,249,๙,False,False,True,False,False,True
Kodchasan-Light,161,ก,False,False,True,False,False,True
Kodchasan-Light,162,ข,False,False,True,False,False,True
Kodchasan-Light,163,ฃ,False,False,True,False,False,True
Kodchasan-Light,164,ค,False,False,True,False,False,True
Kodchasan-Light,167,ง,False,False,True,False,False,True
Kodchasan-Light,168,จ,False,False,True,False,False,True
Kodchasan-Light,169,ฉ,False,False,True,False,False,True
Kodchasan-Light,170,ช,False,False,True,False,False,True
Kodchasan-Light,171,ซ,False,False,True,False,False,True
Kodchasan-Light,173,ญ,False,False,True,False,False,True
Kodchasan-Light,175,ฏ,False,False,True,False,False,True
Kodchasan-Light,176,ฐ,False,False,True,False,False,True
Kodchasan-Light,177,ฑ,False,False,True,False,False,True
Kodchasan-Light,178,ฒ,False,False,True,False,False,True
Kodchasan-Light,179,ณ,False,False,True,False,False,True
Kodchasan-Light,180,ด,False,False,True,False,False,True
Kodchasan-Light,181,ต,False,False,True,False,False,True
Kodchasan-Light,182,ถ,False,False,True,False,False,True
Kodchasan-Light,183,ท,False,False,True,False,False,True
Kodchasan-Light,184,ธ,False,False,True,False,False,True
Kodchasan-Light,185,น,False,False,True,False,False,True
Kodchasan-Light,186,บ,False,False,True,False,False,True
Kodchasan-Light,187,ป,False,False,True,False,False,True
Kodchasan-Light,188,ผ,False,False,True,False,False,True
Kodchasan-Light,189,ฝ,False,False,True,False,False,True
Kodchasan-Light,190,พ,False,False,True,False,False,True
Kodchasan-Light,191,ฟ,False,False,True,False,False,True
Kodchasan-Light,192,ภ,False,False,True,False,False,True
Kodchasan-Light,193,ม,False,False,True,False,False,True
Kodchasan-Light,194,ย,False,False,True,False,False,True
Kodchasan-Light,195,ร,False,False,True,False,False,True
Kodchasan-Light,196,ฤ,False,False,True,False,False,True
Kodchasan-Light,197,ล,False,False,True,False,False,True
Kodchasan-Light,199,ว,False,False,True,False,False,True
Kodchasan-Light,200,ศ,False,False,True,False,False,True
Kodchasan-Light,201,ษ,False,False,True,False,False,True
Kodchasan-Light,202,ส,False,False,True,False,False,True
Kodchasan-Light,203,ห,False,False,True,False,False,True
Kodchasan-Light,204,ฬ,False,False,True,False,False,True
Kodchasan-Light,205,อ,False,False,True,False,False,True
Kodchasan-Light,206,ฮ,False,False,True,False,False,True
Kodchasan-Light,207,ฯ,False,False,True,False,False,True
Kodchasan-Light,209,ั,True,True,True,False,False,True
Kodchasan-Light,210,า,False,False,True,False,False,True
Kodchasan-Light,212,ิ,True,True,True,False,False,True
Kodchasan-Light,213,ี,True,True,True,False,False,True
Kodchasan-Light,214,ึ,True,True,True,False,False,True
Kodchasan-Light,215,ื,True,True,True,False,False,True
Kodchasan-Light,216,ุ,True,False,True,False,False,True
Kodchasan-Light,217,ู,True,False,True,False,False,True
Kodchasan-Light,224,เ,False,False,True,False,False,True
Kodchasan-Light,225,แ,False,False,True,False,False,True
Kodchasan-Light,226,โ,False,False,True,False,False,True
Kodchasan-Light,227,ใ,False,False,True,False,False,True
Kodchasan-Light,228,ไ,False,False,True,False,False,True
Kodchasan-Light,229,ๅ,False,False,True,False,False,True
Kodchasan-Light,230,ๆ,False,False,True,False,False,True
Kodchasan-Light,231,็,True,True,True,False,False,True
Kodchasan-Light,232,่,True,True,True,False,False,True
Kodchasan-Light,233,้,True,True,True,False,False,True
Kodchasan-Light,234,๊,True,True,True,False,False,True
Kodchasan-Light,236,์,True,True,True,False,False,True
Kodchasan-Light,240,๐,False,False,True,False,False,True
Kodchasan-Light,241,๑,False,False,True,False,False,True
Kodchasan-Light,242,๒,False,False,True,False,False,True
Kodchasan-Light,243,๓,False,False,True,False,False,True
Kodchasan-Light,244,๔,False,False,True,False,False,True
Kodchasan-Light,245,๕,False,False,True,False,False,True
Kodchasan-Light,246,๖,False,False,True,False,False,True
Kodchasan-Light,247,๗,False,False,True,False,False,True
Kodchasan-Light,248,๘,False,False,True,False,False,True
Kodchasan-Light,249,๙,False,False,True,False,False,True
Kodchasan-Medium,161,ก,False,False,True,False,False,True
Kodchasan-Medium,162,ข,False,False,True,False,False,True
Kodchasan-Medium,163,ฃ,False,False,True,False,False,True
Kodchasan-Medium,164,ค,False,False,True,False,False,True
Kodchasan-Medium,167,ง,False,False,True,False,False,True
Kodchasan-Medium,168,จ,False,False,True,False,False,True
Kodchasan-Medium,169,ฉ,False,False,True,False,False,True
Kodchasan-Medium,170,ช,False,False,True,False,False,True
Kodchasan-Medium,171,ซ,False,False,True,False,False,True
Kodchasan-Medium,173,ญ,False,False,True,False,False,True
Kodchasan-Medium,175,ฏ,False,False,True,False,False,True
Kodchasan-Medium,176,ฐ,False,False,True,False,False,True
Kodchasan-Medium,177,ฑ,False,False,True,False,False,True
Kodchasan-Medium,178,ฒ,False,False,True,False,False,True
Kodchasan-Medium,179,ณ,False,False,True,False,False,True
Kodchasan-Medium,180,ด,False,False,True,False,False,True
Kodchasan-Medium,181,ต,False,False,True,False,False,True
Kodchasan-Medium,182,ถ,False,False,True,False,False,True
Kodchasan-Medium,183,ท,False,False,True,False,False,True
Kodchasan-Medium,184,ธ,False,False,True,False,False,True
Kodchasan-Medium,185,น,False,False,True,False,False,True
Kodchasan-Medium,186,บ,False,False,True,False,False,True
Kodchasan-Medium,187,ป,False,False,True,False,False,True
Kodchasan-Medium,188,ผ,False,False,True,False,False,True
Kodchasan-Medium,189,ฝ,False,False,True,False,False,True
Kodchasan-Medium,190,พ,False,False,True,False,False,True
Kodchasan-Medium,191,ฟ,False,False,True,False,False,True
Kodchasan-Medium,192,ภ,False,False,True,False,False,True
Kodchasan-Medium,193,ม,False,False,True,False,False,True
Kodchasan-Medium,194,ย,False,False,True,False,False,True
Kodchasan-Medium,195,ร,False,False,True,False,False,True
Kodchasan-Medium,196,ฤ,False,False,True,False,False,True
Kodchasan-Medium,197,ล,False,False,True,False,False,True
Kodchasan-Medium,199,ว,False,False,True,False,False,True
Kodchasan-Medium,200,ศ,False,False,True,False,False,True
Kodchasan-Medium,201,ษ,False,False,True,False,False,True
Kodchasan-Medium,202,ส,False,False,True,False,False,True
Kodchasan-Medium,203,ห,False,False,True,False,False,True
Kodchasan-Medium,204,ฬ,False,False,True,False,False,True
Kodchasan-Medium,205,อ,False,False,True,False,False,True
Kodchasan-Medium,206,ฮ,False,False,True,False,False,True
Kodchasan-Medium,207,ฯ,False,False,True,False,False,True
Kodchasan-Medium,209,ั,True,True,True,False,False,True
Kodchasan-Medium,210,า,False,False,True,False,False,True
Kodchasan-Medium,212,ิ,True,True,True,False,False,True
Kodchasan-Medium,213,ี,True,True,True,False,False,True
Kodchasan-Medium,214,ึ,True,True,True,False,False,True
Kodchasan-Medium,215,ื,True,True,True,False,False,True
Kodchasan-Medium,216,ุ,True,False,True,False,False,True
Kodchasan-Medium,217,ู,True,False,True,False,False,True
Kodchasan-Medium,224,เ,False,False,True,False,False,True
Kodchasan-Medium,225,แ,False,False,True,False,False,True
Kodchasan-Medium,226,โ,False,False,True,False,False,True
Kodchasan-Medium,227,ใ,False,False,True,False,False,True
Kodchasan-Medium,228,ไ,False,False,True,False,False,True
Kodchasan-Medium,229,ๅ,False,False,True,False,False,True
Kodchasan-Medium,230,ๆ,False,False,True,False,False,True
Kodchasan-Medium,231,็,True,True,True,False,False,True
Kodchasan-Medium,232,่,True,True,True,False,False,True
Kodchasan-Medium,233,้,True,True,True,False,False,True
Kodchasan-Medium,234,๊,True,True,True,False,False,True
Kodchasan-Medium,236,์,True,True,True,False,False,True
Kodchasan-Medium,240,๐,False,False,True,False,False,True
Kodchasan-Medium,241,๑,False,False,True,False,False,True
Kodchasan-Medium,242,๒,False,False,True,False,False,True
Kodchasan-Medium,243,๓,False,False,True,False,False,True
Kodchasan-Medium,244,๔,False,False,True,False,False,True
Kodchasan-Medium,245,๕,False,False,True,False,False,True
Kodchasan-Medium,246,๖,False,False,True,False,False,True
Kodchasan-Medium,247,๗,False,False,True,False,False,True
Kodchasan-Medium,248,๘,False,False,True,False,False,True
Kodchasan-Medium,249,๙,False,False,True,False,False,True
Kodchasan-Regular,161,ก,False,False,True,False,False,True
Kodchasan-Regular,162,ข,False,False,True,False,False,True
Kodchasan-Regular,163,ฃ,False,False,True,False,False,True
Kodchasan-Regular,164,ค,False,False,True,False,False,True
Kodchasan-Regular,167,ง,False,False,True,False,False,True
Kodchasan-Regular,168,จ,False,False,True,False,False,True
Kodchasan-Regular,169,ฉ,False,False,True,False,False,True
Kodchasan-Regular,170,ช,False,False,True,False,False,True
Kodchasan-Regular,171,ซ,False,False,True,False,False,True
Kodchasan-Regular,173,ญ,False,False,True,False,False,True
Kodchasan-Regular,175,ฏ,False,False,True,False,False,True
Kodchasan-Regular,176,ฐ,False,False,True,False,False,True
Kodchasan-Regular,177,ฑ,False,False,True,False,False,True
Kodchasan-Regular,178,ฒ,False,False,True,False,False,True
Kodchasan-Regular,179,ณ,False,False,True,False,False,True
Kodchasan-Regular,180,ด,False,False,True,False,False,True
Kodchasan-Regular,181,ต,False,False,True,False,False,True
Kodchasan-Regular,182,ถ,False,False,True,False,False,True
Kodchasan-Regular,183,ท,False,False,True,False,False,True
Kodchasan-Regular,184,ธ,False,False,True,False,False,True
Kodchasan-Regular,185,น,False,False,True,False,False,True
Kodchasan-Regular,186,บ,False,False,True,False,False,True
Kodchasan-Regular,187,ป,False,False,True,False,False,True
Kodchasan-Regular,188,ผ,False,False,True,False,False,True
Kodchasan-Regular,189,ฝ,False,False,True,False,False,True
Kodchasan-Regular,190,พ,False,False,True,False,False,True
Kodchasan-Regular,191,ฟ,False,False,True,False,False,True
Kodchasan-Regular,192,ภ,False,False,True,False,False,True
Kodchasan-Regular,193,ม,False,False,True,False,False,True
Kodchasan-Regular,194,ย,False,False,True,False,False,True
Kodchasan-Regular,195,ร,False,False,True,False,False,True
Kodchasan-Regular,196,ฤ,False,False,True,False,False,True
Kodchasan-Regular,197,ล,False,False,True,False,False,True
Kodchasan-Regular,199,ว,False,False,True,False,False,True
Kodchasan-Regular,200,ศ,False,False,True,False,False,True
Kodchasan-Regular,201,ษ,False,False,True,False,False,True
Kodchasan-Regular,202,ส,False,False,True,False,False,True
Kodchasan-Regular,203,ห,False,False,True,False,False,True
Kodchasan-Regular,204,ฬ,False,False,True,False,False,True
Kodchasan-Regular,205,อ,False,False,True,False,False,True
Kodchasan-Regular,206,ฮ,False,False,True,False,False,True
Kodchasan-Regular,207,ฯ,False,False,True,False,False,True
Kodchasan-Regular,209,ั,True,True,True,False,False,True
Kodchasan-Regular,210,า,False,False,True,False,False,True
Kodchasan-Regular,212,ิ,True,True,True,False,False,True
Kodchasan-Regular,213,ี,True,True,True,False,False,True
Kodchasan-Regular,214,ึ,True,True,True,False,False,True
Kodchasan-Regular,215,ื,True,True,True,False,False,True
Kodchasan-Regular,216,ุ,True,False,True,False,False,True
Kodchasan-Regular,217,ู,True,False,True,False,False,True
Kodchasan-Regular,224,เ,False,False,True,False,False,True
Kodchasan-Regular,225,แ,False,False,True,False,False,True
Kodchasan-Regular,226,โ,False,False,True,False,False,True
Kodchasan-Regular,227,ใ,False,False,True,False,False,True
Kodchasan-Regular,228,ไ,False,False,True,False,False,True
Kodchasan-Regular,229,ๅ,False,False,True,False,False,True
Kodchasan-Regular,230,ๆ,False,False,True,False,False,True
Kodchasan-Regular,231,็,True,True,True,False,False,True
Kodchasan-Regular,232,่,True,True,True,False,False,True
Kodchasan-Regular,233,้,True,True,True,False,False,True
Kodchasan-Regular,234,๊,True,True,True,False,False,True
Kodchasan-Regular,236,์,True,True,True,False,False,True
Kodchasan-Regular,240,๐,False,False,True,False,False,True
Kodchasan-Regular,241,๑,False,False,True,False,False,True
Kodchasan-Regular,242,๒,False,False,True,False,False,True
Kodchasan-Regular,243,๓,False,False,True,False,False,True
Kodchasan-Regular,244,๔,False,False,True,False,False,True
Kodchasan-Regular,245,๕,False,False,True,False,False,True
Kodchasan-Regular,246,๖,False,False,True,False,False,True
Kodchasan-Regular,247,๗,False,False,True,False,False,True
Kodchasan-Regular,248,๘,False,False,True,False,False,True
Kodchasan-Regular,249,๙,False,False,True,False,False,True
Kodchasan-SemiBold,161,ก,False,False,True,False,False,True
Kodchasan-SemiBold,162,ข,False,False,True,False,False,True
Kodchasan-SemiBold,163,ฃ,False,False,True,False,False,True
Kodchasan-SemiBold,164,ค,False,False,True,False,False,True
Kodchasan-SemiBold,167,ง,False,False,True,False,False,True
Kodchasan-SemiBold,168,จ,False,False,True,False,False,True
Kodchasan-SemiBold,169,ฉ,False,False,True,False,False,True
Kodchasan-SemiBold,170,ช,False,False,True,False,False,True
Kodchasan-SemiBold,171,ซ,False,False,True,False,False,True
Kodchasan-SemiBold,173,ญ,False,False,True,False,False,True
Kodchasan-SemiBold,175,ฏ,False,False,True,False,False,True
Kodchasan-SemiBold,176,ฐ,False,False,True,False,False,True
Kodchasan-SemiBold,177,ฑ,False,False,True,False,False,True
Kodchasan-SemiBold,178,ฒ,False,False,True,False,False,True
Kodchasan-SemiBold,179,ณ,False,False,True,False,False,True
Kodchasan-SemiBold,180,ด,False,False,True,False,False,True
Kodchasan-SemiBold,181,ต,False,False,True,False,False,True
Kodchasan-SemiBold,182,ถ,False,False,True,False,False,True
Kodchasan-SemiBold,183,ท,False,False,True,False,False,True
Kodchasan-SemiBold,184,ธ,False,False,True,False,False,True
Kodchasan-SemiBold,185,น,False,False,True,False,False,True
Kodchasan-SemiBold,186,บ,False,False,True,False,False,True
Kodchasan-SemiBold,187,ป,False,False,True,False,False,True
Kodchasan-SemiBold,188,ผ,False,False,True,False,False,True
Kodchasan-SemiBold,189,ฝ,False,False,True,False,False,True
Kodchasan-SemiBold,190,พ,False,False,True,False,False,True
Kodchasan-SemiBold,191,ฟ,False,False,True,False,False,True
Kodchasan-SemiBold,192,ภ,False,False,True,False,False,True
Kodchasan-SemiBold,193,ม,False,False,True,False,False,True
Kodchasan-SemiBold,194,ย,False,False,True,False,False,True
Kodchasan-SemiBold,195,ร,False,False,True,False,False,True
Kodchasan-SemiBold,196,ฤ,False,False,True,False,False,True
Kodchasan-SemiBold,197,ล,False,False,True,False,False,True
Kodchasan-SemiBold,199,ว,False,False,True,False,False,True
Kodchasan-SemiBold,200,ศ,False,False,True,False,False,True
Kodchasan-SemiBold,201,ษ,False,False,True,False,False,True
Kodchasan-SemiBold,202,ส,False,False,True,False,False,True
Kodchasan-SemiBold,203,ห,False,False,True,False,False,True
Kodchasan-SemiBold,204,ฬ,False,False,True,False,False,True
Kodchasan-SemiBold,205,อ,False,False,True,False,False,True
Kodchasan-SemiBold,206,ฮ,False,False,True,False,False,True
Kodchasan-SemiBold,207,ฯ,False,False,True,False,False,True
Kodchasan-SemiBold,209,ั,True,True,True,False,False,True
Kodchasan-SemiBold,210,า,False,False,True,False,False,True
Kodchasan-SemiBold,212,ิ,True,True,True,False,False,True
Kodchasan-SemiBold,213,ี,True,True,True,False,False,True
Kodchasan-SemiBold,214,ึ,True,True,True,False,False,True
Kodchasan-SemiBold,215,ื,True,True,True,False,False,True
Kodchasan-SemiBold,216,ุ,True,False,True,False,False,True
Kodchasan-SemiBold,217,ู,True,False,True,False,False,True
Kodchasan-SemiBold,224,เ,False,False,True,False,False,True
Kodchasan-SemiBold,225,แ,False,False,True,False,False,True
Kodchasan-SemiBold,226,โ,False,False,True,False,False,True
Kodchasan-SemiBold,227,ใ,False,False,True,False,False,True
Kodchasan-SemiBold,228,ไ,False,False,True,False,False,True
Kodchasan-SemiBold,229,ๅ,False,False,True,False,False,True
Kodchasan-SemiBold,230,ๆ,False,False,True,False,False,True
Kodchasan-SemiBold,231,็,True,True,True,False,False,True
Kodchasan-SemiBold,232,่,True,True,True,False,False,True
Kodchasan-SemiBold,233,้,True,True,True,False,False,True
Kodchasan-SemiBold,234,๊,True,True,True,False,False,True
Kodchasan-SemiBold,236,์,True,True,True,False,False,True
Kodchasan-SemiBold,240,๐,False,False,True,False,False,True
Kodchasan-SemiBold,241,๑,False,False,True,False,False,True
Kodchasan-SemiBold,242,๒,False,False,True,False,False,True
Kodchasan-SemiBold,243,๓,False,False,True,False,False,True
Kodchasan-SemiBold,244,๔,False,False,True,False,False,True
Kodchasan-SemiBold,245,๕,False,False,True,False,False,True
Kodchasan-SemiBold,246,๖,False,False,True,False,False,True
Kodchasan-SemiBold,247,๗,False,False,True,False,False,True
Kodchasan-SemiBold,248,๘,False,False,True,False,False,True
Kodchasan-SemiBold,249,๙,False,False,True,False,False,True
Krub-Bold,161,ก,False,False,True,False,False,True
Krub-Bold,162,ข,False,False,True,False,False,True
Krub-Bold,163,ฃ,False,False,True,False,False,True
Krub-Bold,164,ค,False,False,True,False,False,True
Krub-Bold,167,ง,False,False,True,False,False,True
Krub-Bold,168,จ,False,False,True,False,False,True
Krub-Bold,169,ฉ,False,False,True,False,False,True
Krub-Bold,170,ช,False,False,True,False,False,True
Krub-Bold,171,ซ,False,False,True,False,False,True
Krub-Bold,173,ญ,False,False,True,False,False,True
Krub-Bold,175,ฏ,False,False,True,False,False,True
Krub-Bold,176,ฐ,False,False,True,False,False,True
Krub-Bold,177,ฑ,False,False,True,False,False,True
Krub-Bold,178,ฒ,False,False,True,False,False,True
Krub-Bold,179,ณ,False,False,True,False,False,True
Krub-Bold,180,ด,False,False,True,False,False,True
Krub-Bold,181,ต,False,False,True,False,False,True
Krub-Bold,182,ถ,False,False,True,False,False,True
Krub-Bold,183,ท,False,False,True,False,False,True
Krub-Bold,184,ธ,False,False,True,False,False,True
Krub-Bold,185,น,False,False,True,False,False,True
Krub-Bold,186,บ,False,False,True,False,False,True
Krub-Bold,187,ป,False,False,True,False,False,True
Krub-Bold,188,ผ,False,False,True,False,False,True
Krub-Bold,189,ฝ,False,False,True,False,False,True
Krub-Bold,190,พ,False,False,True,False,False,True
Krub-Bold,191,ฟ,False,False,True,False,False,True
Krub-Bold,192,ภ,False,False,True,False,False,True
Krub-Bold,193,ม,False,False,True,False,False,True
Krub-Bold,194,ย,False,False,True,False,False,True
Krub-Bold,195,ร,False,False,True,False,False,True
Krub-Bold,196,ฤ,False,False,True,False,False,True
Krub-Bold,197,ล,False,False,True,False,False,True
Krub-Bold,199,ว,False,False,True,False,False,True
Krub-Bold,200,ศ,False,False,True,False,False,True
Krub-Bold,201,ษ,False,False,True,False,False,True
Krub-Bold,202,ส,False,False,True,False,False,True
Krub-Bold,203,ห,False,False,True,False,False,True
Krub-Bold,204,ฬ,False,False,True,False,False,True
Krub-Bold,205,อ,False,False,True,False,False,True
Krub-Bold,206,ฮ,False,False,True,False,False,True
Krub-Bold,207,ฯ,False,False,True,False,False,True
Krub-Bold,209,ั,True,True,True,False,False,True
Krub-Bold,210,า,False,False,True,False,False,True
Krub-Bold,212,ิ,True,True,True,False,False,True
Krub-Bold,213,ี,True,True,True,False,False,True
Krub-Bold,214,ึ,True,True,True,False,False,True
Krub-Bold,215,ื,True,True,True,False,False,True
Krub-Bold,216,ุ,True,False,True,False,False,True
Krub-Bold,217,ู,True,False,True,False,False,True
Krub-Bold,224,เ,False,False,True,False,False,True
Krub-Bold,225,แ,False,False,True,False,False,True
Krub-Bold,226,โ,False,False,True,False,False,True
Krub-Bold,227,ใ,False,False,True,False,False,True
Krub-Bold,228,ไ,False,False,True,False,False,True
Krub-Bold,229,ๅ,False,False,True,False,False,True
Krub-Bold,230,ๆ,False,False,True,False,False,True
Krub-Bold,231,็,True,True,True,False,False,True
Krub-Bold,232,่,True,True,True,False,False,True
Krub-Bold,233,้,True,True,True,False,False,True
Krub-Bold,234,๊,True,True,True,False,False,True
Krub-Bold,236,์,True,True,True,False,False,True
Krub-Bold,240,๐,False,False,True,False,False,True
Krub-Bold,241,๑,False,False,True,False,False,True
Krub-Bold,242,๒,False,False,True,False,False,True
Krub-Bold,243,๓,False,False,True,False,False,True
Krub-Bold,244,๔,False,False,True,False,False,True
Krub-Bold,245,๕,False,False,True,False,False,True
Krub-Bold,246,๖,False,False,True,False,False,True
Krub-Bold,247,๗,False,False,True,False,False,True
Krub-Bold,248,๘,False,False,True,False,False,True
Krub-Bold,249,๙,False,False,True,False,False,True
Krub-ExtraLight,161,ก,False,False,True,False,False,True
Krub-ExtraLight,162,ข,False,False,True,False,False,True
Krub-ExtraLight,163,ฃ,False,False,True,False,False,True
Krub-ExtraLight,164,ค,False,False,True,False,False,True
Krub-ExtraLight,167,ง,False,False,True,False,False,True
Krub-ExtraLight,168,จ,False,False,True,False,False,True
Krub-ExtraLight,169,ฉ,False,False,True,False,False,True
Krub-ExtraLight,170,ช,False,False,True,False,False,True
Krub-ExtraLight,171,ซ,False,False,True,False,False,True
Krub-ExtraLight,173,ญ,False,False,True,False,False,True
Krub-ExtraLight,175,ฏ,False,False,True,False,False,True
Krub-ExtraLight,176,ฐ,False,False,True,False,False,True
Krub-ExtraLight,177,ฑ,False,False,True,False,False,True
Krub-ExtraLight,178,ฒ,False,False,True,False,False,True
Krub-ExtraLight,179,ณ,False,False,True,False,False,True
Krub-ExtraLight,180,ด,False,False,True,False,False,True
Krub-ExtraLight,181,ต,False,False,True,False,False,True
Krub-ExtraLight,182,ถ,False,False,True,False,False,True
Krub-ExtraLight,183,ท,False,False,True,False,False,True
Krub-ExtraLight,184,ธ,False,False,True,False,False,True
Krub-ExtraLight,185,น,False,False,True,False,False,True
Krub-ExtraLight,186,บ,False,False,True,False,False,True
Krub-ExtraLight,187,ป,False,False,True,False,False,True
Krub-ExtraLight,188,ผ,False,False,True,False,False,True
Krub-ExtraLight,189,ฝ,False,False,True,False,False,True
Krub-ExtraLight,190,พ,False,False,True,False,False,True
Krub-ExtraLight,191,ฟ,False,False,True,False,False,True
Krub-ExtraLight,192,ภ,False,False,True,False,False,True
Krub-ExtraLight,193,ม,False,False,True,False,False,True
Krub-ExtraLight,194,ย,False,False,True,False,False,True
Krub-ExtraLight,195,ร,False,False,True,False,False,True
Krub-ExtraLight,196,ฤ,False,False,True,False,False,True
Krub-ExtraLight,197,ล,False,False,True,False,False,True
Krub-ExtraLight,199,ว,False,False,True,False,False,True
Krub-ExtraLight,200,ศ,False,False,True,False,False,True
Krub-ExtraLight,201,ษ,False,False,True,False,False,True
Krub-ExtraLight,202,ส,False,False,True,False,False,True
Krub-ExtraLight,203,ห,False,False,True,False,False,True
Krub-ExtraLight,204,ฬ,False,False,True,False,False,True
Krub-ExtraLight,205,อ,False,False,True,False,False,True
Krub-ExtraLight,206,ฮ,False,False,True,False,False,True
Krub-ExtraLight,207,ฯ,False,False,True,False,False,True
Krub-ExtraLight,209,ั,True,True,True,False,False,True
Krub-ExtraLight,210,า,False,False,True,False,False,True
Krub-ExtraLight,212,ิ,True,True,True,False,False,True
Krub-ExtraLight,213,ี,True,True,True,False,False,True
Krub-ExtraLight,214,ึ,True,True,True,False,False,True
Krub-ExtraLight,215,ื,True,True,True,False,False,True
Krub-ExtraLight,216,ุ,True,False,True,False,False,True
Krub-ExtraLight,217,ู,True,False,True,False,False,True
Krub-ExtraLight,224,เ,False,False,True,False,False,True
Krub-ExtraLight,225,แ,False,False,True,False,False,True
Krub-ExtraLight,226,โ,False,False,True,False,False,True
Krub-ExtraLight,227,ใ,False,False,True,False,False,True
Krub-ExtraLight,228,ไ,False,False,True,False,False,True
Krub-ExtraLight,229,ๅ,False,False,True,False,False,True
Krub-ExtraLight,230,ๆ,False,False,True,False,False,True
Krub-ExtraLight,231,็,True,True,True,False,False,True
Krub-ExtraLight,232,่,True,True,True,False,False,True
Krub-ExtraLight,233,้,True,True,True,False,False,True
Krub-ExtraLight,234,๊,True,True,True,False,False,True
Krub-ExtraLight,236,์,True,True,True,False,False,True
Krub-ExtraLight,240,๐,False,False,True,False,False,True
Krub-ExtraLight,241,๑,False,False,True,False,False,True
Krub-ExtraLight,242,๒,False,False,True,False,False,True
Krub-ExtraLight,243,๓,False,False,True,False,False,True
Krub-ExtraLight,244,๔,False,False,True,False,False,True
Krub-ExtraLight,245,๕,False,False,True,False,False,True
Krub-ExtraLight,246,๖,False,False,True,False,False,True
Krub-ExtraLight,247,๗,False,False,True,False,False,True
Krub-ExtraLight,248,๘,False,False,True,False,False,True
Krub-ExtraLight,249,๙,False,False,True,False,False,True
Krub-Light,161,ก,False,False,True,False,False,True
Krub-Light,162,ข,False,False,True,False,False,True
Krub-Light,163,ฃ,False,False,True,False,False,True
Krub-Light,164,ค,False,False,True,False,False,True
Krub-Light,167,ง,False,False,True,False,False,True
Krub-Light,168,จ,False,False,True,False,False,True
Krub-Light,169,ฉ,False,False,True,False,False,True
Krub-Light,170,ช,False,False,True,False,False,True
Krub-Light,171,ซ,False,False,True,False,False,True
Krub-Light,173,ญ,False,False,True,False,False,True
Krub-Light,175,ฏ,False,False,True,False,False,True
Krub-Light,176,ฐ,False,False,True,False,False,True
Krub-Light,177,ฑ,False,False,True,False,False,True
Krub-Light,178,ฒ,False,False,True,False,False,True
Krub-Light,179,ณ,False,False,True,False,False,True
Krub-Light,180,ด,False,False,True,False,False,True
Krub-Light,181,ต,False,False,True,False,False,True
Krub-Light,182,ถ,False,False,True,False,False,True
Krub-Light,183,ท,False,False,True,False,False,True
Krub-Light,184,ธ,False,False,True,False,False,True
Krub-Light,185,น,False,False,True,False,False,True
Krub-Light,186,บ,False,False,True,False,False,True
Krub-Light,187,ป,False,False,True,False,False,True
Krub-Light,188,ผ,False,False,True,False,False,True
Krub-Light,189,ฝ,False,False,True,False,False,True
Krub-Light,190,พ,False,False,True,False,False,True
Krub-Light,191,ฟ,False,False,True,False,False,True
Krub-Light,192,ภ,False,False,True,False,False,True
Krub-Light,193,ม,False,False,True,False,False,True
Krub-Light,194,ย,False,False,True,False,False,True
Krub-Light,195,ร,False,False,True,False,False,True
Krub-Light,196,ฤ,False,False,True,False,False,True
Krub-Light,197,ล,False,False,True,False,False,True
Krub-Light,199,ว,False,False,True,False,False,True
Krub-Light,200,ศ,False,False,True,False,False,True
Krub-Light,201,ษ,False,False,True,False,False,True
Krub-Light,202,ส,False,False,True,False,False,True
Krub-Light,203,ห,False,False,True,False,False,True
Krub-Light,204,ฬ,False,False,True,False,False,True
Krub-Light,205,อ,False,False,True,False,False,True
Krub-Light,206,ฮ,False,False,True,False,False,True
Krub-Light,207,ฯ,False,False,True,False,False,True
Krub-Light,209,ั,True,True,True,False,False,True
Krub-Light,210,า,False,False,True,False,False,True
Krub-Light,212,ิ,True,True,True,False,False,True
Krub-Light,213,ี,True,True,True,False,False,True
Krub-Light,214,ึ,True,True,True,False,False,True
Krub-Light,215,ื,True,True,True,False,False,True
Krub-Light,216,ุ,True,False,True,False,False,True
Krub-Light,217,ู,True,False,True,False,False,True
Krub-Light,224,เ,False,False,True,False,False,True
Krub-Light,225,แ,False,False,True,False,False,True
Krub-Light,226,โ,False,False,True,False,False,True
Krub-Light,227,ใ,False,False,True,False,False,True
Krub-Light,228,ไ,False,False,True,False,False,True
Krub-Light,229,ๅ,False,False,True,False,False,True
Krub-Light,230,ๆ,False,False,True,False,False,True
Krub-Light,231,็,True,True,True,False,False,True
Krub-Light,232,่,True,True,True,False,False,True
Krub-Light,233,้,True,True,True,False,False,True
Krub-Light,234,๊,True,True,True,False,False,True
Krub-Light,236,์,True,True,True,False,False,True
Krub-Light,240,๐,False,False,True,False,False,True
Krub-Light,241,๑,False,False,True,False,False,True
Krub-Light,242,๒,False,False,True,False,False,True
Krub-Light,243,๓,False,False,True,False,False,True
Krub-Light,244,๔,False,False,True,False,False,True
Krub-Light,245,๕,False,False,True,False,False,True
Krub-Light,246,๖,False,False,True,False,False,True
Krub-Light,247,๗,False,False,True,False,False,True
Krub-Light,248,๘,False,False,True,False,False,True
Krub-Light,249,๙,False,False,True,False,False,True
Krub-Medium,161,ก,False,False,True,False,False,True
Krub-Medium,162,ข,False,False,True,False,False,True
Krub-Medium,163,ฃ,False,False,True,False,False,True
Krub-Medium,164,ค,False,False,True,False,False,True
Krub-Medium,167,ง,False,False,True,False,False,True
Krub-Medium,168,จ,False,False,True,False,False,True
Krub-Medium,169,ฉ,False,False,True,False,False,True
Krub-Medium,170,ช,False,False,True,False,False,True
Krub-Medium,171,ซ,False,False,True,False,False,True
Krub-Medium,173,ญ,False,False,True,False,False,True
Krub-Medium,175,ฏ,False,False,True,False,False,True
Krub-Medium,176,ฐ,False,False,True,False,False,True
Krub-Medium,177,ฑ,False,False,True,False,False,True
Krub-Medium,178,ฒ,False,False,True,False,False,True
Krub-Medium,179,ณ,False,False,True,False,False,True
Krub-Medium,180,ด,False,False,True,False,False,True
Krub-Medium,181,ต,False,False,True,False,False,True
Krub-Medium,182,ถ,False,False,True,False,False,True
Krub-Medium,183,ท,False,False,True,False,False,True
Krub-Medium,184,ธ,False,False,True,False,False,True
Krub-Medium,185,น,False,False,True,False,False,True
Krub-Medium,186,บ,False,False,True,False,False,True
Krub-Medium,187,ป,False,False,True,False,False,True
Krub-Medium,188,ผ,False,False,True,False,False,True
Krub-Medium,189,ฝ,False,False,True,False,False,True
Krub-Medium,190,พ,False,False,True,False,False,True
Krub-Medium,191,ฟ,False,False,True,False,False,True
Krub-Medium,192,ภ,False,False,True,False,False,True
Krub-Medium,193,ม,False,False,True,False,False,True
Krub-Medium,194,ย,False,False,True,False,False,True
Krub-Medium,195,ร,False,False,True,False,False,True
Krub-Medium,196,ฤ,False,False,True,False,False,True
Krub-Medium,197,ล,False,False,True,False,False,True
Krub-Medium,199,ว,False,False,True,False,False,True
Krub-Medium,200,ศ,False,False,True,False,False,True
Krub-Medium,201,ษ,False,False,True,False,False,True
Krub-Medium,202,ส,False,False,True,False,False,True
Krub-Medium,203,ห,False,False,True,False,False,True
Krub-Medium,204,ฬ,False,False,True,False,False,True
Krub-Medium,205,อ,False,False,True,False,False,True
Krub-Medium,206,ฮ,False,False,True,False,False,True
Krub-Medium,207,ฯ,False,False,True,False,False,True
Krub-Medium,209,ั,True,True,True,False,False,True
Krub-Medium,210,า,False,False,True,False,False,True
Krub-Medium,212,ิ,True,True,True,False,False,True
Krub-Medium,213,ี,True,True,True,False,False,True
Krub-Medium,214,ึ,True,True,True,False,False,True
Krub-Medium,215,ื,True,True,True,False,False,True
Krub-Medium,216,ุ,True,False,True,False,False,True
Krub-Medium,217,ู,True,False,True,False,False,True
Krub-Medium,224,เ,False,False,True,False,False,True
Krub-Medium,225,แ,False,False,True,False,False,True
Krub-Medium,226,โ,False,False,True,False,False,True
Krub-Medium,227,ใ,False,False,True,False,False,True
Krub-Medium,228,ไ,False,False,True,False,False,True
Krub-Medium,229,ๅ,False,False,True,False,False,True
Krub-Medium,230,ๆ,False,False,True,False,False,True
Krub-Medium,231,็,True,True,True,False,False,True
Krub-Medium,232,่,True,True,True,False,False,True
Krub-Medium,233,้,True,True,True,False,False,True
Krub-Medium,234,๊,True,True,True,False,False,True
Krub-Medium,236,์,True,True,True,False,False,True
Krub-Medium,240,๐,False,False,True,False,False,True
Krub-Medium,241,๑,False,False,True,False,False,True
Krub-Medium,242,๒,False,False,True,False,False,True
Krub-Medium,243,๓,False,False,True,False,False,True
Krub-Medium,244,๔,False,False,True,False,False,True
Krub-Medium,245,๕,False,False,True,False,False,True
Krub-Medium,246,๖,False,False,True,False,False,True
Krub-Medium,247,๗,False,False,True,False,False,True
Krub-Medium,248,๘,False,False,True,False,False,True
Krub-Medium,249,๙,False,False,True,False,False,True
Krub-Regular,161,ก,False,False,True,False,False,True
Krub-Regular,162,ข,False,False,True,False,False,True
Krub-Regular,163,ฃ,False,False,True,False,False,True
Krub-Regular,164,ค,False,False,True,False,False,True
Krub-Regular,167,ง,False,False,True,False,False,True
Krub-Regular,168,จ,False,False,True,False,False,True
Krub-Regular,169,ฉ,False,False,True,False,False,True
Krub-Regular,170,ช,False,False,True,False,False,True
Krub-Regular,171,ซ,False,False,True,False,False,True
Krub-Regular,173,ญ,False,False,True,False,False,True
Krub-Regular,175,ฏ,False,False,True,False,False,True
Krub-Regular,176,ฐ,False,False,True,False,False,True
Krub-Regular,177,ฑ,False,False,True,False,False,True
Krub-Regular,178,ฒ,False,False,True,False,False,True
Krub-Regular,179,ณ,False,False,True,False,False,True
Krub-Regular,180,ด,False,False,True,False,False,True
Krub-Regular,181,ต,False,False,True,False,False,True
Krub-Regular,182,ถ,False,False,True,False,False,True
Krub-Regular,183,ท,False,False,True,False,False,True
Krub-Regular,184,ธ,False,False,True,False,False,True
Krub-Regular,185,น,False,False,True,False,False,True
Krub-Regular,186,บ,False,False,True,False,False,True
Krub-Regular,187,ป,False,False,True,False,False,True
Krub-Regular,188,ผ,False,False,True,False,False,True
Krub-Regular,189,ฝ,False,False,True,False,False,True
Krub-Regular,190,พ,False,False,True,False,False,True
Krub-Regular,191,ฟ,False,False,True,False,False,True
Krub-Regular,192,ภ,False,False,True,False,False,True
Krub-Regular,193,ม,False,False,True,False,False,True
Krub-Regular,194,ย,False,False,True,False,False,True
Krub-Regular,195,ร,False,False,True,False,False,True
Krub-Regular,196,ฤ,False,False,True,False,False,True
Krub-Regular,197,ล,False,False,True,False,False,True
Krub-Regular,199,ว,False,False,True,False,False,True
Krub-Regular,200,ศ,False,False,True,False,False,True
Krub-Regular,201,ษ,False,False,True,False,False,True
Krub-Regular,202,ส,False,False,True,False,False,True
Krub-Regular,203,ห,False,False,True,False,False,True
Krub-Regular,204,ฬ,False,False,True,False,False,True
Krub-Regular,205,อ,False,False,True,False,False,True
Krub-Regular,206,ฮ,False,False,True,False,False,True
Krub-Regular,207,ฯ,False,False,True,False,False,True
Krub-Regular,209,ั,True,True,True,False,False,True
Krub-Regular,210,า,False,False,True,False,False,True
Krub-Regular,212,ิ,True,True,True,False,False,True
Krub-Regular,213,ี,True,True,True,False,False,True
Krub-Regular,214,ึ,True,True,True,False,False,True
Krub-Regular,215,ื,True,True,True,False,False,True
Krub-Regular,216,ุ,True,False,True,False,False,True
Krub-Regular,217,ู,True,False,True,False,False,True
Krub-Regular,224,เ,False,False,True,False,False,True
Krub-Regular,225,แ,False,False,True,False,False,True
Krub-Regular,226,โ,False,False,True,False,False,True
Krub-Regular,227,ใ,False,False,True,False,False,True
Krub-Regular,228,ไ,False,False,True,False,False,True
Krub-Regular,229,ๅ,False,False,True,False,False,True
Krub-Regular,230,ๆ,False,False,True,False,False,True
Krub-Regular,231,็,True,True,True,False,False,True
Krub-Regular,232,่,True,True,True,False,False,True
Krub-Regular,233,้,True,True,True,False,False,True
Krub-Regular,234,๊,True,True,True,False,False,True
Krub-Regular,236,์,True,True,True,False,False,True
Krub-Regular,240,๐,False,False,True,False,False,True
Krub-Regular,241,๑,False,False,True,False,False,True
Krub-Regular,242,๒,False,False,True,False,False,True
Krub-Regular,243,๓,False,False,True,False,False,True
Krub-Regular,244,๔,False,False,True,False,False,True
Krub-Regular,245,๕,False,False,True,False,False,True
Krub-Regular,246,๖,False,False,True,False,False,True
Krub-Regular,247,๗,False,False,True,False,False,True
Krub-Regular,248,๘,False,False,True,False,False,True
Krub-Regular,249,๙,False,False,True,False,False,True
Krub-SemiBold,161,ก,False,False,True,False,False,True
Krub-SemiBold,162,ข,False,False,True,False,False,True
Krub-SemiBold,163,ฃ,False,False,True,False,False,True
Krub-SemiBold,164,ค,False,False,True,False,False,True
Krub-SemiBold,167,ง,False,False,True,False,False,True
Krub-SemiBold,168,จ,False,False,True,False,False,True
Krub-SemiBold,169,ฉ,False,False,True,False,False,True
Krub-SemiBold,170,ช,False,False,True,False,False,True
Krub-SemiBold,171,ซ,False,False,True,False,False,True
Krub-SemiBold,173,ญ,False,False,True,False,False,True
Krub-SemiBold,175,ฏ,False,False,True,False,False,True
Krub-SemiBold,176,ฐ,False,False,True,False,False,True
Krub-SemiBold,177,ฑ,False,False,True,False,False,True
Krub-SemiBold,178,ฒ,False,False,True,False,False,True
Krub-SemiBold,179,ณ,False,False,True,False,False,True
Krub-SemiBold,180,ด,False,False,True,False,False,True
Krub-SemiBold,181,ต,False,False,True,False,False,True
Krub-SemiBold,182,ถ,False,False,True,False,False,True
Krub-SemiBold,183,ท,False,False,True,False,False,True
Krub-SemiBold,184,ธ,False,False,True,False,False,True
Krub-SemiBold,185,น,False,False,True,False,False,True
Krub-SemiBold,186,บ,False,False,True,False,False,True
Krub-SemiBold,187,ป,False,False,True,False,False,True
Krub-SemiBold,188,ผ,False,False,True,False,False,True
Krub-SemiBold,189,ฝ,False,False,True,False,False,True
Krub-SemiBold,190,พ,False,False,True,False,False,True
Krub-SemiBold,191,ฟ,False,False,True,False,False,True
Krub-SemiBold,192,ภ,False,False,True,False,False,True
Krub-SemiBold,193,ม,False,False,True,False,False,True
Krub-SemiBold,194,ย,False,False,True,False,False,True
Krub-SemiBold,195,ร,False,False,True,False,False,True
Krub-SemiBold,196,ฤ,False,False,True,False,False,True
Krub-SemiBold,197,ล,False,False,True,False,False,True
Krub-SemiBold,199,ว,False,False,True,False,False,True
Krub-SemiBold,200,ศ,False,False,True,False,False,True
Krub-SemiBold,201,ษ,False,False,True,False,False,True
Krub-SemiBold,202,ส,False,False,True,False,False,True
Krub-SemiBold,203,ห,False,False,True,False,False,True
Krub-SemiBold,204,ฬ,False,False,True,False,False,True
Krub-SemiBold,205,อ,False,False,True,False,False,True
Krub-SemiBold,206,ฮ,False,False,True,False,False,True
Krub-SemiBold,207,ฯ,False,False,True,False,False,True
Krub-SemiBold,209,ั,True,True,True,False,False,True
Krub-SemiBold,210,า,False,False,True,False,False,True
Krub-SemiBold,212,ิ,True,True,True,False,False,True
Krub-SemiBold,213,ี,True,True,True,False,False,True
Krub-SemiBold,214,ึ,True,True,True,False,False,True
Krub-SemiBold,215,ื,True,True,True,False,False,True
Krub-SemiBold,216,ุ,True,False,True,False,False,True
Krub-SemiBold,217,ู,True,False,True,False,False,True
Krub-SemiBold,224,เ,False,False,True,False,False,True
Krub-SemiBold,225,แ,False,False,True,False,False,True
Krub-SemiBold,226,โ,False,False,True,False,False,True
Krub-SemiBold,227,ใ,False,False,True,False,False,True
Krub-SemiBold,228,ไ,False,False,True,False,False,True
Krub-SemiBold,229,ๅ,False,False,True,False,False,True
Krub-SemiBold,230,ๆ,False,False,True,False,False,True
Krub-SemiBold,231,็,True,True,True,False,False,True
Krub-SemiBold,232,่,True,True,True,False,False,True
Krub-SemiBold,233,้,True,True,True,False,False,True
Krub-SemiBold,234,๊,True,True,True,False,False,True
Krub-SemiBold,236,์,True,True,True,False,False,True
Krub-SemiBold,240,๐,False,False,True,False,False,True
Krub-SemiBold,241,๑,False,False,True,False,False,True
Krub-SemiBold,242,๒,False,False,True,False,False,True
Krub-SemiBold,243,๓,False,False,True,False,False,True
Krub-SemiBold,244,๔,False,False,True,False,False,True
Krub-SemiBold,245,๕,False,False,True,False,False,True
Krub-SemiBold,246,๖,False,False,True,False,False,True
Krub-SemiBold,247,๗,False,False,True,False,False,True
Krub-SemiBold,248,๘,False,False,True,False,False,True
Krub-SemiBold,249,๙,False,False,True,False,False,True
LeelaUIb,161,ก,False,False,True,False,False,True
LeelaUIb,162,ข,False,False,True,False,False,True
LeelaUIb,163,ฃ,False,False,True,False,False,True
LeelaUIb,164,ค,False,False,True,False,False,True
LeelaUIb,167,ง,False,False,True,False,False,True
LeelaUIb,168,จ,False,False,True,False,False,True
LeelaUIb,169,ฉ,False,False,True,False,False,True
LeelaUIb,170,ช,False,False,True,False,False,True
LeelaUIb,171,ซ,False,False,True,False,False,True
LeelaUIb,173,ญ,False,False,True,False,False,True
LeelaUIb,175,ฏ,False,False,True,False,False,True
LeelaUIb,176,ฐ,False,False,True,False,False,True
LeelaUIb,177,ฑ,False,False,True,False,False,True
LeelaUIb,178,ฒ,False,False,True,False,False,True
LeelaUIb,179,ณ,False,False,True,False,False,True
LeelaUIb,180,ด,False,False,True,False,False,True
LeelaUIb,181,ต,False,False,True,False,False,True
LeelaUIb,182,ถ,False,False,True,False,False,True
LeelaUIb,183,ท,False,False,True,False,False,True
LeelaUIb,184,ธ,False,False,True,False,False,True
LeelaUIb,185,น,False,False,True,False,False,True
LeelaUIb,186,บ,False,False,True,False,False,True
LeelaUIb,187,ป,False,False,True,False,False,True
LeelaUIb,188,ผ,False,False,True,False,False,True
LeelaUIb,189,ฝ,False,False,True,False,False,True
LeelaUIb,190,พ,False,False,True,False,False,True
LeelaUIb,191,ฟ,False,False,True,False,False,True
LeelaUIb,192,ภ,False,False,True,False,False,True
LeelaUIb,193,ม,False,False,True,False,False,True
LeelaUIb,194,ย,False,False,True,False,False,True
LeelaUIb,195,ร,False,False,True,False,False,True
LeelaUIb,196,ฤ,False,False,True,False,False,True
LeelaUIb,197,ล,False,False,True,False,False,True
LeelaUIb,199,ว,False,False,True,False,False,True
LeelaUIb,200,ศ,False,False,True,False,False,True
LeelaUIb,201,ษ,False,False,True,False,False,True
LeelaUIb,202,ส,False,False,True,False,False,True
LeelaUIb,203,ห,False,False,True,False,False,True
LeelaUIb,204,ฬ,False,False,True,False,False,True
LeelaUIb,205,อ,False,False,True,False,False,True
LeelaUIb,206,ฮ,False,False,True,False,False,True
LeelaUIb,207,ฯ,False,False,True,False,False,True
LeelaUIb,209,ั,True,True,True,False,False,True
LeelaUIb,210,า,False,False,True,False,False,True
LeelaUIb,212,ิ,True,True,True,False,False,True
LeelaUIb,213,ี,True,True,True,False,False,True
LeelaUIb,214,ึ,True,True,True,False,False,True
LeelaUIb,215,ื,True,True,True,False,False,True
LeelaUIb,216,ุ,True,False,True,False,False,True
LeelaUIb,217,ู,True,False,True,False,False,True
LeelaUIb,224,เ,False,False,True,False,False,True
LeelaUIb,225,แ,False,False,True,False,False,True
LeelaUIb,226,โ,False,False,True,False,False,True
LeelaUIb,227,ใ,False,False,True,False,False,True
LeelaUIb,228,ไ,False,False,True,False,False,True
LeelaUIb,229,ๅ,False,False,True,False,False,True
LeelaUIb,230,ๆ,False,False,True,False,False,True
LeelaUIb,231,็,True,True,True,False,False,True
LeelaUIb,232,่,True,True,True,False,False,True
LeelaUIb,233,้,True,True,True,False,False,True
LeelaUIb,234,๊,True,True,True,False,False,True
LeelaUIb,236,์,True,True,True,False,False,True
LeelaUIb,240,๐,False,False,True,False,False,True
LeelaUIb,241,๑,False,False,True,False,False,True
LeelaUIb,242,๒,False,False,True,False,False,True
LeelaUIb,243,๓,False,False,True,False,False,True
LeelaUIb,244,๔,False,False,True,False,False,True
LeelaUIb,245,๕,False,False,True,False,False,True
LeelaUIb,246,๖,False,False,True,False,False,True
LeelaUIb,247,๗,False,False,True,False,False,True
LeelaUIb,248,๘,False,False,True,False,False,True
LeelaUIb,249,๙,False,False,True,False,False,True
LeelawUI,161,ก,False,False,True,False,False,True
LeelawUI,162,ข,False,False,True,False,False,True
LeelawUI,163,ฃ,False,False,True,False,False,True
LeelawUI,164,ค,False,False,True,False,False,True
LeelawUI,167,ง,False,False,True,False,False,True
LeelawUI,168,จ,False,False,True,False,False,True
LeelawUI,169,ฉ,False,False,True,False,False,True
LeelawUI,170,ช,False,False,True,False,False,True
LeelawUI,171,ซ,False,False,True,False,False,True
LeelawUI,173,ญ,False,False,True,False,False,True
LeelawUI,175,ฏ,False,False,True,False,False,True
LeelawUI,176,ฐ,False,False,True,False,False,True
LeelawUI,177,ฑ,False,False,True,False,False,True
LeelawUI,178,ฒ,False,False,True,False,False,True
LeelawUI,179,ณ,False,False,True,False,False,True
LeelawUI,180,ด,False,False,True,False,False,True
LeelawUI,181,ต,False,False,True,False,False,True
LeelawUI,182,ถ,False,False,True,False,False,True
LeelawUI,183,ท,False,False,True,False,False,True
LeelawUI,184,ธ,False,False,True,False,False,True
LeelawUI,185,น,False,False,True,False,False,True
LeelawUI,186,บ,False,False,True,False,False,True
LeelawUI,187,ป,False,False,True,False,False,True
LeelawUI,188,ผ,False,False,True,False,False,True
LeelawUI,189,ฝ,False,False,True,False,False,True
LeelawUI,190,พ,False,False,True,False,False,True
LeelawUI,191,ฟ,False,False,True,False,False,True
LeelawUI,192,ภ,False,False,True,False,False,True
LeelawUI,193,ม,False,False,True,False,False,True
LeelawUI,194,ย,False,False,True,False,False,True
LeelawUI,195,ร,False,False,True,False,False,True
LeelawUI,196,ฤ,False,False,True,False,False,True
LeelawUI,197,ล,False,False,True,False,False,True
LeelawUI,199,ว,False,False,True,False,False,True
LeelawUI,200,ศ,False,False,True,False,False,True
LeelawUI,201,ษ,False,False,True,False,False,True
LeelawUI,202,ส,False,False,True,False,False,True
LeelawUI,203,ห,False,False,True,False,False,True
LeelawUI,204,ฬ,False,False,True,False,False,True
LeelawUI,205,อ,False,False,True,False,False,True
LeelawUI,206,ฮ,False,False,True,False,False,True
LeelawUI,207,ฯ,False,False,True,False,False,True
LeelawUI,209,ั,True,True,True,False,False,True
LeelawUI,210,า,False,False,True,False,False,True
LeelawUI,212,ิ,True,True,True,False,False,True
LeelawUI,213,ี,True,True,True,False,False,True
LeelawUI,214,ึ,True,True,True,False,False,True
LeelawUI,215,ื,True,True,True,False,False,True
LeelawUI,216,ุ,True,False,True,False,False,True
LeelawUI,217,ู,True,False,True,False,False,True
LeelawUI,224,เ,False,False,True,False,False,True
LeelawUI,225,แ,False,False,True,False,False,True
LeelawUI,226,โ,False,False,True,False,False,True
LeelawUI,227,ใ,False,False,True,False,False,True
LeelawUI,228,ไ,False,False,True,False,False,True
LeelawUI,229,ๅ,False,False,True,False,False,True
LeelawUI,230,ๆ,False,False,True,False,False,True
LeelawUI,231,็,True,True,True,False,False,True
LeelawUI,232,่,True,True,True,False,False,True
LeelawUI,233,้,True,True,True,False,False,True
LeelawUI,234,๊,True,True,True,False,False,True
LeelawUI,236,์,True,True,True,False,False,True
LeelawUI,240,๐,False,False,True,False,False,True
LeelawUI,241,๑,False,False,True,False,False,True
LeelawUI,242,๒,False,False,True,False,False,True
LeelawUI,243,๓,False,False,True,False,False,True
LeelawUI,244,๔,False,False,True,False,False,True
LeelawUI,245,๕,False,False,True,False,False,True
LeelawUI,246,๖,False,False,True,False,False,True
LeelawUI,247,๗,False,False,True,False,False,True
LeelawUI,248,๘,False,False,True,False,False,True
LeelawUI,249,๙,False,False,True,False,False,True
Maitree-Bold,161,ก,False,False,True,False,False,True
Maitree-Bold,162,ข,False,False,True,False,False,True
Maitree-Bold,163,ฃ,False,False,True,False,False,True
Maitree-Bold,164,ค,False,False,True,False,False,True
Maitree-Bold,167,ง,False,False,True,False,False,True
Maitree-Bold,168,จ,False,False,True,False,False,True
Maitree-Bold,169,ฉ,False,False,True,False,False,True
Maitree-Bold,170,ช,False,False,True,False,False,True
Maitree-Bold,171,ซ,False,False,True,False,False,True
Maitree-Bold,173,ญ,False,False,True,False,False,True
Maitree-Bold,175,ฏ,False,False,True,False,False,True
Maitree-Bold,176,ฐ,False,False,True,False,False,True
Maitree-Bold,177,ฑ,False,False,True,False,False,True
Maitree-Bold,178,ฒ,False,False,True,False,False,True
Maitree-Bold,179,ณ,False,False,True,False,False,True
Maitree-Bold,180,ด,False,False,True,False,False,True
Maitree-Bold,181,ต,False,False,True,False,False,True
Maitree-Bold,182,ถ,False,False,True,False,False,True
Maitree-Bold,183,ท,False,False,True,False,False,True
Maitree-Bold,184,ธ,False,False,True,False,False,True
Maitree-Bold,185,น,False,False,True,False,False,True
Maitree-Bold,186,บ,False,False,True,False,False,True
Maitree-Bold,187,ป,False,False,True,False,False,True
Maitree-Bold,188,ผ,False,False,True,False,False,True
Maitree-Bold,189,ฝ,False,False,True,False,False,True
Maitree-Bold,190,พ,False,False,True,False,False,True
Maitree-Bold,191,ฟ,False,False,True,False,False,True
Maitree-Bold,192,ภ,False,False,True,False,False,True
Maitree-Bold,193,ม,False,False,True,False,False,True
Maitree-Bold,194,ย,False,False,True,False,False,True
Maitree-Bold,195,ร,False,False,True,False,False,True
Maitree-Bold,196,ฤ,False,False,True,False,False,True
Maitree-Bold,197,ล,False,False,True,False,False,True
Maitree-Bold,199,ว,False,False,True,False,False,True
Maitree-Bold,200,ศ,False,False,True,False,False,True
Maitree-Bold,201,ษ,False,False,True,False,False,True
Maitree-Bold,202,ส,False,False,True,False,False,True
Maitree-Bold,203,ห,False,False,True,False,False,True
Maitree-Bold,204,ฬ,False,False,True,False,False,True
Maitree-Bold,205,อ,False,False,True,False,False,True
Maitree-Bold,206,ฮ,False,False,True,False,False,True
Maitree-Bold,207,ฯ,False,False,True,False,False,True
Maitree-Bold,209,ั,True,True,True,False,False,True
Maitree-Bold,210,า,False,False,True,False,False,True
Maitree-Bold,212,ิ,True,True,True,False,False,True
Maitree-Bold,213,ี,True,True,True,False,False,True
Maitree-Bold,214,ึ,True,True,True,False,False,True
Maitree-Bold,215,ื,True,True,True,False,False,True
Maitree-Bold,216,ุ,True,False,True,False,False,True
Maitree-Bold,217,ู,True,False,True,False,False,True
Maitree-Bold,224,เ,False,False,True,False,False,True
Maitree-Bold,225,แ,False,False,True,False,False,True
Maitree-Bold,226,โ,False,False,True,False,False,True
Maitree-Bold,227,ใ,False,False,True,False,False,True
Maitree-Bold,228,ไ,False,False,True,False,False,True
Maitree-Bold,229,ๅ,False,False,True,False,False,True
Maitree-Bold,230,ๆ,False,False,True,False,False,True
Maitree-Bold,231,็,True,True,True,False,False,True
Maitree-Bold,232,่,True,True,True,False,False,True
Maitree-Bold,233,้,True,True,True,False,False,True
Maitree-Bold,234,๊,True,True,True,False,False,True
Maitree-Bold,236,์,True,True,True,False,False,True
Maitree-Bold,240,๐,False,False,True,False,False,True
Maitree-Bold,241,๑,False,False,True,False,False,True
Maitree-Bold,242,๒,False,False,True,False,False,True
Maitree-Bold,243,๓,False,False,True,False,False,True
Maitree-Bold,244,๔,False,False,True,False,False,True
Maitree-Bold,245,๕,False,False,True,False,False,True
Maitree-Bold,246,๖,False,False,True,False,False,True
Maitree-Bold,247,๗,False,False,True,False,False,True
Maitree-Bold,248,๘,False,False,True,False,False,True
Maitree-Bold,249,๙,False,False,True,False,False,True
Maitree-ExtraLight,161,ก,False,False,True,False,False,True
Maitree-ExtraLight,162,ข,False,False,True,False,False,True
Maitree-ExtraLight,163,ฃ,False,False,True,False,False,True
Maitree-ExtraLight,164,ค,False,False,True,False,False,True
Maitree-ExtraLight,167,ง,False,False,True,False,False,True
Maitree-ExtraLight,168,จ,False,False,True,False,False,True
Maitree-ExtraLight,169,ฉ,False,False,True,False,False,True
Maitree-ExtraLight,170,ช,False,False,True,False,False,True
Maitree-ExtraLight,171,ซ,False,False,True,False,False,True
Maitree-ExtraLight,173,ญ,False,False,True,False,False,True
Maitree-ExtraLight,175,ฏ,False,False,True,False,False,True
Maitree-ExtraLight,176,ฐ,False,False,True,False,False,True
Maitree-ExtraLight,177,ฑ,False,False,True,False,False,True
Maitree-ExtraLight,178,ฒ,False,False,True,False,False,True
Maitree-ExtraLight,179,ณ,False,False,True,False,False,True
Maitree-ExtraLight,180,ด,False,False,True,False,False,True
Maitree-ExtraLight,181,ต,False,False,True,False,False,True
Maitree-ExtraLight,182,ถ,False,False,True,False,False,True
Maitree-ExtraLight,183,ท,False,False,True,False,False,True
Maitree-ExtraLight,184,ธ,False,False,True,False,False,True
Maitree-ExtraLight,185,น,False,False,True,False,False,True
Maitree-ExtraLight,186,บ,False,False,True,False,False,True
Maitree-ExtraLight,187,ป,False,False,True,False,False,True
Maitree-ExtraLight,188,ผ,False,False,True,False,False,True
Maitree-ExtraLight,189,ฝ,False,False,True,False,False,True
Maitree-ExtraLight,190,พ,False,False,True,False,False,True
Maitree-ExtraLight,191,ฟ,False,False,True,False,False,True
Maitree-ExtraLight,192,ภ,False,False,True,False,False,True
Maitree-ExtraLight,193,ม,False,False,True,False,False,True
Maitree-ExtraLight,194,ย,False,False,True,False,False,True
Maitree-ExtraLight,195,ร,False,False,True,False,False,True
Maitree-ExtraLight,196,ฤ,False,False,True,False,False,True
Maitree-ExtraLight,197,ล,False,False,True,False,False,True
Maitree-ExtraLight,199,ว,False,False,True,False,False,True
Maitree-ExtraLight,200,ศ,False,False,True,False,False,True
Maitree-ExtraLight,201,ษ,False,False,True,False,False,True
Maitree-ExtraLight,202,ส,False,False,True,False,False,True
Maitree-ExtraLight,203,ห,False,False,True,False,False,True
Maitree-ExtraLight,204,ฬ,False,False,True,False,False,True
Maitree-ExtraLight,205,อ,False,False,True,False,False,True
Maitree-ExtraLight,206,ฮ,False,False,True,False,False,True
Maitree-ExtraLight,207,ฯ,False,False,True,False,False,True
Maitree-ExtraLight,209,ั,True,True,True,False,False,True
Maitree-ExtraLight,210,า,False,False,True,False,False,True
Maitree-ExtraLight,212,ิ,True,True,True,False,False,True
Maitree-ExtraLight,213,ี,True,True,True,False,False,True
Maitree-ExtraLight,214,ึ,True,True,True,False,False,True
Maitree-ExtraLight,215,ื,True,True,True,False,False,True
Maitree-ExtraLight,216,ุ,True,False,True,False,False,True
Maitree-ExtraLight,217,ู,True,False,True,False,False,True
Maitree-ExtraLight,224,เ,False,False,True,False,False,True
Maitree-ExtraLight,225,แ,False,False,True,False,False,True
Maitree-ExtraLight,226,โ,False,False,True,False,False,True
Maitree-ExtraLight,227,ใ,False,False,True,False,False,True
Maitree-ExtraLight,228,ไ,False,False,True,False,False,True
Maitree-ExtraLight,229,ๅ,False,False,True,False,False,True
Maitree-ExtraLight,230,ๆ,False,False,True,False,False,True
Maitree-ExtraLight,231,็,True,True,True,False,False,True
Maitree-ExtraLight,232,่,True,True,True,False,False,True
Maitree-ExtraLight,233,้,True,True,True,False,False,True
Maitree-ExtraLight,234,๊,True,True,True,False,False,True
Maitree-ExtraLight,236,์,True,True,True,False,False,True
Maitree-ExtraLight,240,๐,False,False,True,False,False,True
Maitree-ExtraLight,241,๑,False,False,True,False,False,True
Maitree-ExtraLight,242,๒,False,False,True,False,False,True
Maitree-ExtraLight,243,๓,False,False,True,False,False,True
Maitree-ExtraLight,244,๔,False,False,True,False,False,True
Maitree-ExtraLight,245,๕,False,False,True,False,False,True
Maitree-ExtraLight,246,๖,False,False,True,False,False,True
Maitree-ExtraLight,247,๗,False,False,True,False,False,True
Maitree-ExtraLight,248,๘,False,False,True,False,False,True
Maitree-ExtraLight,249,๙,False,False,True,False,False,True
Maitree-Light,161,ก,False,False,True,False,False,True
Maitree-Light,162,ข,False,False,True,False,False,True
Maitree-Light,163,ฃ,False,False,True,False,False,True
Maitree-Light,164,ค,False,False,True,False,False,True
Maitree-Light,167,ง,False,False,True,False,False,True
Maitree-Light,168,จ,False,False,True,False,False,True
Maitree-Light,169,ฉ,False,False,True,False,False,True
Maitree-Light,170,ช,False,False,True,False,False,True
Maitree-Light,171,ซ,False,False,True,False,False,True
Maitree-Light,173,ญ,False,False,True,False,False,True
Maitree-Light,175,ฏ,False,False,True,False,False,True
Maitree-Light,176,ฐ,False,False,True,False,False,True
Maitree-Light,177,ฑ,False,False,True,False,False,True
Maitree-Light,178,ฒ,False,False,True,False,False,True
Maitree-Light,179,ณ,False,False,True,False,False,True
Maitree-Light,180,ด,False,False,True,False,False,True
Maitree-Light,181,ต,False,False,True,False,False,True
Maitree-Light,182,ถ,False,False,True,False,False,True
Maitree-Light,183,ท,False,False,True,False,False,True
Maitree-Light,184,ธ,False,False,True,False,False,True
Maitree-Light,185,น,False,False,True,False,False,True
Maitree-Light,186,บ,False,False,True,False,False,True
Maitree-Light,187,ป,False,False,True,False,False,True
Maitree-Light,188,ผ,False,False,True,False,False,True
Maitree-Light,189,ฝ,False,False,True,False,False,True
Maitree-Light,190,พ,False,False,True,False,False,True
Maitree-Light,191,ฟ,False,False,True,False,False,True
Maitree-Light,192,ภ,False,False,True,False,False,True
Maitree-Light,193,ม,False,False,True,False,False,True
Maitree-Light,194,ย,False,False,True,False,False,True
Maitree-Light,195,ร,False,False,True,False,False,True
Maitree-Light,196,ฤ,False,False,True,False,False,True
Maitree-Light,197,ล,False,False,True,False,False,True
Maitree-Light,199,ว,False,False,True,False,False,True
Maitree-Light,200,ศ,False,False,True,False,False,True
Maitree-Light,201,ษ,False,False,True,False,False,True
Maitree-Light,202,ส,False,False,True,False,False,True
Maitree-Light,203,ห,False,False,True,False,False,True
Maitree-Light,204,ฬ,False,False,True,False,False,True
Maitree-Light,205,อ,False,False,True,False,False,True
Maitree-Light,206,ฮ,False,False,True,False,False,True
Maitree-Light,207,ฯ,False,False,True,False,False,True
Maitree-Light,209,ั,True,True,True,False,False,True
Maitree-Light,210,า,False,False,True,False,False,True
Maitree-Light,212,ิ,True,True,True,False,False,True
Maitree-Light,213,ี,True,True,True,False,False,True
Maitree-Light,214,ึ,True,True,True,False,False,True
Maitree-Light,215,ื,True,True,True,False,False,True
Maitree-Light,216,ุ,True,False,True,False,False,True
Maitree-Light,217,ู,True,False,True,False,False,True
Maitree-Light,224,เ,False,False,True,False,False,True
Maitree-Light,225,แ,False,False,True,False,False,True
Maitree-Light,226,โ,False,False,True,False,False,True
Maitree-Light,227,ใ,False,False,True,False,False,True
Maitree-Light,228,ไ,False,False,True,False,False,True
Maitree-Light,229,ๅ,False,False,True,False,False,True
Maitree-Light,230,ๆ,False,False,True,False,False,True
Maitree-Light,231,็,True,True,True,False,False,True
Maitree-Light,232,่,True,True,True,False,False,True
Maitree-Light,233,้,True,True,True,False,False,True
Maitree-Light,234,๊,True,True,True,False,False,True
Maitree-Light,236,์,True,True,True,False,False,True
Maitree-Light,240,๐,False,False,True,False,False,True
Maitree-Light,241,๑,False,False,True,False,False,True
Maitree-Light,242,๒,False,False,True,False,False,True
Maitree-Light,243,๓,False,False,True,False,False,True
Maitree-Light,244,๔,False,False,True,False,False,True
Maitree-Light,245,๕,False,False,True,False,False,True
Maitree-Light,246,๖,False,False,True,False,False,True
Maitree-Light,247,๗,False,False,True,False,False,True
Maitree-Light,248,๘,False,False,True,False,False,True
Maitree-Light,249,๙,False,False,True,False,False,True
Maitree-Medium,161,ก,False,False,True,False,False,True
Maitree-Medium,162,ข,False,False,True,False,False,True
Maitree-Medium,163,ฃ,False,False,True,False,False,True
Maitree-Medium,164,ค,False,False,True,False,False,True
Maitree-Medium,167,ง,False,False,True,False,False,True
Maitree-Medium,168,จ,False,False,True,False,False,True
Maitree-Medium,169,ฉ,False,False,True,False,False,True
Maitree-Medium,170,ช,False,False,True,False,False,True
Maitree-Medium,171,ซ,False,False,True,False,False,True
Maitree-Medium,173,ญ,False,False,True,False,False,True
Maitree-Medium,175,ฏ,False,False,True,False,False,True
Maitree-Medium,176,ฐ,False,False,True,False,False,True
Maitree-Medium,177,ฑ,False,False,True,False,False,True
Maitree-Medium,178,ฒ,False,False,True,False,False,True
Maitree-Medium,179,ณ,False,False,True,False,False,True
Maitree-Medium,180,ด,False,False,True,False,False,True
Maitree-Medium,181,ต,False,False,True,False,False,True
Maitree-Medium,182,ถ,False,False,True,False,False,True
Maitree-Medium,183,ท,False,False,True,False,False,True
Maitree-Medium,184,ธ,False,False,True,False,False,True
Maitree-Medium,185,น,False,False,True,False,False,True
Maitree-Medium,186,บ,False,False,True,False,False,True
Maitree-Medium,187,ป,False,False,True,False,False,True
Maitree-Medium,188,ผ,False,False,True,False,False,True
Maitree-Medium,189,ฝ,False,False,True,False,False,True
Maitree-Medium,190,พ,False,False,True,False,False,True
Maitree-Medium,191,ฟ,False,False,True,False,False,True
Maitree-Medium,192,ภ,False,False,True,False,False,True
Maitree-Medium,193,ม,False,False,True,False,False,True
Maitree-Medium,194,ย,False,False,True,False,False,True
Maitree-Medium,195,ร,False,False,True,False,False,True
Maitree-Medium,196,ฤ,False,False,True,False,False,True
Maitree-Medium,197,ล,False,False,True,False,False,True
Maitree-Medium,199,ว,False,False,True,False,False,True
Maitree-Medium,200,ศ,False,False,True,False,False,True
Maitree-Medium,201,ษ,False,False,True,False,False,True
Maitree-Medium,202,ส,False,False,True,False,False,True
Maitree-Medium,203,ห,False,False,True,False,False,True
Maitree-Medium,204,ฬ,False,False,True,False,False,True
Maitree-Medium,205,อ,False,False,True,False,False,True
Maitree-Medium,206,ฮ,False,False,True,False,False,True
Maitree-Medium,207,ฯ,False,False,True,False,False,True
Maitree-Medium,209,ั,True,True,True,False,False,True
Maitree-Medium,210,า,False,False,True,False,False,True
Maitree-Medium,212,ิ,True,True,True,False,False,True
Maitree-Medium,213,ี,True,True,True,False,False,True
Maitree-Medium,214,ึ,True,True,True,False,False,True
Maitree-Medium,215,ื,True,True,True,False,False,True
Maitree-Medium,216,ุ,True,False,True,False,False,True
Maitree-Medium,217,ู,True,False,True,False,False,True
Maitree-Medium,224,เ,False,False,True,False,False,True
Maitree-Medium,225,แ,False,False,True,False,False,True
Maitree-Medium,226,โ,False,False,True,False,False,True
Maitree-Medium,227,ใ,False,False,True,False,False,True
Maitree-Medium,228,ไ,False,False,True,False,False,True
Maitree-Medium,229,ๅ,False,False,True,False,False,True
Maitree-Medium,230,ๆ,False,False,True,False,False,True
Maitree-Medium,231,็,True,True,True,False,False,True
Maitree-Medium,232,่,True,True,True,False,False,True
Maitree-Medium,233,้,True,True,True,False,False,True
Maitree-Medium,234,๊,True,True,True,False,False,True
Maitree-Medium,236,์,True,True,True,False,False,True
Maitree-Medium,240,๐,False,False,True,False,False,True
Maitree-Medium,241,๑,False,False,True,False,False,True
Maitree-Medium,242,๒,False,False,True,False,False,True
Maitree-Medium,243,๓,False,False,True,False,False,True
Maitree-Medium,244,๔,False,False,True,False,False,True
Maitree-Medium,245,๕,False,False,True,False,False,True
Maitree-Medium,246,๖,False,False,True,False,False,True
Maitree-Medium,247,๗,False,False,True,False,False,True
Maitree-Medium,248,๘,False,False,True,False,False,True
Maitree-Medium,249,๙,False,False,True,False,False,True
Maitree-Regular,161,ก,False,False,True,False,False,True
Maitree-Regular,162,ข,False,False,True,False,False,True
Maitree-Regular,163,ฃ,False,False,True,False,False,True
Maitree-Regular,164,ค,False,False,True,False,False,True
Maitree-Regular,167,ง,False,False,True,False,False,True
Maitree-Regular,168,จ,False,False,True,False,False,True
Maitree-Regular,169,ฉ,False,False,True,False,False,True
Maitree-Regular,170,ช,False,False,True,False,False,True
Maitree-Regular,171,ซ,False,False,True,False,False,True
Maitree-Regular,173,ญ,False,False,True,False,False,True
Maitree-Regular,175,ฏ,False,False,True,False,False,True
Maitree-Regular,176,ฐ,False,False,True,False,False,True
Maitree-Regular,177,ฑ,False,False,True,False,False,True
Maitree-Regular,178,ฒ,False,False,True,False,False,True
Maitree-Regular,179,ณ,False,False,True,False,False,True
Maitree-Regular,180,ด,False,False,True,False,False,True
Maitree-Regular,181,ต,False,False,True,False,False,True
Maitree-Regular,182,ถ,False,False,True,False,False,True
Maitree-Regular,183,ท,False,False,True,False,False,True
Maitree-Regular,184,ธ,False,False,True,False,False,True
Maitree-Regular,185,น,False,False,True,False,False,True
Maitree-Regular,186,บ,False,False,True,False,False,True
Maitree-Regular,187,ป,False,False,True,False,False,True
Maitree-Regular,188,ผ,False,False,True,False,False,True
Maitree-Regular,189,ฝ,False,False,True,False,False,True
Maitree-Regular,190,พ,False,False,True,False,False,True
Maitree-Regular,191,ฟ,False,False,True,False,False,True
Maitree-Regular,192,ภ,False,False,True,False,False,True
Maitree-Regular,193,ม,False,False,True,False,False,True
Maitree-Regular,194,ย,False,False,True,False,False,True
Maitree-Regular,195,ร,False,False,True,False,False,True
Maitree-Regular,196,ฤ,False,False,True,False,False,True
Maitree-Regular,197,ล,False,False,True,False,False,True
Maitree-Regular,199,ว,False,False,True,False,False,True
Maitree-Regular,200,ศ,False,False,True,False,False,True
Maitree-Regular,201,ษ,False,False,True,False,False,True
Maitree-Regular,202,ส,False,False,True,False,False,True
Maitree-Regular,203,ห,False,False,True,False,False,True
Maitree-Regular,204,ฬ,False,False,True,False,False,True
Maitree-Regular,205,อ,False,False,True,False,False,True
Maitree-Regular,206,ฮ,False,False,True,False,False,True
Maitree-Regular,207,ฯ,False,False,True,False,False,True
Maitree-Regular,209,ั,True,True,True,False,False,True
Maitree-Regular,210,า,False,False,True,False,False,True
Maitree-Regular,212,ิ,True,True,True,False,False,True
Maitree-Regular,213,ี,True,True,True,False,False,True
Maitree-Regular,214,ึ,True,True,True,False,False,True
Maitree-Regular,215,ื,True,True,True,False,False,True
Maitree-Regular,216,ุ,True,False,True,False,False,True
Maitree-Regular,217,ู,True,False,True,False,False,True
Maitree-Regular,224,เ,False,False,True,False,False,True
Maitree-Regular,225,แ,False,False,True,False,False,True
Maitree-Regular,226,โ,False,False,True,False,False,True
Maitree-Regular,227,ใ,False,False,True,False,False,True
Maitree-Regular,228,ไ,False,False,True,False,False,True
Maitree-Regular,229,ๅ,False,False,True,False,False,True
Maitree-Regular,230,ๆ,False,False,True,False,False,True
Maitree-Regular,231,็,True,True,True,False,False,True
Maitree-Regular,232,่,True,True,True,False,False,True
Maitree-Regular,233,้,True,True,True,False,False,True
Maitree-Regular,234,๊,True,True,True,False,False,True
Maitree-Regular,236,์,True,True,True,False,False,True
Maitree-Regular,240,๐,False,False,True,False,False,True
Maitree-Regular,241,๑,False,False,True,False,False,True
Maitree-Regular,242,๒,False,False,True,False,False,True
Maitree-Regular,243,๓,False,False,True,False,False,True
Maitree-Regular,244,๔,False,False,True,False,False,True
Maitree-Regular,245,๕,False,False,True,False,False,True
Maitree-Regular,246,๖,False,False,True,False,False,True
Maitree-Regular,247,๗,False,False,True,False,False,True
Maitree-Regular,248,๘,False,False,True,False,False,True
Maitree-Regular,249,๙,False,False,True,False,False,True
Maitree-SemiBold,161,ก,False,False,True,False,False,True
Maitree-SemiBold,162,ข,False,False,True,False,False,True
Maitree-SemiBold,163,ฃ,False,False,True,False,False,True
Maitree-SemiBold,164,ค,False,False,True,False,False,True
Maitree-SemiBold,167,ง,False,False,True,False,False,True
Maitree-SemiBold,168,จ,False,False,True,False,False,True
Maitree-SemiBold,169,ฉ,False,False,True,False,False,True
Maitree-SemiBold,170,ช,False,False,True,False,False,True
Maitree-SemiBold,171,ซ,False,False,True,False,False,True
Maitree-SemiBold,173,ญ,False,False,True,False,False,True
Maitree-SemiBold,175,ฏ,False,False,True,False,False,True
Maitree-SemiBold,176,ฐ,False,False,True,False,False,True
Maitree-SemiBold,177,ฑ,False,False,True,False,False,True
Maitree-SemiBold,178,ฒ,False,False,True,False,False,True
Maitree-SemiBold,179,ณ,False,False,True,False,False,True
Maitree-SemiBold,180,ด,False,False,True,False,False,True
Maitree-SemiBold,181,ต,False,False,True,False,False,True
Maitree-SemiBold,182,ถ,False,False,True,False,False,True
Maitree-SemiBold,183,ท,False,False,True,False,False,True
Maitree-SemiBold,184,ธ,False,False,True,False,False,True
Maitree-SemiBold,185,น,False,False,True,False,False,True
Maitree-SemiBold,186,บ,False,False,True,False,False,True
Maitree-SemiBold,187,ป,False,False,True,False,False,True
Maitree-SemiBold,188,ผ,False,False,True,False,False,True
Maitree-SemiBold,189,ฝ,False,False,True,False,False,True
Maitree-SemiBold,190,พ,False,False,True,False,False,True
Maitree-SemiBold,191,ฟ,False,False,True,False,False,True
Maitree-SemiBold,192,ภ,False,False,True,False,False,True
Maitree-SemiBold,193,ม,False,False,True,False,False,True
Maitree-SemiBold,194,ย,False,False,True,False,False,True
Maitree-SemiBold,195,ร,False,False,True,False,False,True
Maitree-SemiBold,196,ฤ,False,False,True,False,False,True
Maitree-SemiBold,197,ล,False,False,True,False,False,True
Maitree-SemiBold,199,ว,False,False,True,False,False,True
Maitree-SemiBold,200,ศ,False,False,True,False,False,True
Maitree-SemiBold,201,ษ,False,False,True,False,False,True
Maitree-SemiBold,202,ส,False,False,True,False,False,True
Maitree-SemiBold,203,ห,False,False,True,False,False,True
Maitree-SemiBold,204,ฬ,False,False,True,False,False,True
Maitree-SemiBold,205,อ,False,False,True,False,False,True
Maitree-SemiBold,206,ฮ,False,False,True,False,False,True
Maitree-SemiBold,207,ฯ,False,False,True,False,False,True
Maitree-SemiBold,209,ั,True,True,True,False,False,True
Maitree-SemiBold,210,า,False,False,True,False,False,True
Maitree-SemiBold,212,ิ,True,True,True,False,False,True
Maitree-SemiBold,213,ี,True,True,True,False,False,True
Maitree-SemiBold,214,ึ,True,True,True,False,False,True
Maitree-SemiBold,215,ื,True,True,True,False,False,True
Maitree-SemiBold,216,ุ,True,False,True,False,False,True
Maitree-SemiBold,217,ู,True,False,True,False,False,True
Maitree-SemiBold,224,เ,False,False,True,False,False,True
Maitree-SemiBold,225,แ,False,False,True,False,False,True
Maitree-SemiBold,226,โ,False,False,True,False,False,True
Maitree-SemiBold,227,ใ,False,False,True,False,False,True
Maitree-SemiBold,228,ไ,False,False,True,False,False,True
Maitree-SemiBold,229,ๅ,False,False,True,False,False,True
Maitree-SemiBold,230,ๆ,False,False,True,False,False,True
Maitree-SemiBold,231,็,True,True,True,False,False,True
Maitree-SemiBold,232,่,True,True,True,False,False,True
Maitree-SemiBold,233,้,True,True,True,False,False,True
Maitree-SemiBold,234,๊,True,True,True,False,False,True
Maitree-SemiBold,236,์,True,True,True,False,False,True
Maitree-SemiBold,240,๐,False,False,True,False,False,True
Maitree-SemiBold,241,๑,False,False,True,False,False,True
Maitree-SemiBold,242,๒,False,False,True,False,False,True
Maitree-SemiBold,243,๓,False,False,True,False,False,True
Maitree-SemiBold,244,๔,False,False,True,False,False,True
Maitree-SemiBold,245,๕,False,False,True,False,False,True
Maitree-SemiBold,246,๖,False,False,True,False,False,True
Maitree-SemiBold,247,๗,False,False,True,False,False,True
Maitree-SemiBold,248,๘,False,False,True,False,False,True
Maitree-SemiBold,249,๙,False,False,True,False,False,True
Mali-Bold,161,ก,False,False,True,False,False,True
Mali-Bold,162,ข,False,False,True,False,False,True
Mali-Bold,163,ฃ,False,False,True,False,False,True
Mali-Bold,164,ค,False,False,True,False,False,True
Mali-Bold,167,ง,False,False,True,False,False,True
Mali-Bold,168,จ,False,False,True,False,False,True
Mali-Bold,169,ฉ,False,False,True,False,False,True
Mali-Bold,170,ช,False,False,True,False,False,True
Mali-Bold,171,ซ,False,False,True,False,False,True
Mali-Bold,173,ญ,False,False,True,False,False,True
Mali-Bold,175,ฏ,False,False,True,False,False,True
Mali-Bold,176,ฐ,False,False,True,False,False,True
Mali-Bold,177,ฑ,False,False,True,False,False,True
Mali-Bold,178,ฒ,False,False,True,False,False,True
Mali-Bold,179,ณ,False,False,True,False,False,True
Mali-Bold,180,ด,False,False,True,False,False,True
Mali-Bold,181,ต,False,False,True,False,False,True
Mali-Bold,182,ถ,False,False,True,False,False,True
Mali-Bold,183,ท,False,False,True,False,False,True
Mali-Bold,184,ธ,False,False,True,False,False,True
Mali-Bold,185,น,False,False,True,False,False,True
Mali-Bold,186,บ,False,False,True,False,False,True
Mali-Bold,187,ป,False,False,True,False,False,True
Mali-Bold,188,ผ,False,False,True,False,False,True
Mali-Bold,189,ฝ,False,False,True,False,False,True
Mali-Bold,190,พ,False,False,True,False,False,True
Mali-Bold,191,ฟ,False,False,True,False,False,True
Mali-Bold,192,ภ,False,False,True,False,False,True
Mali-Bold,193,ม,False,False,True,False,False,True
Mali-Bold,194,ย,False,False,True,False,False,True
Mali-Bold,195,ร,False,False,True,False,False,True
Mali-Bold,196,ฤ,False,False,True,False,False,True
Mali-Bold,197,ล,False,False,True,False,False,True
Mali-Bold,199,ว,False,False,True,False,False,True
Mali-Bold,200,ศ,False,False,True,False,False,True
Mali-Bold,201,ษ,False,False,True,False,False,True
Mali-Bold,202,ส,False,False,True,False,False,True
Mali-Bold,203,ห,False,False,True,False,False,True
Mali-Bold,204,ฬ,False,False,True,False,False,True
Mali-Bold,205,อ,False,False,True,False,False,True
Mali-Bold,206,ฮ,False,False,True,False,False,True
Mali-Bold,207,ฯ,False,False,True,False,False,True
Mali-Bold,209,ั,True,True,True,False,False,True
Mali-Bold,210,า,False,False,True,False,False,True
Mali-Bold,212,ิ,True,True,True,False,False,True
Mali-Bold,213,ี,True,True,True,False,False,True
Mali-Bold,214,ึ,True,True,True,False,False,True
Mali-Bold,215,ื,True,True,True,False,False,True
Mali-Bold,216,ุ,True,False,True,False,False,True
Mali-Bold,217,ู,True,False,True,False,False,True
Mali-Bold,224,เ,False,False,True,False,False,True
Mali-Bold,225,แ,False,False,True,False,False,True
Mali-Bold,226,โ,False,False,True,False,False,True
Mali-Bold,227,ใ,False,False,True,False,False,True
Mali-Bold,228,ไ,False,False,True,False,False,True
Mali-Bold,229,ๅ,False,False,True,False,False,True
Mali-Bold,230,ๆ,False,False,True,False,False,True
Mali-Bold,231,็,True,True,True,False,False,True
Mali-Bold,232,่,True,True,True,False,False,True
Mali-Bold,233,้,True,True,True,False,False,True
Mali-Bold,234,๊,True,True,True,False,False,True
Mali-Bold,236,์,True,True,True,False,False,True
Mali-Bold,240,๐,False,False,True,False,False,True
Mali-Bold,241,๑,False,False,True,False,False,True
Mali-Bold,242,๒,False,False,True,False,False,True
Mali-Bold,243,๓,False,False,True,False,False,True
Mali-Bold,244,๔,False,False,True,False,False,True
Mali-Bold,245,๕,False,False,True,False,False,True
Mali-Bold,246,๖,False,False,True,False,False,True
Mali-Bold,247,๗,False,False,True,False,False,True
Mali-Bold,248,๘,False,False,True,False,False,True
Mali-Bold,249,๙,False,False,True,False,False,True
Mali-ExtraLight,161,ก,False,False,True,False,False,True
Mali-ExtraLight,162,ข,False,False,True,False,False,True
Mali-ExtraLight,163,ฃ,False,False,True,False,False,True
Mali-ExtraLight,164,ค,False,False,True,False,False,True
Mali-ExtraLight,167,ง,False,False,True,False,False,True
Mali-ExtraLight,168,จ,False,False,True,False,False,True
Mali-ExtraLight,169,ฉ,False,False,True,False,False,True
Mali-ExtraLight,170,ช,False,False,True,False,False,True
Mali-ExtraLight,171,ซ,False,False,True,False,False,True
Mali-ExtraLight,173,ญ,False,False,True,False,False,True
Mali-ExtraLight,175,ฏ,False,False,True,False,False,True
Mali-ExtraLight,176,ฐ,False,False,True,False,False,True
Mali-ExtraLight,177,ฑ,False,False,True,False,False,True
Mali-ExtraLight,178,ฒ,False,False,True,False,False,True
Mali-ExtraLight,179,ณ,False,False,True,False,False,True
Mali-ExtraLight,180,ด,False,False,True,False,False,True
Mali-ExtraLight,181,ต,False,False,True,False,False,True
Mali-ExtraLight,182,ถ,False,False,True,False,False,True
Mali-ExtraLight,183,ท,False,False,True,False,False,True
Mali-ExtraLight,184,ธ,False,False,True,False,False,True
Mali-ExtraLight,185,น,False,False,True,False,False,True
Mali-ExtraLight,186,บ,False,False,True,False,False,True
Mali-ExtraLight,187,ป,False,False,True,False,False,True
Mali-ExtraLight,188,ผ,False,False,True,False,False,True
Mali-ExtraLight,189,ฝ,False,False,True,False,False,True
Mali-ExtraLight,190,พ,False,False,True,False,False,True
Mali-ExtraLight,191,ฟ,False,False,True,False,False,True
Mali-ExtraLight,192,ภ,False,False,True,False,False,True
Mali-ExtraLight,193,ม,False,False,True,False,False,True
Mali-ExtraLight,194,ย,False,False,True,False,False,True
Mali-ExtraLight,195,ร,False,False,True,False,False,True
Mali-ExtraLight,196,ฤ,False,False,True,False,False,True
Mali-ExtraLight,197,ล,False,False,True,False,False,True
Mali-ExtraLight,199,ว,False,False,True,False,False,True
Mali-ExtraLight,200,ศ,False,False,True,False,False,True
Mali-ExtraLight,201,ษ,False,False,True,False,False,True
Mali-ExtraLight,202,ส,False,False,True,False,False,True
Mali-ExtraLight,203,ห,False,False,True,False,False,True
Mali-ExtraLight,204,ฬ,False,False,True,False,False,True
Mali-ExtraLight,205,อ,False,False,True,False,False,True
Mali-ExtraLight,206,ฮ,False,False,True,False,False,True
Mali-ExtraLight,207,ฯ,False,False,True,False,False,True
Mali-ExtraLight,209,ั,True,True,True,False,False,True
Mali-ExtraLight,210,า,False,False,True,False,False,True
Mali-ExtraLight,212,ิ,True,True,True,False,False,True
Mali-ExtraLight,213,ี,True,True,True,False,False,True
Mali-ExtraLight,214,ึ,True,True,True,False,False,True
Mali-ExtraLight,215,ื,True,True,True,False,False,True
Mali-ExtraLight,216,ุ,True,False,True,False,False,True
Mali-ExtraLight,217,ู,True,False,True,False,False,True
Mali-ExtraLight,224,เ,False,False,True,False,False,True
Mali-ExtraLight,225,แ,False,False,True,False,False,True
Mali-ExtraLight,226,โ,False,False,True,False,False,True
Mali-ExtraLight,227,ใ,False,False,True,False,False,True
Mali-ExtraLight,228,ไ,False,False,True,False,False,True
Mali-ExtraLight,229,ๅ,False,False,True,False,False,True
Mali-ExtraLight,230,ๆ,False,False,True,False,False,True
Mali-ExtraLight,231,็,True,True,True,False,False,True
Mali-ExtraLight,232,่,True,True,True,False,False,True
Mali-ExtraLight,233,้,True,True,True,False,False,True
Mali-ExtraLight,234,๊,True,True,True,False,False,True
Mali-ExtraLight,236,์,True,True,True,False,False,True
Mali-ExtraLight,240,๐,False,False,True,False,False,True
Mali-ExtraLight,241,๑,False,False,True,False,False,True
Mali-ExtraLight,242,๒,False,False,True,False,False,True
Mali-ExtraLight,243,๓,False,False,True,False,False,True
Mali-ExtraLight,244,๔,False,False,True,False,False,True
Mali-ExtraLight,245,๕,False,False,True,False,False,True
Mali-ExtraLight,246,๖,False,False,True,False,False,True
Mali-ExtraLight,247,๗,False,False,True,False,False,True
Mali-ExtraLight,248,๘,False,False,True,False,False,True
Mali-ExtraLight,249,๙,False,False,True,False,False,True
Mali-Light,161,ก,False,False,True,False,False,True
Mali-Light,162,ข,False,False,True,False,False,True
Mali-Light,163,ฃ,False,False,True,False,False,True
Mali-Light,164,ค,False,False,True,False,False,True
Mali-Light,167,ง,False,False,True,False,False,True
Mali-Light,168,จ,False,False,True,False,False,True
Mali-Light,169,ฉ,False,False,True,False,False,True
Mali-Light,170,ช,False,False,True,False,False,True
Mali-Light,171,ซ,False,False,True,False,False,True
Mali-Light,173,ญ,False,False,True,False,False,True
Mali-Light,175,ฏ,False,False,True,False,False,True
Mali-Light,176,ฐ,False,False,True,False,False,True
Mali-Light,177,ฑ,False,False,True,False,False,True
Mali-Light,178,ฒ,False,False,True,False,False,True
Mali-Light,179,ณ,False,False,True,False,False,True
Mali-Light,180,ด,False,False,True,False,False,True
Mali-Light,181,ต,False,False,True,False,False,True
Mali-Light,182,ถ,False,False,True,False,False,True
Mali-Light,183,ท,False,False,True,False,False,True
Mali-Light,184,ธ,False,False,True,False,False,True
Mali-Light,185,น,False,False,True,False,False,True
Mali-Light,186,บ,False,False,True,False,False,True
Mali-Light,187,ป,False,False,True,False,False,True
Mali-Light,188,ผ,False,False,True,False,False,True
Mali-Light,189,ฝ,False,False,True,False,False,True
Mali-Light,190,พ,False,False,True,False,False,True
Mali-Light,191,ฟ,False,False,True,False,False,True
Mali-Light,192,ภ,False,False,True,False,False,True
Mali-Light,193,ม,False,False,True,False,False,True
Mali-Light,194,ย,False,False,True,False,False,True
Mali-Light,195,ร,False,False,True,False,False,True
Mali-Light,196,ฤ,False,False,True,False,False,True
Mali-Light,197,ล,False,False,True,False,False,True
Mali-Light,199,ว,False,False,True,False,False,True
Mali-Light,200,ศ,False,False,True,False,False,True
Mali-Light,201,ษ,False,False,True,False,False,True
Mali-Light,202,ส,False,False,True,False,False,True
Mali-Light,203,ห,False,False,True,False,False,True
Mali-Light,204,ฬ,False,False,True,False,False,True
Mali-Light,205,อ,False,False,True,False,False,True
Mali-Light,206,ฮ,False,False,True,False,False,True
Mali-Light,207,ฯ,False,False,True,False,False,True
Mali-Light,209,ั,True,True,True,False,False,True
Mali-Light,210,า,False,False,True,False,False,True
Mali-Light,212,ิ,True,True,True,False,False,True
Mali-Light,213,ี,True,True,True,False,False,True
Mali-Light,214,ึ,True,True,True,False,False,True
Mali-Light,215,ื,True,True,True,False,False,True
Mali-Light,216,ุ,True,False,True,False,False,True
Mali-Light,217,ู,True,False,True,False,False,True
Mali-Light,224,เ,False,False,True,False,False,True
Mali-Light,225,แ,False,False,True,False,False,True
Mali-Light,226,โ,False,False,True,False,False,True
Mali-Light,227,ใ,False,False,True,False,False,True
Mali-Light,228,ไ,False,False,True,False,False,True
Mali-Light,229,ๅ,False,False,True,False,False,True
Mali-Light,230,ๆ,False,False,True,False,False,True
Mali-Light,231,็,True,True,True,False,False,True
Mali-Light,232,่,True,True,True,False,False,True
Mali-Light,233,้,True,True,True,False,False,True
Mali-Light,234,๊,True,True,True,False,False,True
Mali-Light,236,์,True,True,True,False,False,True
Mali-Light,240,๐,False,False,True,False,False,True
Mali-Light,241,๑,False,False,True,False,False,True
Mali-Light,242,๒,False,False,True,False,False,True
Mali-Light,243,๓,False,False,True,False,False,True
Mali-Light,244,๔,False,False,True,False,False,True
Mali-Light,245,๕,False,False,True,False,False,True
Mali-Light,246,๖,False,False,True,False,False,True
Mali-Light,247,๗,False,False,True,False,False,True
Mali-Light,248,๘,False,False,True,False,False,True
Mali-Light,249,๙,False,False,True,False,False,True
Mali-Medium,161,ก,False,False,True,False,False,True
Mali-Medium,162,ข,False,False,True,False,False,True
Mali-Medium,163,ฃ,False,False,True,False,False,True
Mali-Medium,164,ค,False,False,True,False,False,True
Mali-Medium,167,ง,False,False,True,False,False,True
Mali-Medium,168,จ,False,False,True,False,False,True
Mali-Medium,169,ฉ,False,False,True,False,False,True
Mali-Medium,170,ช,False,False,True,False,False,True
Mali-Medium,171,ซ,False,False,True,False,False,True
Mali-Medium,173,ญ,False,False,True,False,False,True
Mali-Medium,175,ฏ,False,False,True,False,False,True
Mali-Medium,176,ฐ,False,False,True,False,False,True
Mali-Medium,177,ฑ,False,False,True,False,False,True
Mali-Medium,178,ฒ,False,False,True,False,False,True
Mali-Medium,179,ณ,False,False,True,False,False,True
Mali-Medium,180,ด,False,False,True,False,False,True
Mali-Medium,181,ต,False,False,True,False,False,True
Mali-Medium,182,ถ,False,False,True,False,False,True
Mali-Medium,183,ท,False,False,True,False,False,True
Mali-Medium,184,ธ,False,False,True,False,False,True
Mali-Medium,185,น,False,False,True,False,False,True
Mali-Medium,186,บ,False,False,True,False,False,True
Mali-Medium,187,ป,False,False,True,False,False,True
Mali-Medium,188,ผ,False,False,True,False,False,True
Mali-Medium,189,ฝ,False,False,True,False,False,True
Mali-Medium,190,พ,False,False,True,False,False,True
Mali-Medium,191,ฟ,False,False,True,False,False,True
Mali-Medium,192,ภ,False,False,True,False,False,True
Mali-Medium,193,ม,False,False,True,False,False,True
Mali-Medium,194,ย,False,False,True,False,False,True
Mali-Medium,195,ร,False,False,True,False,False,True
Mali-Medium,196,ฤ,False,False,True,False,False,True
Mali-Medium,197,ล,False,False,True,False,False,True
Mali-Medium,199,ว,False,False,True,False,False,True
Mali-Medium,200,ศ,False,False,True,False,False,True
Mali-Medium,201,ษ,False,False,True,False,False,True
Mali-Medium,202,ส,False,False,True,False,False,True
Mali-Medium,203,ห,False,False,True,False,False,True
Mali-Medium,204,ฬ,False,False,True,False,False,True
Mali-Medium,205,อ,False,False,True,False,False,True
Mali-Medium,206,ฮ,False,False,True,False,False,True
Mali-Medium,207,ฯ,False,False,True,False,False,True
Mali-Medium,209,ั,True,True,True,False,False,True
Mali-Medium,210,า,False,False,True,False,False,True
Mali-Medium,212,ิ,True,True,True,False,False,True
Mali-Medium,213,ี,True,True,True,False,False,True
Mali-Medium,214,ึ,True,True,True,False,False,True
Mali-Medium,215,ื,True,True,True,False,False,True
Mali-Medium,216,ุ,True,False,True,False,False,True
Mali-Medium,217,ู,True,False,True,False,False,True
Mali-Medium,224,เ,False,False,True,False,False,True
Mali-Medium,225,แ,False,False,True,False,False,True
Mali-Medium,226,โ,False,False,True,False,False,True
Mali-Medium,227,ใ,False,False,True,False,False,True
Mali-Medium,228,ไ,False,False,True,False,False,True
Mali-Medium,229,ๅ,False,False,True,False,False,True
Mali-Medium,230,ๆ,False,False,True,False,False,True
Mali-Medium,231,็,True,True,True,False,False,True
Mali-Medium,232,่,True,True,True,False,False,True
Mali-Medium,233,้,True,True,True,False,False,True
Mali-Medium,234,๊,True,True,True,False,False,True
Mali-Medium,236,์,True,True,True,False,False,True
Mali-Medium,240,๐,False,False,True,False,False,True
Mali-Medium,241,๑,False,False,True,False,False,True
Mali-Medium,242,๒,False,False,True,False,False,True
Mali-Medium,243,๓,False,False,True,False,False,True
Mali-Medium,244,๔,False,False,True,False,False,True
Mali-Medium,245,๕,False,False,True,False,False,True
Mali-Medium,246,๖,False,False,True,False,False,True
Mali-Medium,247,๗,False,False,True,False,False,True
Mali-Medium,248,๘,False,False,True,False,False,True
Mali-Medium,249,๙,False,False,True,False,False,True
Mali-Regular,161,ก,False,False,True,False,False,True
Mali-Regular,162,ข,False,False,True,False,False,True
Mali-Regular,163,ฃ,False,False,True,False,False,True
Mali-Regular,164,ค,False,False,True,False,False,True
Mali-Regular,167,ง,False,False,True,False,False,True
Mali-Regular,168,จ,False,False,True,False,False,True
Mali-Regular,169,ฉ,False,False,True,False,False,True
Mali-Regular,170,ช,False,False,True,False,False,True
Mali-Regular,171,ซ,False,False,True,False,False,True
Mali-Regular,173,ญ,False,False,True,False,False,True
Mali-Regular,175,ฏ,False,False,True,False,False,True
Mali-Regular,176,ฐ,False,False,True,False,False,True
Mali-Regular,177,ฑ,False,False,True,False,False,True
Mali-Regular,178,ฒ,False,False,True,False,False,True
Mali-Regular,179,ณ,False,False,True,False,False,True
Mali-Regular,180,ด,False,False,True,False,False,True
Mali-Regular,181,ต,False,False,True,False,False,True
Mali-Regular,182,ถ,False,False,True,False,False,True
Mali-Regular,183,ท,False,False,True,False,False,True
Mali-Regular,184,ธ,False,False,True,False,False,True
Mali-Regular,185,น,False,False,True,False,False,True
Mali-Regular,186,บ,False,False,True,False,False,True
Mali-Regular,187,ป,False,False,True,False,False,True
Mali-Regular,188,ผ,False,False,True,False,False,True
Mali-Regular,189,ฝ,False,False,True,False,False,True
Mali-Regular,190,พ,False,False,True,False,False,True
Mali-Regular,191,ฟ,False,False,True,False,False,True
Mali-Regular,192,ภ,False,False,True,False,False,True
Mali-Regular,193,ม,False,False,True,False,False,True
Mali-Regular,194,ย,False,False,True,False,False,True
Mali-Regular,195,ร,False,False,True,False,False,True
Mali-Regular,196,ฤ,False,False,True,False,False,True
Mali-Regular,197,ล,False,False,True,False,False,True
Mali-Regular,199,ว,False,False,True,False,False,True
Mali-Regular,200,ศ,False,False,True,False,False,True
Mali-Regular,201,ษ,False,False,True,False,False,True
Mali-Regular,202,ส,False,False,True,False,False,True
Mali-Regular,203,ห,False,False,True,False,False,True
Mali-Regular,204,ฬ,False,False,True,False,False,True
Mali-Regular,205,อ,False,False,True,False,False,True
Mali-Regular,206,ฮ,False,False,True,False,False,True
Mali-Regular,207,ฯ,False,False,True,False,False,True
Mali-Regular,209,ั,True,True,True,False,False,True
Mali-Regular,210,า,False,False,True,False,False,True
Mali-Regular,212,ิ,True,True,True,False,False,True
Mali-Regular,213,ี,True,True,True,False,False,True
Mali-Regular,214,ึ,True,True,True,False,False,True
Mali-Regular,215,ื,True,True,True,False,False,True
Mali-Regular,216,ุ,True,False,True,False,False,True
Mali-Regular,217,ู,True,False,True,False,False,True
Mali-Regular,224,เ,False,False,True,False,False,True
Mali-Regular,225,แ,False,False,True,False,False,True
Mali-Regular,226,โ,False,False,True,False,False,True
Mali-Regular,227,ใ,False,False,True,False,False,True
Mali-Regular,228,ไ,False,False,True,False,False,True
Mali-Regular,229,ๅ,False,False,True,False,False,True
Mali-Regular,230,ๆ,False,False,True,False,False,True
Mali-Regular,231,็,True,True,True,False,False,True
Mali-Regular,232,่,True,True,True,False,False,True
Mali-Regular,233,้,True,True,True,False,False,True
Mali-Regular,234,๊,True,True,True,False,False,True
Mali-Regular,236,์,True,True,True,False,False,True
Mali-Regular,240,๐,False,False,True,False,False,True
Mali-Regular,241,๑,False,False,True,False,False,True
Mali-Regular,242,๒,False,False,True,False,False,True
Mali-Regular,243,๓,False,False,True,False,False,True
Mali-Regular,244,๔,False,False,True,False,False,True
Mali-Regular,245,๕,False,False,True,False,False,True
Mali-Regular,246,๖,False,False,True,False,False,True
Mali-Regular,247,๗,False,False,True,False,False,True
Mali-Regular,248,๘,False,False,True,False,False,True
Mali-Regular,249,๙,False,False,True,False,False,True
Mali-SemiBold,161,ก,False,False,True,False,False,True
Mali-SemiBold,162,ข,False,False,True,False,False,True
Mali-SemiBold,163,ฃ,False,False,True,False,False,True
Mali-SemiBold,164,ค,False,False,True,False,False,True
Mali-SemiBold,167,ง,False,False,True,False,False,True
Mali-SemiBold,168,จ,False,False,True,False,False,True
Mali-SemiBold,169,ฉ,False,False,True,False,False,True
Mali-SemiBold,170,ช,False,False,True,False,False,True
Mali-SemiBold,171,ซ,False,False,True,False,False,True
Mali-SemiBold,173,ญ,False,False,True,False,False,True
Mali-SemiBold,175,ฏ,False,False,True,False,False,True
Mali-SemiBold,176,ฐ,False,False,True,False,False,True
Mali-SemiBold,177,ฑ,False,False,True,False,False,True
Mali-SemiBold,178,ฒ,False,False,True,False,False,True
Mali-SemiBold,179,ณ,False,False,True,False,False,True
Mali-SemiBold,180,ด,False,False,True,False,False,True
Mali-SemiBold,181,ต,False,False,True,False,False,True
Mali-SemiBold,182,ถ,False,False,True,False,False,True
Mali-SemiBold,183,ท,False,False,True,False,False,True
Mali-SemiBold,184,ธ,False,False,True,False,False,True
Mali-SemiBold,185,น,False,False,True,False,False,True
Mali-SemiBold,186,บ,False,False,True,False,False,True
Mali-SemiBold,187,ป,False,False,True,False,False,True
Mali-SemiBold,188,ผ,False,False,True,False,False,True
Mali-SemiBold,189,ฝ,False,False,True,False,False,True
Mali-SemiBold,190,พ,False,False,True,False,False,True
Mali-SemiBold,191,ฟ,False,False,True,False,False,True
Mali-SemiBold,192,ภ,False,False,True,False,False,True
Mali-SemiBold,193,ม,False,False,True,False,False,True
Mali-SemiBold,194,ย,False,False,True,False,False,True
Mali-SemiBold,195,ร,False,False,True,False,False,True
Mali-SemiBold,196,ฤ,False,False,True,False,False,True
Mali-SemiBold,197,ล,False,False,True,False,False,True
Mali-SemiBold,199,ว,False,False,True,False,False,True
Mali-SemiBold,200,ศ,False,False,True,False,False,True
Mali-SemiBold,201,ษ,False,False,True,False,False,True
Mali-SemiBold,202,ส,False,False,True,False,False,True
Mali-SemiBold,203,ห,False,False,True,False,False,True
Mali-SemiBold,204,ฬ,False,False,True,False,False,True
Mali-SemiBold,205,อ,False,False,True,False,False,True
Mali-SemiBold,206,ฮ,False,False,True,False,False,True
Mali-SemiBold,207,ฯ,False,False,True,False,False,True
Mali-SemiBold,209,ั,True,True,True,False,False,True
Mali-SemiBold,210,า,False,False,True,False,False,True
Mali-SemiBold,212,ิ,True,True,True,False,False,True
Mali-SemiBold,213,ี,True,True,True,False,False,True
Mali-SemiBold,214,ึ,True,True,True,False,False,True
Mali-SemiBold,215,ื,True,True,True,False,False,True
Mali-SemiBold,216,ุ,True,False,True,False,False,True
Mali-SemiBold,217,ู,True,False,True,False,False,True
Mali-SemiBold,224,เ,False,False,True,False,False,True
Mali-SemiBold,225,แ,False,False,True,False,False,True
Mali-SemiBold,226,โ,False,False,True,False,False,True
Mali-SemiBold,227,ใ,False,False,True,False,False,True
Mali-SemiBold,228,ไ,False,False,True,False,False,True
Mali-SemiBold,229,ๅ,False,False,True,False,False,True
Mali-SemiBold,230,ๆ,False,False,True,False,False,True
Mali-SemiBold,231,็,True,True,True,False,False,True
Mali-SemiBold,232,่,True,True,True,False,False,True
Mali-SemiBold,233,้,True,True,True,False,False,True
Mali-SemiBold,234,๊,True,True,True,False,False,True
Mali-SemiBold,236,์,True,True,True,False,False,True
Mali-SemiBold,240,๐,False,False,True,False,False,True
Mali-SemiBold,241,๑,False,False,True,False,False,True
Mali-SemiBold,242,๒,False,False,True,False,False,True
Mali-SemiBold,243,๓,False,False,True,False,False,True
Mali-SemiBold,244,๔,False,False,True,False,False,True
Mali-SemiBold,245,๕,False,False,True,False,False,True
Mali-SemiBold,246,๖,False,False,True,False,False,True
Mali-SemiBold,247,๗,False,False,True,False,False,True
Mali-SemiBold,248,๘,False,False,True,False,False,True
Mali-SemiBold,249,๙,False,False,True,False,False,True
Mitr-Bold,161,ก,False,False,True,False,False,True
Mitr-Bold,162,ข,False,False,True,False,False,True
Mitr-Bold,163,ฃ,False,False,True,False,False,True
Mitr-Bold,164,ค,False,False,True,False,False,True
Mitr-Bold,167,ง,False,False,True,False,False,True
Mitr-Bold,168,จ,False,False,True,False,False,True
Mitr-Bold,169,ฉ,False,False,True,False,False,True
Mitr-Bold,170,ช,False,False,True,False,False,True
Mitr-Bold,171,ซ,False,False,True,False,False,True
Mitr-Bold,173,ญ,False,False,True,False,False,True
Mitr-Bold,175,ฏ,False,False,True,False,False,True
Mitr-Bold,176,ฐ,False,False,True,False,False,True
Mitr-Bold,177,ฑ,False,False,True,False,False,True
Mitr-Bold,178,ฒ,False,False,True,False,False,True
Mitr-Bold,179,ณ,False,False,True,False,False,True
Mitr-Bold,180,ด,False,False,True,False,False,True
Mitr-Bold,181,ต,False,False,True,False,False,True
Mitr-Bold,182,ถ,False,False,True,False,False,True
Mitr-Bold,183,ท,False,False,True,False,False,True
Mitr-Bold,184,ธ,False,False,True,False,False,True
Mitr-Bold,185,น,False,False,True,False,False,True
Mitr-Bold,186,บ,False,False,True,False,False,True
Mitr-Bold,187,ป,False,False,True,False,False,True
Mitr-Bold,188,ผ,False,False,True,False,False,True
Mitr-Bold,189,ฝ,False,False,True,False,False,True
Mitr-Bold,190,พ,False,False,True,False,False,True
Mitr-Bold,191,ฟ,False,False,True,False,False,True
Mitr-Bold,192,ภ,False,False,True,False,False,True
Mitr-Bold,193,ม,False,False,True,False,False,True
Mitr-Bold,194,ย,False,False,True,False,False,True
Mitr-Bold,195,ร,False,False,True,False,False,True
Mitr-Bold,196,ฤ,False,False,True,False,False,True
Mitr-Bold,197,ล,False,False,True,False,False,True
Mitr-Bold,199,ว,False,False,True,False,False,True
Mitr-Bold,200,ศ,False,False,True,False,False,True
Mitr-Bold,201,ษ,False,False,True,False,False,True
Mitr-Bold,202,ส,False,False,True,False,False,True
Mitr-Bold,203,ห,False,False,True,False,False,True
Mitr-Bold,204,ฬ,False,False,True,False,False,True
Mitr-Bold,205,อ,False,False,True,False,False,True
Mitr-Bold,206,ฮ,False,False,True,False,False,True
Mitr-Bold,207,ฯ,False,False,True,False,False,True
Mitr-Bold,209,ั,True,True,True,False,False,True
Mitr-Bold,210,า,False,False,True,False,False,True
Mitr-Bold,212,ิ,True,True,True,False,False,True
Mitr-Bold,213,ี,True,True,True,False,False,True
Mitr-Bold,214,ึ,True,True,True,False,False,True
Mitr-Bold,215,ื,True,True,True,False,False,True
Mitr-Bold,216,ุ,True,False,True,False,False,True
Mitr-Bold,217,ู,True,False,True,False,False,True
Mitr-Bold,224,เ,False,False,True,False,False,True
Mitr-Bold,225,แ,False,False,True,False,False,True
Mitr-Bold,226,โ,False,False,True,False,False,True
Mitr-Bold,227,ใ,False,False,True,False,False,True
Mitr-Bold,228,ไ,False,False,True,False,False,True
Mitr-Bold,229,ๅ,False,False,True,False,False,True
Mitr-Bold,230,ๆ,False,False,True,False,False,True
Mitr-Bold,231,็,True,True,True,False,False,True
Mitr-Bold,232,่,True,True,True,False,False,True
Mitr-Bold,233,้,True,True,True,False,False,True
Mitr-Bold,234,๊,True,True,True,False,False,True
Mitr-Bold,236,์,True,True,True,False,False,True
Mitr-Bold,240,๐,False,False,True,False,False,True
Mitr-Bold,241,๑,False,False,True,False,False,True
Mitr-Bold,242,๒,False,False,True,False,False,True
Mitr-Bold,243,๓,False,False,True,False,False,True
Mitr-Bold,244,๔,False,False,True,False,False,True
Mitr-Bold,245,๕,False,False,True,False,False,True
Mitr-Bold,246,๖,False,False,True,False,False,True
Mitr-Bold,247,๗,False,False,True,False,False,True
Mitr-Bold,248,๘,False,False,True,False,False,True
Mitr-Bold,249,๙,False,False,True,False,False,True
Mitr-ExtraLight,161,ก,False,False,True,False,False,True
Mitr-ExtraLight,162,ข,False,False,True,False,False,True
Mitr-ExtraLight,163,ฃ,False,False,True,False,False,True
Mitr-ExtraLight,164,ค,False,False,True,False,False,True
Mitr-ExtraLight,167,ง,False,False,True,False,False,True
Mitr-ExtraLight,168,จ,False,False,True,False,False,True
Mitr-ExtraLight,169,ฉ,False,False,True,False,False,True
Mitr-ExtraLight,170,ช,False,False,True,False,False,True
Mitr-ExtraLight,171,ซ,False,False,True,False,False,True
Mitr-ExtraLight,173,ญ,False,False,True,False,False,True
Mitr-ExtraLight,175,ฏ,False,False,True,False,False,True
Mitr-ExtraLight,176,ฐ,False,False,True,False,False,True
Mitr-ExtraLight,177,ฑ,False,False,True,False,False,True
Mitr-ExtraLight,178,ฒ,False,False,True,False,False,True
Mitr-ExtraLight,179,ณ,False,False,True,False,False,True
Mitr-ExtraLight,180,ด,False,False,True,False,False,True
Mitr-ExtraLight,181,ต,False,False,True,False,False,True
Mitr-ExtraLight,182,ถ,False,False,True,False,False,True
Mitr-ExtraLight,183,ท,False,False,True,False,False,True
Mitr-ExtraLight,184,ธ,False,False,True,False,False,True
Mitr-ExtraLight,185,น,False,False,True,False,False,True
Mitr-ExtraLight,186,บ,False,False,True,False,False,True
Mitr-ExtraLight,187,ป,False,False,True,False,False,True
Mitr-ExtraLight,188,ผ,False,False,True,False,False,True
Mitr-ExtraLight,189,ฝ,False,False,True,False,False,True
Mitr-ExtraLight,190,พ,False,False,True,False,False,True
Mitr-ExtraLight,191,ฟ,False,False,True,False,False,True
Mitr-ExtraLight,192,ภ,False,False,True,False,False,True
Mitr-ExtraLight,193,ม,False,False,True,False,False,True
Mitr-ExtraLight,194,ย,False,False,True,False,False,True
Mitr-ExtraLight,195,ร,False,False,True,False,False,True
Mitr-ExtraLight,196,ฤ,False,False,True,False,False,True
Mitr-ExtraLight,197,ล,False,False,True,False,False,True
Mitr-ExtraLight,199,ว,False,False,True,False,False,True
Mitr-ExtraLight,200,ศ,False,False,True,False,False,True
Mitr-ExtraLight,201,ษ,False,False,True,False,False,True
Mitr-ExtraLight,202,ส,False,False,True,False,False,True
Mitr-ExtraLight,203,ห,False,False,True,False,False,True
Mitr-ExtraLight,204,ฬ,False,False,True,False,False,True
Mitr-ExtraLight,205,อ,False,False,True,False,False,True
Mitr-ExtraLight,206,ฮ,False,False,True,False,False,True
Mitr-ExtraLight,207,ฯ,False,False,True,False,False,True
Mitr-ExtraLight,209,ั,True,True,True,False,False,True
Mitr-ExtraLight,210,า,False,False,True,False,False,True
Mitr-ExtraLight,212,ิ,True,True,True,False,False,True
Mitr-ExtraLight,213,ี,True,True,True,False,False,True
Mitr-ExtraLight,214,ึ,True,True,True,False,False,True
Mitr-ExtraLight,215,ื,True,True,True,False,False,True
Mitr-ExtraLight,216,ุ,True,False,True,False,False,True
Mitr-ExtraLight,217,ู,True,False,True,False,False,True
Mitr-ExtraLight,224,เ,False,False,True,False,False,True
Mitr-ExtraLight,225,แ,False,False,True,False,False,True
Mitr-ExtraLight,226,โ,False,False,True,False,False,True
Mitr-ExtraLight,227,ใ,False,False,True,False,False,True
Mitr-ExtraLight,228,ไ,False,False,True,False,False,True
Mitr-ExtraLight,229,ๅ,False,False,True,False,False,True
Mitr-ExtraLight,230,ๆ,False,False,True,False,False,True
Mitr-ExtraLight,231,็,True,True,True,False,False,True
Mitr-ExtraLight,232,่,True,True,True,False,False,True
Mitr-ExtraLight,233,้,True,True,True,False,False,True
Mitr-ExtraLight,234,๊,True,True,True,False,False,True
Mitr-ExtraLight,236,์,True,True,True,False,False,True
Mitr-ExtraLight,240,๐,False,False,True,False,False,True
Mitr-ExtraLight,241,๑,False,False,True,False,False,True
Mitr-ExtraLight,242,๒,False,False,True,False,False,True
Mitr-ExtraLight,243,๓,False,False,True,False,False,True
Mitr-ExtraLight,244,๔,False,False,True,False,False,True
Mitr-ExtraLight,245,๕,False,False,True,False,False,True
Mitr-ExtraLight,246,๖,False,False,True,False,False,True
Mitr-ExtraLight,247,๗,False,False,True,False,False,True
Mitr-ExtraLight,248,๘,False,False,True,False,False,True
Mitr-ExtraLight,249,๙,False,False,True,False,False,True
Mitr-Light,161,ก,False,False,True,False,False,True
Mitr-Light,162,ข,False,False,True,False,False,True
Mitr-Light,163,ฃ,False,False,True,False,False,True
Mitr-Light,164,ค,False,False,True,False,False,True
Mitr-Light,167,ง,False,False,True,False,False,True
Mitr-Light,168,จ,False,False,True,False,False,True
Mitr-Light,169,ฉ,False,False,True,False,False,True
Mitr-Light,170,ช,False,False,True,False,False,True
Mitr-Light,171,ซ,False,False,True,False,False,True
Mitr-Light,173,ญ,False,False,True,False,False,True
Mitr-Light,175,ฏ,False,False,True,False,False,True
Mitr-Light,176,ฐ,False,False,True,False,False,True
Mitr-Light,177,ฑ,False,False,True,False,False,True
Mitr-Light,178,ฒ,False,False,True,False,False,True
Mitr-Light,179,ณ,False,False,True,False,False,True
Mitr-Light,180,ด,False,False,True,False,False,True
Mitr-Light,181,ต,False,False,True,False,False,True
Mitr-Light,182,ถ,False,False,True,False,False,True
Mitr-Light,183,ท,False,False,True,False,False,True
Mitr-Light,184,ธ,False,False,True,False,False,True
Mitr-Light,185,น,False,False,True,False,False,True
Mitr-Light,186,บ,False,False,True,False,False,True
Mitr-Light,187,ป,False,False,True,False,False,True
Mitr-Light,188,ผ,False,False,True,False,False,True
Mitr-Light,189,ฝ,False,False,True,False,False,True
Mitr-Light,190,พ,False,False,True,False,False,True
Mitr-Light,191,ฟ,False,False,True,False,False,True
Mitr-Light,192,ภ,False,False,True,False,False,True
Mitr-Light,193,ม,False,False,True,False,False,True
Mitr-Light,194,ย,False,False,True,False,False,True
Mitr-Light,195,ร,False,False,True,False,False,True
Mitr-Light,196,ฤ,False,False,True,False,False,True
Mitr-Light,197,ล,False,False,True,False,False,True
Mitr-Light,199,ว,False,False,True,False,False,True
Mitr-Light,200,ศ,False,False,True,False,False,True
Mitr-Light,201,ษ,False,False,True,False,False,True
Mitr-Light,202,ส,False,False,True,False,False,True
Mitr-Light,203,ห,False,False,True,False,False,True
Mitr-Light,204,ฬ,False,False,True,False,False,True
Mitr-Light,205,อ,False,False,True,False,False,True
Mitr-Light,206,ฮ,False,False,True,False,False,True
Mitr-Light,207,ฯ,False,False,True,False,False,True
Mitr-Light,209,ั,True,True,True,False,False,True
Mitr-Light,210,า,False,False,True,False,False,True
Mitr-Light,212,ิ,True,True,True,False,False,True
Mitr-Light,213,ี,True,True,True,False,False,True
Mitr-Light,214,ึ,True,True,True,False,False,True
Mitr-Light,215,ื,True,True,True,False,False,True
Mitr-Light,216,ุ,True,False,True,False,False,True
Mitr-Light,217,ู,True,False,True,False,False,True
Mitr-Light,224,เ,False,False,True,False,False,True
Mitr-Light,225,แ,False,False,True,False,False,True
Mitr-Light,226,โ,False,False,True,False,False,True
Mitr-Light,227,ใ,False,False,True,False,False,True
Mitr-Light,228,ไ,False,False,True,False,False,True
Mitr-Light,229,ๅ,False,False,True,False,False,True
Mitr-Light,230,ๆ,False,False,True,False,False,True
Mitr-Light,231,็,True,True,True,False,False,True
Mitr-Light,232,่,True,True,True,False,False,True
Mitr-Light,233,้,True,True,True,False,False,True
Mitr-Light,234,๊,True,True,True,False,False,True
Mitr-Light,236,์,True,True,True,False,False,True
Mitr-Light,240,๐,False,False,True,False,False,True
Mitr-Light,241,๑,False,False,True,False,False,True
Mitr-Light,242,๒,False,False,True,False,False,True
Mitr-Light,243,๓,False,False,True,False,False,True
Mitr-Light,244,๔,False,False,True,False,False,True
Mitr-Light,245,๕,False,False,True,False,False,True
Mitr-Light,246,๖,False,False,True,False,False,True
Mitr-Light,247,๗,False,False,True,False,False,True
Mitr-Light,248,๘,False,False,True,False,False,True
Mitr-Light,249,๙,False,False,True,False,False,True
Mitr-Medium,161,ก,False,False,True,False,False,True
Mitr-Medium,162,ข,False,False,True,False,False,True
Mitr-Medium,163,ฃ,False,False,True,False,False,True
Mitr-Medium,164,ค,False,False,True,False,False,True
Mitr-Medium,167,ง,False,False,True,False,False,True
Mitr-Medium,168,จ,False,False,True,False,False,True
Mitr-Medium,169,ฉ,False,False,True,False,False,True
Mitr-Medium,170,ช,False,False,True,False,False,True
Mitr-Medium,171,ซ,False,False,True,False,False,True
Mitr-Medium,173,ญ,False,False,True,False,False,True
Mitr-Medium,175,ฏ,False,False,True,False,False,True
Mitr-Medium,176,ฐ,False,False,True,False,False,True
Mitr-Medium,177,ฑ,False,False,True,False,False,True
Mitr-Medium,178,ฒ,False,False,True,False,False,True
Mitr-Medium,179,ณ,False,False,True,False,False,True
Mitr-Medium,180,ด,False,False,True,False,False,True
Mitr-Medium,181,ต,False,False,True,False,False,True
Mitr-Medium,182,ถ,False,False,True,False,False,True
Mitr-Medium,183,ท,False,False,True,False,False,True
Mitr-Medium,184,ธ,False,False,True,False,False,True
Mitr-Medium,185,น,False,False,True,False,False,True
Mitr-Medium,186,บ,False,False,True,False,False,True
Mitr-Medium,187,ป,False,False,True,False,False,True
Mitr-Medium,188,ผ,False,False,True,False,False,True
Mitr-Medium,189,ฝ,False,False,True,False,False,True
Mitr-Medium,190,พ,False,False,True,False,False,True
Mitr-Medium,191,ฟ,False,False,True,False,False,True
Mitr-Medium,192,ภ,False,False,True,False,False,True
Mitr-Medium,193,ม,False,False,True,False,False,True
Mitr-Medium,194,ย,False,False,True,False,False,True
Mitr-Medium,195,ร,False,False,True,False,False,True
Mitr-Medium,196,ฤ,False,False,True,False,False,True
Mitr-Medium,197,ล,False,False,True,False,False,True
Mitr-Medium,199,ว,False,False,True,False,False,True
Mitr-Medium,200,ศ,False,False,True,False,False,True
Mitr-Medium,201,ษ,False,False,True,False,False,True
Mitr-Medium,202,ส,False,False,True,False,False,True
Mitr-Medium,203,ห,False,False,True,False,False,True
Mitr-Medium,204,ฬ,False,False,True,False,False,True
Mitr-Medium,205,อ,False,False,True,False,False,True
Mitr-Medium,206,ฮ,False,False,True,False,False,True
Mitr-Medium,207,ฯ,False,False,True,False,False,True
Mitr-Medium,209,ั,True,True,True,False,False,True
Mitr-Medium,210,า,False,False,True,False,False,True
Mitr-Medium,212,ิ,True,True,True,False,False,True
Mitr-Medium,213,ี,True,True,True,False,False,True
Mitr-Medium,214,ึ,True,True,True,False,False,True
Mitr-Medium,215,ื,True,True,True,False,False,True
Mitr-Medium,216,ุ,True,False,True,False,False,True
Mitr-Medium,217,ู,True,False,True,False,False,True
Mitr-Medium,224,เ,False,False,True,False,False,True
Mitr-Medium,225,แ,False,False,True,False,False,True
Mitr-Medium,226,โ,False,False,True,False,False,True
Mitr-Medium,227,ใ,False,False,True,False,False,True
Mitr-Medium,228,ไ,False,False,True,False,False,True
Mitr-Medium,229,ๅ,False,False,True,False,False,True
Mitr-Medium,230,ๆ,False,False,True,False,False,True
Mitr-Medium,231,็,True,True,True,False,False,True
Mitr-Medium,232,่,True,True,True,False,False,True
Mitr-Medium,233,้,True,True,True,False,False,True
Mitr-Medium,234,๊,True,True,True,False,False,True
Mitr-Medium,236,์,True,True,True,False,False,True
Mitr-Medium,240,๐,False,False,True,False,False,True
Mitr-Medium,241,๑,False,False,True,False,False,True
Mitr-Medium,242,๒,False,False,True,False,False,True
Mitr-Medium,243,๓,False,False,True,False,False,True
Mitr-Medium,244,๔,False,False,True,False,False,True
Mitr-Medium,245,๕,False,False,True,False,False,True
Mitr-Medium,246,๖,False,False,True,False,False,True
Mitr-Medium,247,๗,False,False,True,False,False,True
Mitr-Medium,248,๘,False,False,True,False,False,True
Mitr-Medium,249,๙,False,False,True,False,False,True
Mitr-Regular,161,ก,False,False,True,False,False,True
Mitr-Regular,162,ข,False,False,True,False,False,True
Mitr-Regular,163,ฃ,False,False,True,False,False,True
Mitr-Regular,164,ค,False,False,True,False,False,True
Mitr-Regular,167,ง,False,False,True,False,False,True
Mitr-Regular,168,จ,False,False,True,False,False,True
Mitr-Regular,169,ฉ,False,False,True,False,False,True
Mitr-Regular,170,ช,False,False,True,False,False,True
Mitr-Regular,171,ซ,False,False,True,False,False,True
Mitr-Regular,173,ญ,False,False,True,False,False,True
Mitr-Regular,175,ฏ,False,False,True,False,False,True
Mitr-Regular,176,ฐ,False,False,True,False,False,True
Mitr-Regular,177,ฑ,False,False,True,False,False,True
Mitr-Regular,178,ฒ,False,False,True,False,False,True
Mitr-Regular,179,ณ,False,False,True,False,False,True
Mitr-Regular,180,ด,False,False,True,False,False,True
Mitr-Regular,181,ต,False,False,True,False,False,True
Mitr-Regular,182,ถ,False,False,True,False,False,True
Mitr-Regular,183,ท,False,False,True,False,False,True
Mitr-Regular,184,ธ,False,False,True,False,False,True
Mitr-Regular,185,น,False,False,True,False,False,True
Mitr-Regular,186,บ,False,False,True,False,False,True
Mitr-Regular,187,ป,False,False,True,False,False,True
Mitr-Regular,188,ผ,False,False,True,False,False,True
Mitr-Regular,189,ฝ,False,False,True,False,False,True
Mitr-Regular,190,พ,False,False,True,False,False,True
Mitr-Regular,191,ฟ,False,False,True,False,False,True
Mitr-Regular,192,ภ,False,False,True,False,False,True
Mitr-Regular,193,ม,False,False,True,False,False,True
Mitr-Regular,194,ย,False,False,True,False,False,True
Mitr-Regular,195,ร,False,False,True,False,False,True
Mitr-Regular,196,ฤ,False,False,True,False,False,True
Mitr-Regular,197,ล,False,False,True,False,False,True
Mitr-Regular,199,ว,False,False,True,False,False,True
Mitr-Regular,200,ศ,False,False,True,False,False,True
Mitr-Regular,201,ษ,False,False,True,False,False,True
Mitr-Regular,202,ส,False,False,True,False,False,True
Mitr-Regular,203,ห,False,False,True,False,False,True
Mitr-Regular,204,ฬ,False,False,True,False,False,True
Mitr-Regular,205,อ,False,False,True,False,False,True
Mitr-Regular,206,ฮ,False,False,True,False,False,True
Mitr-Regular,207,ฯ,False,False,True,False,False,True
Mitr-Regular,209,ั,True,True,True,False,False,True
Mitr-Regular,210,า,False,False,True,False,False,True
Mitr-Regular,212,ิ,True,True,True,False,False,True
Mitr-Regular,213,ี,True,True,True,False,False,True
Mitr-Regular,214,ึ,True,True,True,False,False,True
Mitr-Regular,215,ื,True,True,True,False,False,True
Mitr-Regular,216,ุ,True,False,True,False,False,True
Mitr-Regular,217,ู,True,False,True,False,False,True
Mitr-Regular,224,เ,False,False,True,False,False,True
Mitr-Regular,225,แ,False,False,True,False,False,True
Mitr-Regular,226,โ,False,False,True,False,False,True
Mitr-Regular,227,ใ,False,False,True,False,False,True
Mitr-Regular,228,ไ,False,False,True,False,False,True
Mitr-Regular,229,ๅ,False,False,True,False,False,True
Mitr-Regular,230,ๆ,False,False,True,False,False,True
Mitr-Regular,231,็,True,True,True,False,False,True
Mitr-Regular,232,่,True,True,True,False,False,True
Mitr-Regular,233,้,True,True,True,False,False,True
Mitr-Regular,234,๊,True,True,True,False,False,True
Mitr-Regular,236,์,True,True,True,False,False,True
Mitr-Regular,240,๐,False,False,True,False,False,True
Mitr-Regular,241,๑,False,False,True,False,False,True
Mitr-Regular,242,๒,False,False,True,False,False,True
Mitr-Regular,243,๓,False,False,True,False,False,True
Mitr-Regular,244,๔,False,False,True,False,False,True
Mitr-Regular,245,๕,False,False,True,False,False,True
Mitr-Regular,246,๖,False,False,True,False,False,True
Mitr-Regular,247,๗,False,False,True,False,False,True
Mitr-Regular,248,๘,False,False,True,False,False,True
Mitr-Regular,249,๙,False,False,True,False,False,True
Mitr-SemiBold,161,ก,False,False,True,False,False,True
Mitr-SemiBold,162,ข,False,False,True,False,False,True
Mitr-SemiBold,163,ฃ,False,False,True,False,False,True
Mitr-SemiBold,164,ค,False,False,True,False,False,True
Mitr-SemiBold,167,ง,False,False,True,False,False,True
Mitr-SemiBold,168,จ,False,False,True,False,False,True
Mitr-SemiBold,169,ฉ,False,False,True,False,False,True
Mitr-SemiBold,170,ช,False,False,True,False,False,True
Mitr-SemiBold,171,ซ,False,False,True,False,False,True
Mitr-SemiBold,173,ญ,False,False,True,False,False,True
Mitr-SemiBold,175,ฏ,False,False,True,False,False,True
Mitr-SemiBold,176,ฐ,False,False,True,False,False,True
Mitr-SemiBold,177,ฑ,False,False,True,False,False,True
Mitr-SemiBold,178,ฒ,False,False,True,False,False,True
Mitr-SemiBold,179,ณ,False,False,True,False,False,True
Mitr-SemiBold,180,ด,False,False,True,False,False,True
Mitr-SemiBold,181,ต,False,False,True,False,False,True
Mitr-SemiBold,182,ถ,False,False,True,False,False,True
Mitr-SemiBold,183,ท,False,False,True,False,False,True
Mitr-SemiBold,184,ธ,False,False,True,False,False,True
Mitr-SemiBold,185,น,False,False,True,False,False,True
Mitr-SemiBold,186,บ,False,False,True,False,False,True
Mitr-SemiBold,187,ป,False,False,True,False,False,True
Mitr-SemiBold,188,ผ,False,False,True,False,False,True
Mitr-SemiBold,189,ฝ,False,False,True,False,False,True
Mitr-SemiBold,190,พ,False,False,True,False,False,True
Mitr-SemiBold,191,ฟ,False,False,True,False,False,True
Mitr-SemiBold,192,ภ,False,False,True,False,False,True
Mitr-SemiBold,193,ม,False,False,True,False,False,True
Mitr-SemiBold,194,ย,False,False,True,False,False,True
Mitr-SemiBold,195,ร,False,False,True,False,False,True
Mitr-SemiBold,196,ฤ,False,False,True,False,False,True
Mitr-SemiBold,197,ล,False,False,True,False,False,True
Mitr-SemiBold,199,ว,False,False,True,False,False,True
Mitr-SemiBold,200,ศ,False,False,True,False,False,True
Mitr-SemiBold,201,ษ,False,False,True,False,False,True
Mitr-SemiBold,202,ส,False,False,True,False,False,True
Mitr-SemiBold,203,ห,False,False,True,False,False,True
Mitr-SemiBold,204,ฬ,False,False,True,False,False,True
Mitr-SemiBold,205,อ,False,False,True,False,False,True
Mitr-SemiBold,206,ฮ,False,False,True,False,False,True
Mitr-SemiBold,207,ฯ,False,False,True,False,False,True
Mitr-SemiBold,209,ั,True,True,True,False,False,True
Mitr-SemiBold,210,า,False,False,True,False,False,True
Mitr-SemiBold,212,ิ,True,True,True,False,False,True
Mitr-SemiBold,213,ี,True,True,True,False,False,True
Mitr-SemiBold,214,ึ,True,True,True,False,False,True
Mitr-SemiBold,215,ื,True,True,True,False,False,True
Mitr-SemiBold,216,ุ,True,False,True,False,False,True
Mitr-SemiBold,217,ู,True,False,True,False,False,True
Mitr-SemiBold,224,เ,False,False,True,False,False,True
Mitr-SemiBold,225,แ,False,False,True,False,False,True
Mitr-SemiBold,226,โ,False,False,True,False,False,True
Mitr-SemiBold,227,ใ,False,False,True,False,False,True
Mitr-SemiBold,228,ไ,False,False,True,False,False,True
Mitr-SemiBold,229,ๅ,False,False,True,False,False,True
Mitr-SemiBold,230,ๆ,False,False,True,False,False,True
Mitr-SemiBold,231,็,True,True,True,False,False,True
Mitr-SemiBold,232,่,True,True,True,False,False,True
Mitr-SemiBold,233,้,True,True,True,False,False,True
Mitr-SemiBold,234,๊,True,True,True,False,False,True
Mitr-SemiBold,236,์,True,True,True,False,False,True
Mitr-SemiBold,240,๐,False,False,True,False,False,True
Mitr-SemiBold,241,๑,False,False,True,False,False,True
Mitr-SemiBold,242,๒,False,False,True,False,False,True
Mitr-SemiBold,243,๓,False,False,True,False,False,True
Mitr-SemiBold,244,๔,False,False,True,False,False,True
Mitr-SemiBold,245,๕,False,False,True,False,False,True
Mitr-SemiBold,246,๖,False,False,True,False,False,True
Mitr-SemiBold,247,๗,False,False,True,False,False,True
Mitr-SemiBold,248,๘,False,False,True,False,False,True
Mitr-SemiBold,249,๙,False,False,True,False,False,True
Niramit-Bold,161,ก,False,False,True,False,False,True
Niramit-Bold,162,ข,False,False,True,False,False,True
Niramit-Bold,163,ฃ,False,False,True,False,False,True
Niramit-Bold,164,ค,False,False,True,False,False,True
Niramit-Bold,167,ง,False,False,True,False,False,True
Niramit-Bold,168,จ,False,False,True,False,False,True
Niramit-Bold,169,ฉ,False,False,True,False,False,True
Niramit-Bold,170,ช,False,False,True,False,False,True
Niramit-Bold,171,ซ,False,False,True,False,False,True
Niramit-Bold,173,ญ,False,False,True,False,False,True
Niramit-Bold,175,ฏ,False,False,True,False,False,True
Niramit-Bold,176,ฐ,False,False,True,False,False,True
Niramit-Bold,177,ฑ,False,False,True,False,False,True
Niramit-Bold,178,ฒ,False,False,True,False,False,True
Niramit-Bold,179,ณ,False,False,True,False,False,True
Niramit-Bold,180,ด,False,False,True,False,False,True
Niramit-Bold,181,ต,False,False,True,False,False,True
Niramit-Bold,182,ถ,False,False,True,False,False,True
Niramit-Bold,183,ท,False,False,True,False,False,True
Niramit-Bold,184,ธ,False,False,True,False,False,True
Niramit-Bold,185,น,False,False,True,False,False,True
Niramit-Bold,186,บ,False,False,True,False,False,True
Niramit-Bold,187,ป,False,False,True,False,False,True
Niramit-Bold,188,ผ,False,False,True,False,False,True
Niramit-Bold,189,ฝ,False,False,True,False,False,True
Niramit-Bold,190,พ,False,False,True,False,False,True
Niramit-Bold,191,ฟ,False,False,True,False,False,True
Niramit-Bold,192,ภ,False,False,True,False,False,True
Niramit-Bold,193,ม,False,False,True,False,False,True
Niramit-Bold,194,ย,False,False,True,False,False,True
Niramit-Bold,195,ร,False,False,True,False,False,True
Niramit-Bold,196,ฤ,False,False,True,False,False,True
Niramit-Bold,197,ล,False,False,True,False,False,True
Niramit-Bold,199,ว,False,False,True,False,False,True
Niramit-Bold,200,ศ,False,False,True,False,False,True
Niramit-Bold,201,ษ,False,False,True,False,False,True
Niramit-Bold,202,ส,False,False,True,False,False,True
Niramit-Bold,203,ห,False,False,True,False,False,True
Niramit-Bold,204,ฬ,False,False,True,False,False,True
Niramit-Bold,205,อ,False,False,True,False,False,True
Niramit-Bold,206,ฮ,False,False,True,False,False,True
Niramit-Bold,207,ฯ,False,False,True,False,False,True
Niramit-Bold,209,ั,True,True,True,False,False,True
Niramit-Bold,210,า,False,False,True,False,False,True
Niramit-Bold,212,ิ,True,True,True,False,False,True
Niramit-Bold,213,ี,True,True,True,False,False,True
Niramit-Bold,214,ึ,True,True,True,False,False,True
Niramit-Bold,215,ื,True,True,True,False,False,True
Niramit-Bold,216,ุ,True,False,True,False,False,True
Niramit-Bold,217,ู,True,False,True,False,False,True
Niramit-Bold,224,เ,False,False,True,False,False,True
Niramit-Bold,225,แ,False,False,True,False,False,True
Niramit-Bold,226,โ,False,False,True,False,False,True
Niramit-Bold,227,ใ,False,False,True,False,False,True
Niramit-Bold,228,ไ,False,False,True,False,False,True
Niramit-Bold,229,ๅ,False,False,True,False,False,True
Niramit-Bold,230,ๆ,False,False,True,False,False,True
Niramit-Bold,231,็,True,True,True,False,False,True
Niramit-Bold,232,่,True,True,True,False,False,True
Niramit-Bold,233,้,True,True,True,False,False,True
Niramit-Bold,234,๊,True,True,True,False,False,True
Niramit-Bold,236,์,True,True,True,False,False,True
Niramit-Bold,240,๐,False,False,True,False,False,True
Niramit-Bold,241,๑,False,False,True,False,False,True
Niramit-Bold,242,๒,False,False,True,False,False,True
Niramit-Bold,243,๓,False,False,True,False,False,True
Niramit-Bold,244,๔,False,False,True,False,False,True
Niramit-Bold,245,๕,False,False,True,False,False,True
Niramit-Bold,246,๖,False,False,True,False,False,True
Niramit-Bold,247,๗,False,False,True,False,False,True
Niramit-Bold,248,๘,False,False,True,False,False,True
Niramit-Bold,249,๙,False,False,True,False,False,True
Niramit-ExtraLight,161,ก,False,False,True,False,False,True
Niramit-ExtraLight,162,ข,False,False,True,False,False,True
Niramit-ExtraLight,163,ฃ,False,False,True,False,False,True
Niramit-ExtraLight,164,ค,False,False,True,False,False,True
Niramit-ExtraLight,167,ง,False,False,True,False,False,True
Niramit-ExtraLight,168,จ,False,False,True,False,False,True
Niramit-ExtraLight,169,ฉ,False,False,True,False,False,True
Niramit-ExtraLight,170,ช,False,False,True,False,False,True
Niramit-ExtraLight,171,ซ,False,False,True,False,False,True
Niramit-ExtraLight,173,ญ,False,False,True,False,False,True
Niramit-ExtraLight,175,ฏ,False,False,True,False,False,True
Niramit-ExtraLight,176,ฐ,False,False,True,False,False,True
Niramit-ExtraLight,177,ฑ,False,False,True,False,False,True
Niramit-ExtraLight,178,ฒ,False,False,True,False,False,True
Niramit-ExtraLight,179,ณ,False,False,True,False,False,True
Niramit-ExtraLight,180,ด,False,False,True,False,False,True
Niramit-ExtraLight,181,ต,False,False,True,False,False,True
Niramit-ExtraLight,182,ถ,False,False,True,False,False,True
Niramit-ExtraLight,183,ท,False,False,True,False,False,True
Niramit-ExtraLight,184,ธ,False,False,True,False,False,True
Niramit-ExtraLight,185,น,False,False,True,False,False,True
Niramit-ExtraLight,186,บ,False,False,True,False,False,True
Niramit-ExtraLight,187,ป,False,False,True,False,False,True
Niramit-ExtraLight,188,ผ,False,False,True,False,False,True
Niramit-ExtraLight,189,ฝ,False,False,True,False,False,True
Niramit-ExtraLight,190,พ,False,False,True,False,False,True
Niramit-ExtraLight,191,ฟ,False,False,True,False,False,True
Niramit-ExtraLight,192,ภ,False,False,True,False,False,True
Niramit-ExtraLight,193,ม,False,False,True,False,False,True
Niramit-ExtraLight,194,ย,False,False,True,False,False,True
Niramit-ExtraLight,195,ร,False,False,True,False,False,True
Niramit-ExtraLight,196,ฤ,False,False,True,False,False,True
Niramit-ExtraLight,197,ล,False,False,True,False,False,True
Niramit-ExtraLight,199,ว,False,False,True,False,False,True
Niramit-ExtraLight,200,ศ,False,False,True,False,False,True
Niramit-ExtraLight,201,ษ,False,False,True,False,False,True
Niramit-ExtraLight,202,ส,False,False,True,False,False,True
Niramit-ExtraLight,203,ห,False,False,True,False,False,True
Niramit-ExtraLight,204,ฬ,False,False,True,False,False,True
Niramit-ExtraLight,205,อ,False,False,True,False,False,True
Niramit-ExtraLight,206,ฮ,False,False,True,False,False,True
Niramit-ExtraLight,207,ฯ,False,False,True,False,False,True
Niramit-ExtraLight,209,ั,True,True,True,False,False,True
Niramit-ExtraLight,210,า,False,False,True,False,False,True
Niramit-ExtraLight,212,ิ,True,True,True,False,False,True
Niramit-ExtraLight,213,ี,True,True,True,False,False,True
Niramit-ExtraLight,214,ึ,True,True,True,False,False,True
Niramit-ExtraLight,215,ื,True,True,True,False,False,True
Niramit-ExtraLight,216,ุ,True,False,True,False,False,True
Niramit-ExtraLight,217,ู,True,False,True,False,False,True
Niramit-ExtraLight,224,เ,False,False,True,False,False,True
Niramit-ExtraLight,225,แ,False,False,True,False,False,True
Niramit-ExtraLight,226,โ,False,False,True,False,False,True
Niramit-ExtraLight,227,ใ,False,False,True,False,False,True
Niramit-ExtraLight,228,ไ,False,False,True,False,False,True
Niramit-ExtraLight,229,ๅ,False,False,True,False,False,True
Niramit-ExtraLight,230,ๆ,False,False,True,False,False,True
Niramit-ExtraLight,231,็,True,True,True,False,False,True
Niramit-ExtraLight,232,่,True,True,True,False,False,True
Niramit-ExtraLight,233,้,True,True,True,False,False,True
Niramit-ExtraLight,234,๊,True,True,True,False,False,True
Niramit-ExtraLight,236,์,True,True,True,False,False,True
Niramit-ExtraLight,240,๐,False,False,True,False,False,True
Niramit-ExtraLight,241,๑,False,False,True,False,False,True
Niramit-ExtraLight,242,๒,False,False,True,False,False,True
Niramit-ExtraLight,243,๓,False,False,True,False,False,True
Niramit-ExtraLight,244,๔,False,False,True,False,False,True
Niramit-ExtraLight,245,๕,False,False,True,False,False,True
Niramit-ExtraLight,246,๖,False,False,True,False,False,True
Niramit-ExtraLight,247,๗,False,False,True,False,False,True
Niramit-ExtraLight,248,๘,False,False,True,False,False,True
Niramit-ExtraLight,249,๙,False,False,True,False,False,True
Niramit-Light,161,ก,False,False,True,False,False,True
Niramit-Light,162,ข,False,False,True,False,False,True
Niramit-Light,163,ฃ,False,False,True,False,False,True
Niramit-Light,164,ค,False,False,True,False,False,True
Niramit-Light,167,ง,False,False,True,False,False,True
Niramit-Light,168,จ,False,False,True,False,False,True
Niramit-Light,169,ฉ,False,False,True,False,False,True
Niramit-Light,170,ช,False,False,True,False,False,True
Niramit-Light,171,ซ,False,False,True,False,False,True
Niramit-Light,173,ญ,False,False,True,False,False,True
Niramit-Light,175,ฏ,False,False,True,False,False,True
Niramit-Light,176,ฐ,False,False,True,False,False,True
Niramit-Light,177,ฑ,False,False,True,False,False,True
Niramit-Light,178,ฒ,False,False,True,False,False,True
Niramit-Light,179,ณ,False,False,True,False,False,True
Niramit-Light,180,ด,False,False,True,False,False,True
Niramit-Light,181,ต,False,False,True,False,False,True
Niramit-Light,182,ถ,False,False,True,False,False,True
Niramit-Light,183,ท,False,False,True,False,False,True
Niramit-Light,184,ธ,False,False,True,False,False,True
Niramit-Light,185,น,False,False,True,False,False,True
Niramit-Light,186,บ,False,False,True,False,False,True
Niramit-Light,187,ป,False,False,True,False,False,True
Niramit-Light,188,ผ,False,False,True,False,False,True
Niramit-Light,189,ฝ,False,False,True,False,False,True
Niramit-Light,190,พ,False,False,True,False,False,True
Niramit-Light,191,ฟ,False,False,True,False,False,True
Niramit-Light,192,ภ,False,False,True,False,False,True
Niramit-Light,193,ม,False,False,True,False,False,True
Niramit-Light,194,ย,False,False,True,False,False,True
Niramit-Light,195,ร,False,False,True,False,False,True
Niramit-Light,196,ฤ,False,False,True,False,False,True
Niramit-Light,197,ล,False,False,True,False,False,True
Niramit-Light,199,ว,False,False,True,False,False,True
Niramit-Light,200,ศ,False,False,True,False,False,True
Niramit-Light,201,ษ,False,False,True,False,False,True
Niramit-Light,202,ส,False,False,True,False,False,True
Niramit-Light,203,ห,False,False,True,False,False,True
Niramit-Light,204,ฬ,False,False,True,False,False,True
Niramit-Light,205,อ,False,False,True,False,False,True
Niramit-Light,206,ฮ,False,False,True,False,False,True
Niramit-Light,207,ฯ,False,False,True,False,False,True
Niramit-Light,209,ั,True,True,True,False,False,True
Niramit-Light,210,า,False,False,True,False,False,True
Niramit-Light,212,ิ,True,True,True,False,False,True
Niramit-Light,213,ี,True,True,True,False,False,True
Niramit-Light,214,ึ,True,True,True,False,False,True
Niramit-Light,215,ื,True,True,True,False,False,True
Niramit-Light,216,ุ,True,False,True,False,False,True
Niramit-Light,217,ู,True,False,True,False,False,True
Niramit-Light,224,เ,False,False,True,False,False,True
Niramit-Light,225,แ,False,False,True,False,False,True
Niramit-Light,226,โ,False,False,True,False,False,True
Niramit-Light,227,ใ,False,False,True,False,False,True
Niramit-Light,228,ไ,False,False,True,False,False,True
Niramit-Light,229,ๅ,False,False,True,False,False,True
Niramit-Light,230,ๆ,False,False,True,False,False,True
Niramit-Light,231,็,True,True,True,False,False,True
Niramit-Light,232,่,True,True,True,False,False,True
Niramit-Light,233,้,True,True,True,False,False,True
Niramit-Light,234,๊,True,True,True,False,False,True
Niramit-Light,236,์,True,True,True,False,False,True
Niramit-Light,240,๐,False,False,True,False,False,True
Niramit-Light,241,๑,False,False,True,False,False,True
Niramit-Light,242,๒,False,False,True,False,False,True
Niramit-Light,243,๓,False,False,True,False,False,True
Niramit-Light,244,๔,False,False,True,False,False,True
Niramit-Light,245,๕,False,False,True,False,False,True
Niramit-Light,246,๖,False,False,True,False,False,True
Niramit-Light,247,๗,False,False,True,False,False,True
Niramit-Light,248,๘,False,False,True,False,False,True
Niramit-Light,249,๙,False,False,True,False,False,True
Niramit-Medium,161,ก,False,False,True,False,False,True
Niramit-Medium,162,ข,False,False,True,False,False,True
Niramit-Medium,163,ฃ,False,False,True,False,False,True
Niramit-Medium,164,ค,False,False,True,False,False,True
Niramit-Medium,167,ง,False,False,True,False,False,True
Niramit-Medium,168,จ,False,False,True,False,False,True
Niramit-Medium,169,ฉ,False,False,True,False,False,True
Niramit-Medium,170,ช,False,False,True,False,False,True
Niramit-Medium,171,ซ,False,False,True,False,False,True
Niramit-Medium,173,ญ,False,False,True,False,False,True
Niramit-Medium,175,ฏ,False,False,True,False,False,True
Niramit-Medium,176,ฐ,False,False,True,False,False,True
Niramit-Medium,177,ฑ,False,False,True,False,False,True
Niramit-Medium,178,ฒ,False,False,True,False,False,True
Niramit-Medium,179,ณ,False,False,True,False,False,True
Niramit-Medium,180,ด,False,False,True,False,False,True
Niramit-Medium,181,ต,False,False,True,False,False,True
Niramit-Medium,182,ถ,False,False,True,False,False,True
Niramit-Medium,183,ท,False,False,True,False,False,True
Niramit-Medium,184,ธ,False,False,True,False,False,True
Niramit-Medium,185,น,False,False,True,False,False,True
Niramit-Medium,186,บ,False,False,True,False,False,True
Niramit-Medium,187,ป,False,False,True,False,False,True
Niramit-Medium,188,ผ,False,False,True,False,False,True
Niramit-Medium,189,ฝ,False,False,True,False,False,True
Niramit-Medium,190,พ,False,False,True,False,False,True
Niramit-Medium,191,ฟ,False,False,True,False,False,True
Niramit-Medium,192,ภ,False,False,True,False,False,True
Niramit-Medium,193,ม,False,False,True,False,False,True
Niramit-Medium,194,ย,False,False,True,False,False,True
Niramit-Medium,195,ร,False,False,True,False,False,True
Niramit-Medium,196,ฤ,False,False,True,False,False,True
Niramit-Medium,197,ล,False,False,True,False,False,True
Niramit-Medium,199,ว,False,False,True,False,False,True
Niramit-Medium,200,ศ,False,False,True,False,False,True
Niramit-Medium,201,ษ,False,False,True,False,False,True
Niramit-Medium,202,ส,False,False,True,False,False,True
Niramit-Medium,203,ห,False,False,True,False,False,True
Niramit-Medium,204,ฬ,False,False,True,False,False,True
Niramit-Medium,205,อ,False,False,True,False,False,True
Niramit-Medium,206,ฮ,False,False,True,False,False,True
Niramit-Medium,207,ฯ,False,False,True,False,False,True
Niramit-Medium,209,ั,True,True,True,False,False,True
Niramit-Medium,210,า,False,False,True,False,False,True
Niramit-Medium,212,ิ,True,True,True,False,False,True
Niramit-Medium,213,ี,True,True,True,False,False,True
Niramit-Medium,214,ึ,True,True,True,False,False,True
Niramit-Medium,215,ื,True,True,True,False,False,True
Niramit-Medium,216,ุ,True,False,True,False,False,True
Niramit-Medium,217,ู,True,False,True,False,False,True
Niramit-Medium,224,เ,False,False,True,False,False,True
Niramit-Medium,225,แ,False,False,True,False,False,True
Niramit-Medium,226,โ,False,False,True,False,False,True
Niramit-Medium,227,ใ,False,False,True,False,False,True
Niramit-Medium,228,ไ,False,False,True,False,False,True
Niramit-Medium,229,ๅ,False,False,True,False,False,True
Niramit-Medium,230,ๆ,False,False,True,False,False,True
Niramit-Medium,231,็,True,True,True,False,False,True
Niramit-Medium,232,่,True,True,True,False,False,True
Niramit-Medium,233,้,True,True,True,False,False,True
Niramit-Medium,234,๊,True,True,True,False,False,True
Niramit-Medium,236,์,True,True,True,False,False,True
Niramit-Medium,240,๐,False,False,True,False,False,True
Niramit-Medium,241,๑,False,False,True,False,False,True
Niramit-Medium,242,๒,False,False,True,False,False,True
Niramit-Medium,243,๓,False,False,True,False,False,True
Niramit-Medium,244,๔,False,False,True,False,False,True
Niramit-Medium,245,๕,False,False,True,False,False,True
Niramit-Medium,246,๖,False,False,True,False,False,True
Niramit-Medium,247,๗,False,False,True,False,False,True
Niramit-Medium,248,๘,False,False,True,False,False,True
Niramit-Medium,249,๙,False,False,True,False,False,True
Niramit-Regular,161,ก,False,False,True,False,False,True
Niramit-Regular,162,ข,False,False,True,False,False,True
Niramit-Regular,163,ฃ,False,False,True,False,False,True
Niramit-Regular,164,ค,False,False,True,False,False,True
Niramit-Regular,167,ง,False,False,True,False,False,True
Niramit-Regular,168,จ,False,False,True,False,False,True
Niramit-Regular,169,ฉ,False,False,True,False,False,True
Niramit-Regular,170,ช,False,False,True,False,False,True
Niramit-Regular,171,ซ,False,False,True,False,False,True
Niramit-Regular,173,ญ,False,False,True,False,False,True
Niramit-Regular,175,ฏ,False,False,True,False,False,True
Niramit-Regular,176,ฐ,False,False,True,False,False,True
Niramit-Regular,177,ฑ,False,False,True,False,False,True
Niramit-Regular,178,ฒ,False,False,True,False,False,True
Niramit-Regular,179,ณ,False,False,True,False,False,True
Niramit-Regular,180,ด,False,False,True,False,False,True
Niramit-Regular,181,ต,False,False,True,False,False,True
Niramit-Regular,182,ถ,False,False,True,False,False,True
Niramit-Regular,183,ท,False,False,True,False,False,True
Niramit-Regular,184,ธ,False,False,True,False,False,True
Niramit-Regular,185,น,False,False,True,False,False,True
Niramit-Regular,186,บ,False,False,True,False,False,True
Niramit-Regular,187,ป,False,False,True,False,False,True
Niramit-Regular,188,ผ,False,False,True,False,False,True
Niramit-Regular,189,ฝ,False,False,True,False,False,True
Niramit-Regular,190,พ,False,False,True,False,False,True
Niramit-Regular,191,ฟ,False,False,True,False,False,True
Niramit-Regular,192,ภ,False,False,True,False,False,True
Niramit-Regular,193,ม,False,False,True,False,False,True
Niramit-Regular,194,ย,False,False,True,False,False,True
Niramit-Regular,195,ร,False,False,True,False,False,True
Niramit-Regular,196,ฤ,False,False,True,False,False,True
Niramit-Regular,197,ล,False,False,True,False,False,True
Niramit-Regular,199,ว,False,False,True,False,False,True
Niramit-Regular,200,ศ,False,False,True,False,False,True
Niramit-Regular,201,ษ,False,False,True,False,False,True
Niramit-Regular,202,ส,False,False,True,False,False,True
Niramit-Regular,203,ห,False,False,True,False,False,True
Niramit-Regular,204,ฬ,False,False,True,False,False,True
Niramit-Regular,205,อ,False,False,True,False,False,True
Niramit-Regular,206,ฮ,False,False,True,False,False,True
Niramit-Regular,207,ฯ,False,False,True,False,False,True
Niramit-Regular,209,ั,True,True,True,False,False,True
Niramit-Regular,210,า,False,False,True,False,False,True
Niramit-Regular,212,ิ,True,True,True,False,False,True
Niramit-Regular,213,ี,True,True,True,False,False,True
Niramit-Regular,214,ึ,True,True,True,False,False,True
Niramit-Regular,215,ื,True,True,True,False,False,True
Niramit-Regular,216,ุ,True,False,True,False,False,True
Niramit-Regular,217,ู,True,False,True,False,False,True
Niramit-Regular,224,เ,False,False,True,False,False,True
Niramit-Regular,225,แ,False,False,True,False,False,True
Niramit-Regular,226,โ,False,False,True,False,False,True
Niramit-Regular,227,ใ,False,False,True,False,False,True
Niramit-Regular,228,ไ,False,False,True,False,False,True
Niramit-Regular,229,ๅ,False,False,True,False,False,True
Niramit-Regular,230,ๆ,False,False,True,False,False,True
Niramit-Regular,231,็,True,True,True,False,False,True
Niramit-Regular,232,่,True,True,True,False,False,True
Niramit-Regular,233,้,True,True,True,False,False,True
Niramit-Regular,234,๊,True,True,True,False,False,True
Niramit-Regular,236,์,True,True,True,False,False,True
Niramit-Regular,240,๐,False,False,True,False,False,True
Niramit-Regular,241,๑,False,False,True,False,False,True
Niramit-Regular,242,๒,False,False,True,False,False,True
Niramit-Regular,243,๓,False,False,True,False,False,True
Niramit-Regular,244,๔,False,False,True,False,False,True
Niramit-Regular,245,๕,False,False,True,False,False,True
Niramit-Regular,246,๖,False,False,True,False,False,True
Niramit-Regular,247,๗,False,False,True,False,False,True
Niramit-Regular,248,๘,False,False,True,False,False,True
Niramit-Regular,249,๙,False,False,True,False,False,True
Niramit-SemiBold,161,ก,False,False,True,False,False,True
Niramit-SemiBold,162,ข,False,False,True,False,False,True
Niramit-SemiBold,163,ฃ,False,False,True,False,False,True
Niramit-SemiBold,164,ค,False,False,True,False,False,True
Niramit-SemiBold,167,ง,False,False,True,False,False,True
Niramit-SemiBold,168,จ,False,False,True,False,False,True
Niramit-SemiBold,169,ฉ,False,False,True,False,False,True
Niramit-SemiBold,170,ช,False,False,True,False,False,True
Niramit-SemiBold,171,ซ,False,False,True,False,False,True
Niramit-SemiBold,173,ญ,False,False,True,False,False,True
Niramit-SemiBold,175,ฏ,False,False,True,False,False,True
Niramit-SemiBold,176,ฐ,False,False,True,False,False,True
Niramit-SemiBold,177,ฑ,False,False,True,False,False,True
Niramit-SemiBold,178,ฒ,False,False,True,False,False,True
Niramit-SemiBold,179,ณ,False,False,True,False,False,True
Niramit-SemiBold,180,ด,False,False,True,False,False,True
Niramit-SemiBold,181,ต,False,False,True,False,False,True
Niramit-SemiBold,182,ถ,False,False,True,False,False,True
Niramit-SemiBold,183,ท,False,False,True,False,False,True
Niramit-SemiBold,184,ธ,False,False,True,False,False,True
Niramit-SemiBold,185,น,False,False,True,False,False,True
Niramit-SemiBold,186,บ,False,False,True,False,False,True
Niramit-SemiBold,187,ป,False,False,True,False,False,True
Niramit-SemiBold,188,ผ,False,False,True,False,False,True
Niramit-SemiBold,189,ฝ,False,False,True,False,False,True
Niramit-SemiBold,190,พ,False,False,True,False,False,True
Niramit-SemiBold,191,ฟ,False,False,True,False,False,True
Niramit-SemiBold,192,ภ,False,False,True,False,False,True
Niramit-SemiBold,193,ม,False,False,True,False,False,True
Niramit-SemiBold,194,ย,False,False,True,False,False,True
Niramit-SemiBold,195,ร,False,False,True,False,False,True
Niramit-SemiBold,196,ฤ,False,False,True,False,False,True
Niramit-SemiBold,197,ล,False,False,True,False,False,True
Niramit-SemiBold,199,ว,False,False,True,False,False,True
Niramit-SemiBold,200,ศ,False,False,True,False,False,True
Niramit-SemiBold,201,ษ,False,False,True,False,False,True
Niramit-SemiBold,202,ส,False,False,True,False,False,True
Niramit-SemiBold,203,ห,False,False,True,False,False,True
Niramit-SemiBold,204,ฬ,False,False,True,False,False,True
Niramit-SemiBold,205,อ,False,False,True,False,False,True
Niramit-SemiBold,206,ฮ,False,False,True,False,False,True
Niramit-SemiBold,207,ฯ,False,False,True,False,False,True
Niramit-SemiBold,209,ั,True,True,True,False,False,True
Niramit-SemiBold,210,า,False,False,True,False,False,True
Niramit-SemiBold,212,ิ,True,True,True,False,False,True
Niramit-SemiBold,213,ี,True,True,True,False,False,True
Niramit-SemiBold,214,ึ,True,True,True,False,False,True
Niramit-SemiBold,215,ื,True,True,True,False,False,True
Niramit-SemiBold,216,ุ,True,False,True,False,False,True
Niramit-SemiBold,217,ู,True,False,True,False,False,True
Niramit-SemiBold,224,เ,False,False,True,False,False,True
Niramit-SemiBold,225,แ,False,False,True,False,False,True
Niramit-SemiBold,226,โ,False,False,True,False,False,True
Niramit-SemiBold,227,ใ,False,False,True,False,False,True
Niramit-SemiBold,228,ไ,False,False,True,False,False,True
Niramit-SemiBold,229,ๅ,False,False,True,False,False,True
Niramit-SemiBold,230,ๆ,False,False,True,False,False,True
Niramit-SemiBold,231,็,True,True,True,False,False,True
Niramit-SemiBold,232,่,True,True,True,False,False,True
Niramit-SemiBold,233,้,True,True,True,False,False,True
Niramit-SemiBold,234,๊,True,True,True,False,False,True
Niramit-SemiBold,236,์,True,True,True,False,False,True
Niramit-SemiBold,240,๐,False,False,True,False,False,True
Niramit-SemiBold,241,๑,False,False,True,False,False,True
Niramit-SemiBold,242,๒,False,False,True,False,False,True
Niramit-SemiBold,243,๓,False,False,True,False,False,True
Niramit-SemiBold,244,๔,False,False,True,False,False,True
Niramit-SemiBold,245,๕,False,False,True,False,False,True
Niramit-SemiBold,246,๖,False,False,True,False,False,True
Niramit-SemiBold,247,๗,False,False,True,False,False,True
Niramit-SemiBold,248,๘,False,False,True,False,False,True
Niramit-SemiBold,249,๙,False,False,True,False,False,True
"NotoSansThaiLooped[wdth,wght]",161,ก,False,False,True,False,False,True
"NotoSansThaiLooped[wdth,wght]",162,ข,False,False,True,False,False,True
"NotoSansThaiLooped[wdth,wght]",163,ฃ,False,False,True,False,False,True
"NotoSansThaiLooped[wdth,wght]",164,ค,False,False,True,False,False,True
"NotoSansThaiLooped[wdth,wght]",167,ง,False,False,True,False,False,True
"NotoSansThaiLooped[wdth,wght]",168,จ,False,False,True,False,False,True
"NotoSansThaiLooped[wdth,wght]",169,ฉ,False,False,True,False,False,True
"NotoSansThaiLooped[wdth,wght]",170,ช,False,False,True,False,False,True
"NotoSansThaiLooped[wdth,wght]",171,ซ,False,False,True,False,False,True
"NotoSansThaiLooped[wdth,wght]",173,ญ,False,False,True,False,False,True
"NotoSansThaiLooped[wdth,wght]",175,ฏ,False,False,True,False,False,True
"NotoSansThaiLooped[wdth,wght]",176,ฐ,False,False,True,False,False,True
"NotoSansThaiLooped[wdth,wght]",177,ฑ,False,False,True,False,False,True
"NotoSansThaiLooped[wdth,wght]",178,ฒ,False,False,True,False,False,True
"NotoSansThaiLooped[wdth,wght]",179,ณ,False,False,True,False,False,True
"NotoSansThaiLooped[wdth,wght]",180,ด,False,False,True,False,False,True
"NotoSansThaiLooped[wdth,wght]",181,ต,False,False,True,False,False,True
"NotoSansThaiLooped[wdth,wght]",182,ถ,False,False,True,False,False,True
"NotoSansThaiLooped[wdth,wght]",183,ท,False,False,True,False,False,True
"NotoSansThaiLooped[wdth,wght]",184,ธ,False,False,True,False,False,True
"NotoSansThaiLooped[wdth,wght]",185,น,False,False,True,False,False,True
"NotoSansThaiLooped[wdth,wght]",186,บ,False,False,True,False,False,True
"NotoSansThaiLooped[wdth,wght]",187,ป,False,False,True,False,False,True
"NotoSansThaiLooped[wdth,wght]",188,ผ,False,False,True,False,False,True
"NotoSansThaiLooped[wdth,wght]",189,ฝ,False,False,True,False,False,True
"NotoSansThaiLooped[wdth,wght]",190,พ,False,False,True,False,False,True
"NotoSansThaiLooped[wdth,wght]",191,ฟ,False,False,True,False,False,True
"NotoSansThaiLooped[wdth,wght]",192,ภ,False,False,True,False,False,True
"NotoSansThaiLooped[wdth,wght]",193,ม,False,False,True,False,False,True
"NotoSansThaiLooped[wdth,wght]",194,ย,False,False,True,False,False,True
"NotoSansThaiLooped[wdth,wght]",195,ร,False,False,True,False,False,True
"NotoSansThaiLooped[wdth,wght]",196,ฤ,False,False,True,False,False,True
"NotoSansThaiLooped[wdth,wght]",197,ล,False,False,True,False,False,True
"NotoSansThaiLooped[wdth,wght]",199,ว,False,False,True,False,False,True
"NotoSansThaiLooped[wdth,wght]",200,ศ,False,False,True,False,False,True
"NotoSansThaiLooped[wdth,wght]",201,ษ,False,False,True,False,False,True
"NotoSansThaiLooped[wdth,wght]",202,ส,False,False,True,False,False,True
"NotoSansThaiLooped[wdth,wght]",203,ห,False,False,True,False,False,True
"NotoSansThaiLooped[wdth,wght]",204,ฬ,False,False,True,False,False,True
"NotoSansThaiLooped[wdth,wght]",205,อ,False,False,True,False,False,True
"NotoSansThaiLooped[wdth,wght]",206,ฮ,False,False,True,False,False,True
"NotoSansThaiLooped[wdth,wght]",207,ฯ,False,False,True,False,False,True
"NotoSansThaiLooped[wdth,wght]",209,ั,True,True,True,False,False,True
"NotoSansThaiLooped[wdth,wght]",210,า,False,False,True,False,False,True
"NotoSansThaiLooped[wdth,wght]",212,ิ,True,True,True,False,False,True
"NotoSansThaiLooped[wdth,wght]",213,ี,True,True,True,False,False,True
"NotoSansThaiLooped[wdth,wght]",214,ึ,True,True,True,False,False,True
"NotoSansThaiLooped[wdth,wght]",215,ื,True,True,True,False,False,True
"NotoSansThaiLooped[wdth,wght]",216,ุ,True,False,True,False,False,True
"NotoSansThaiLooped[wdth,wght]",217,ู,True,False,True,False,False,True
"NotoSansThaiLooped[wdth,wght]",224,เ,False,False,True,False,False,True
"NotoSansThaiLooped[wdth,wght]",225,แ,False,False,True,False,False,True
"NotoSansThaiLooped[wdth,wght]",226,โ,False,False,True,False,False,True
"NotoSansThaiLooped[wdth,wght]",227,ใ,False,False,True,False,False,True
"NotoSansThaiLooped[wdth,wght]",228,ไ,False,False,True,False,False,True
"NotoSansThaiLooped[wdth,wght]",229,ๅ,False,False,True,False,False,True
"NotoSansThaiLooped[wdth,wght]",230,ๆ,False,False,True,False,False,True
"NotoSansThaiLooped[wdth,wght]",231,็,True,True,True,False,False,True
"NotoSansThaiLooped[wdth,wght]",232,่,True,True,True,False,False,True
"NotoSansThaiLooped[wdth,wght]",233,้,True,True,True,False,False,True
"NotoSansThaiLooped[wdth,wght]",234,๊,True,True,True,False,False,True
"NotoSansThaiLooped[wdth,wght]",236,์,True,True,True,False,False,True
"NotoSansThaiLooped[wdth,wght]",240,๐,False,False,True,False,False,True
"NotoSansThaiLooped[wdth,wght]",241,๑,False,False,True,False,False,True
"NotoSansThaiLooped[wdth,wght]",242,๒,False,False,True,False,False,True
"NotoSansThaiLooped[wdth,wght]",243,๓,False,False,True,False,False,True
"NotoSansThaiLooped[wdth,wght]",244,๔,False,False,True,False,False,True
"NotoSansThaiLooped[wdth,wght]",245,๕,False,False,True,False,False,True
"NotoSansThaiLooped[wdth,wght]",246,๖,False,False,True,False,False,True
"NotoSansThaiLooped[wdth,wght]",247,๗,False,False,True,False,False,True
"NotoSansThaiLooped[wdth,wght]",248,๘,False,False,True,False,False,True
"NotoSansThaiLooped[wdth,wght]",249,๙,False,False,True,False,False,True
"NotoSansThai[wdth,wght]",161,ก,False,False,True,False,False,True
"NotoSansThai[wdth,wght]",162,ข,False,False,True,False,False,True
"NotoSansThai[wdth,wght]",163,ฃ,False,False,True,False,False,True
"NotoSansThai[wdth,wght]",164,ค,False,False,True,False,False,True
"NotoSansThai[wdth,wght]",167,ง,False,False,True,False,False,True
"NotoSansThai[wdth,wght]",168,จ,False,False,True,False,False,True
"NotoSansThai[wdth,wght]",169,ฉ,False,False,True,False,False,True
"NotoSansThai[wdth,wght]",170,ช,False,False,True,False,False,True
"NotoSansThai[wdth,wght]",171,ซ,False,False,True,False,False,True
"NotoSansThai[wdth,wght]",173,ญ,False,False,True,False,False,True
"NotoSansThai[wdth,wght]",175,ฏ,False,False,True,False,False,True
"NotoSansThai[wdth,wght]",176,ฐ,False,False,True,False,False,True
"NotoSansThai[wdth,wght]",177,ฑ,False,False,True,False,False,True
"NotoSansThai[wdth,wght]",178,ฒ,False,False,True,False,False,True
"NotoSansThai[wdth,wght]",179,ณ,False,False,True,False,False,True
"NotoSansThai[wdth,wght]",180,ด,False,False,True,False,False,True
"NotoSansThai[wdth,wght]",181,ต,False,False,True,False,False,True
"NotoSansThai[wdth,wght]",182,ถ,False,False,True,False,False,True
"NotoSansThai[wdth,wght]",183,ท,False,False,True,False,False,True
"NotoSansThai[wdth,wght]",184,ธ,False,False,True,False,False,True
"NotoSansThai[wdth,wght]",185,น,False,False,True,False,False,True
"NotoSansThai[wdth,wght]",186,บ,False,False,True,False,False,True
"NotoSansThai[wdth,wght]",187,ป,False,False,True,False,False,True
"NotoSansThai[wdth,wght]",188,ผ,False,False,True,False,False,True
"NotoSansThai[wdth,wght]",189,ฝ,False,False,True,False,False,True
"NotoSansThai[wdth,wght]",190,พ,False,False,True,False,False,True
"NotoSansThai[wdth,wght]",191,ฟ,False,False,True,False,False,True
"NotoSansThai[wdth,wght]",192,ภ,False,False,True,False,False,True
"NotoSansThai[wdth,wght]",193,ม,False,False,True,False,False,True
"NotoSansThai[wdth,wght]",194,ย,False,False,True,False,False,True
"NotoSansThai[wdth,wght]",195,ร,False,False,True,False,False,True
"NotoSansThai[wdth,wght]",196,ฤ,False,False,True,False,False,True
"NotoSansThai[wdth,wght]",197,ล,False,False,True,False,False,True
"NotoSansThai[wdth,wght]",199,ว,False,False,True,False,False,True
"NotoSansThai[wdth,wght]",200,ศ,False,False,True,False,False,True
"NotoSansThai[wdth,wght]",201,ษ,False,False,True,False,False,True
"NotoSansThai[wdth,wght]",202,ส,False,False,True,False,False,True
"NotoSansThai[wdth,wght]",203,ห,False,False,True,False,False,True
"NotoSansThai[wdth,wght]",204,ฬ,False,False,True,False,False,True
"NotoSansThai[wdth,wght]",205,อ,False,False,True,False,False,True
"NotoSansThai[wdth,wght]",206,ฮ,False,False,True,False,False,True
"NotoSansThai[wdth,wght]",207,ฯ,False,False,True,False,False,True
"NotoSansThai[wdth,wght]",209,ั,True,True,True,False,False,True
"NotoSansThai[wdth,wght]",210,า,False,False,True,False,False,True
"NotoSansThai[wdth,wght]",212,ิ,True,True,True,False,False,True
"NotoSansThai[wdth,wght]",213,ี,True,True,True,False,False,True
"NotoSansThai[wdth,wght]",214,ึ,True,True,True,False,False,True
"NotoSansThai[wdth,wght]",215,ื,True,True,True,False,False,True
"NotoSansThai[wdth,wght]",216,ุ,True,False,True,False,False,True
"NotoSansThai[wdth,wght]",217,ู,True,False,True,False,False,True
"NotoSansThai[wdth,wght]",224,เ,False,False,True,False,False,True
"NotoSansThai[wdth,wght]",225,แ,False,False,True,False,False,True
"NotoSansThai[wdth,wght]",226,โ,False,False,True,False,False,True
"NotoSansThai[wdth,wght]",227,ใ,False,False,True,False,False,True
"NotoSansThai[wdth,wght]",228,ไ,False,False,True,False,False,True
"NotoSansThai[wdth,wght]",229,ๅ,False,False,True,False,False,True
"NotoSansThai[wdth,wght]",230,ๆ,False,False,True,False,False,True
"NotoSansThai[wdth,wght]",231,็,True,True,True,False,False,True
"NotoSansThai[wdth,wght]",232,่,True,True,True,False,False,True
"NotoSansThai[wdth,wght]",233,้,True,True,True,False,False,True
"NotoSansThai[wdth,wght]",234,๊,True,True,True,False,False,True
"NotoSansThai[wdth,wght]",236,์,True,True,True,False,False,True
"NotoSansThai[wdth,wght]",240,๐,False,False,True,False,False,True
"NotoSansThai[wdth,wght]",241,๑,False,False,True,False,False,True
"NotoSansThai[wdth,wght]",242,๒,False,False,True,False,False,True
"NotoSansThai[wdth,wght]",243,๓,False,False,True,False,False,True
"NotoSansThai[wdth,wght]",244,๔,False,False,True,False,False,True
"NotoSansThai[wdth,wght]",245,๕,False,False,True,False,False,True
"NotoSansThai[wdth,wght]",246,๖,False,False,True,False,False,True
"NotoSansThai[wdth,wght]",247,๗,False,False,True,False,False,True
"NotoSansThai[wdth,wght]",248,๘,False,False,True,False,False,True
"NotoSansThai[wdth,wght]",249,๙,False,False,True,False,False,True
"NotoSerifThai[wdth,wght]",161,ก,False,False,True,False,False,True
"NotoSerifThai[wdth,wght]",162,ข,False,False,True,False,False,True
"NotoSerifThai[wdth,wght]",163,ฃ,False,False,True,False,False,True
"NotoSerifThai[wdth,wght]",164,ค,False,False,True,False,False,True
"NotoSerifThai[wdth,wght]",167,ง,False,False,True,False,False,True
"NotoSerifThai[wdth,wght]",168,จ,False,False,True,False,False,True
"NotoSerifThai[wdth,wght]",169,ฉ,False,False,True,False,False,True
"NotoSerifThai[wdth,wght]",170,ช,False,False,True,False,False,True
"NotoSerifThai[wdth,wght]",171,ซ,False,False,True,False,False,True
"NotoSerifThai[wdth,wght]",173,ญ,False,False,True,False,False,True
"NotoSerifThai[wdth,wght]",175,ฏ,False,False,True,False,False,True
"NotoSerifThai[wdth,wght]",176,ฐ,False,False,True,False,False,True
"NotoSerifThai[wdth,wght]",177,ฑ,False,False,True,False,False,True
"NotoSerifThai[wdth,wght]",178,ฒ,False,False,True,False,False,True
"NotoSerifThai[wdth,wght]",179,ณ,False,False,True,False,False,True
"NotoSerifThai[wdth,wght]",180,ด,False,False,True,False,False,True
"NotoSerifThai[wdth,wght]",181,ต,False,False,True,False,False,True
"NotoSerifThai[wdth,wght]",182,ถ,False,False,True,False,False,True
"NotoSerifThai[wdth,wght]",183,ท,False,False,True,False,False,True
"NotoSerifThai[wdth,wght]",184,ธ,False,False,True,False,False,True
"NotoSerifThai[wdth,wght]",185,น,False,False,True,False,False,True
"NotoSerifThai[wdth,wght]",186,บ,False,False,True,False,False,True
"NotoSerifThai[wdth,wght]",187,ป,False,False,True,False,False,True
"NotoSerifThai[wdth,wght]",188,ผ,False,False,True,False,False,True
"NotoSerifThai[wdth,wght]",189,ฝ,False,False,True,False,False,True
"NotoSerifThai[wdth,wght]",190,พ,False,False,True,False,False,True
"NotoSerifThai[wdth,wght]",191,ฟ,False,False,True,False,False,True
"NotoSerifThai[wdth,wght]",192,ภ,False,False,True,False,False,True
"NotoSerifThai[wdth,wght]",193,ม,False,False,True,False,False,True
"NotoSerifThai[wdth,wght]",194,ย,False,False,True,False,False,True
"NotoSerifThai[wdth,wght]",195,ร,False,False,True,False,False,True
"NotoSerifThai[wdth,wght]",196,ฤ,False,False,True,False,False,True
"NotoSerifThai[wdth,wght]",197,ล,False,False,True,False,False,True
"NotoSerifThai[wdth,wght]",199,ว,False,False,True,False,False,True
"NotoSerifThai[wdth,wght]",200,ศ,False,False,True,False,False,True
"NotoSerifThai[wdth,wght]",201,ษ,False,False,True,False,False,True
"NotoSerifThai[wdth,wght]",202,ส,False,False,True,False,False,True
"NotoSerifThai[wdth,wght]",203,ห,False,False,True,False,False,True
"NotoSerifThai[wdth,wght]",204,ฬ,False,False,True,False,False,True
"NotoSerifThai[wdth,wght]",205,อ,False,False,True,False,False,True
"NotoSerifThai[wdth,wght]",206,ฮ,False,False,True,False,False,True
"NotoSerifThai[wdth,wght]",207,ฯ,False,False,True,False,False,True
"NotoSerifThai[wdth,wght]",209,ั,True,True,True,False,False,True
"NotoSerifThai[wdth,wght]",210,า,False,False,True,False,False,True
"NotoSerifThai[wdth,wght]",212,ิ,True,True,True,False,False,True
"NotoSerifThai[wdth,wght]",213,ี,True,True,True,False,False,True
"NotoSerifThai[wdth,wght]",214,ึ,True,True,True,False,False,True
"NotoSerifThai[wdth,wght]",215,ื,True,True,True,False,False,True
"NotoSerifThai[wdth,wght]",216,ุ,True,False,True,False,False,True
"NotoSerifThai[wdth,wght]",217,ู,True,False,True,False,False,True
"NotoSerifThai[wdth,wght]",224,เ,False,False,True,False,False,True
"NotoSerifThai[wdth,wght]",225,แ,False,False,True,False,False,True
"NotoSerifThai[wdth,wght]",226,โ,False,False,True,False,False,True
"NotoSerifThai[wdth,wght]",227,ใ,False,False,True,False,False,True
"NotoSerifThai[wdth,wght]",228,ไ,False,False,True,False,False,True
"NotoSerifThai[wdth,wght]",229,ๅ,False,False,True,False,False,True
"NotoSerifThai[wdth,wght]",230,ๆ,False,False,True,False,False,True
"NotoSerifThai[wdth,wght]",231,็,True,True,True,False,False,True
"NotoSerifThai[wdth,wght]",232,่,True,True,True,False,False,True
"NotoSerifThai[wdth,wght]",233,้,True,True,True,False,False,True
"NotoSerifThai[wdth,wght]",234,๊,True,True,True,False,False,True
"NotoSerifThai[wdth,wght]",236,์,True,True,True,False,False,True
"NotoSerifThai[wdth,wght]",240,๐,False,False,True,False,False,True
"NotoSerifThai[wdth,wght]",241,๑,False,False,True,False,False,True
"NotoSerifThai[wdth,wght]",242,๒,False,False,True,False,False,True
"NotoSerifThai[wdth,wght]",243,๓,False,False,True,False,False,True
"NotoSerifThai[wdth,wght]",244,๔,False,False,True,False,False,True
"NotoSerifThai[wdth,wght]",245,๕,False,False,True,False,False,True
"NotoSerifThai[wdth,wght]",246,๖,False,False,True,False,False,True
"NotoSerifThai[wdth,wght]",247,๗,False,False,True,False,False,True
"NotoSerifThai[wdth,wght]",248,๘,False,False,True,False,False,True
"NotoSerifThai[wdth,wght]",249,๙,False,False,True,False,False,True
Pattaya-Regular,161,ก,False,False,True,False,False,True
Pattaya-Regular,162,ข,False,False,True,False,False,True
Pattaya-Regular,163,ฃ,False,False,True,False,False,True
Pattaya-Regular,164,ค,False,False,True,False,False,True
Pattaya-Regular,167,ง,False,False,True,False,False,True
Pattaya-Regular,168,จ,False,False,True,False,False,True
Pattaya-Regular,169,ฉ,False,False,True,False,False,True
Pattaya-Regular,170,ช,False,False,True,False,False,True
Pattaya-Regular,171,ซ,False,False,True,False,False,True
Pattaya-Regular,173,ญ,False,False,True,False,False,True
Pattaya-Regular,175,ฏ,False,False,True,False,False,True
Pattaya-Regular,176,ฐ,False,False,True,False,False,True
Pattaya-Regular,177,ฑ,False,False,True,False,False,True
Pattaya-Regular,178,ฒ,False,False,True,False,False,True
Pattaya-Regular,179,ณ,False,False,True,False,False,True
Pattaya-Regular,180,ด,False,False,True,False,False,True
Pattaya-Regular,181,ต,False,False,True,False,False,True
Pattaya-Regular,182,ถ,False,False,True,False,False,True
Pattaya-Regular,183,ท,False,False,True,False,False,True
Pattaya-Regular,184,ธ,False,False,True,False,False,True
Pattaya-Regular,185,น,False,False,True,False,False,True
Pattaya-Regular,186,บ,False,False,True,False,False,True
Pattaya-Regular,187,ป,False,False,True,False,False,True
Pattaya-Regular,188,ผ,False,False,True,False,False,True
Pattaya-Regular,189,ฝ,False,False,True,False,False,True
Pattaya-Regular,190,พ,False,False,True,False,False,True
Pattaya-Regular,191,ฟ,False,False,True,False,False,True
Pattaya-Regular,192,ภ,False,False,True,False,False,True
Pattaya-Regular,193,ม,False,False,True,False,False,True
Pattaya-Regular,194,ย,False,False,True,False,False,True
Pattaya-Regular,195,ร,False,False,True,False,False,True
Pattaya-Regular,196,ฤ,False,False,True,False,False,True
Pattaya-Regular,197,ล,False,False,True,False,False,True
Pattaya-Regular,199,ว,False,False,True,False,False,True
Pattaya-Regular,200,ศ,False,False,True,False,False,True
Pattaya-Regular,201,ษ,False,False,True,False,False,True
Pattaya-Regular,202,ส,False,False,True,False,False,True
Pattaya-Regular,203,ห,False,False,True,False,False,True
Pattaya-Regular,204,ฬ,False,False,True,False,False,True
Pattaya-Regular,205,อ,False,False,True,False,False,True
Pattaya-Regular,206,ฮ,False,False,True,False,False,True
Pattaya-Regular,207,ฯ,False,False,True,False,False,True
Pattaya-Regular,209,ั,True,True,True,False,False,True
Pattaya-Regular,210,า,False,False,True,False,False,True
Pattaya-Regular,212,ิ,True,True,True,False,False,True
Pattaya-Regular,213,ี,True,True,True,False,False,True
Pattaya-Regular,214,ึ,True,True,True,False,False,True
Pattaya-Regular,215,ื,True,True,True,False,False,True
Pattaya-Regular,216,ุ,True,False,True,False,False,True
Pattaya-Regular,217,ู,True,False,True,False,False,True
Pattaya-Regular,224,เ,False,False,True,False,False,True
Pattaya-Regular,225,แ,False,False,True,False,False,True
Pattaya-Regular,226,โ,False,False,True,False,False,True
Pattaya-Regular,227,ใ,False,False,True,False,False,True
Pattaya-Regular,228,ไ,False,False,True,False,False,True
Pattaya-Regular,229,ๅ,False,False,True,False,False,True
Pattaya-Regular,230,ๆ,False,False,True,False,False,True
Pattaya-Regular,231,็,True,True,True,False,False,True
Pattaya-Regular,232,่,True,True,True,False,False,True
Pattaya-Regular,233,้,True,True,True,False,False,True
Pattaya-Regular,234,๊,True,True,True,False,False,True
Pattaya-Regular,236,์,True,True,True,False,False,True
Pattaya-Regular,240,๐,False,False,True,False,False,True
Pattaya-Regular,241,๑,False,False,True,False,False,True
Pattaya-Regular,242,๒,False,False,True,False,False,True
Pattaya-Regular,243,๓,False,False,True,False,False,True
Pattaya-Regular,244,๔,False,False,True,False,False,True
Pattaya-Regular,245,๕,False,False,True,False,False,True
Pattaya-Regular,246,๖,False,False,True,False,False,True
Pattaya-Regular,247,๗,False,False,True,False,False,True
Pattaya-Regular,248,๘,False,False,True,False,False,True
Pattaya-Regular,249,๙,False,False,True,False,False,True
Pridi-Bold,161,ก,False,False,True,False,False,True
Pridi-Bold,162,ข,False,False,True,False,False,True
Pridi-Bold,163,ฃ,False,False,True,False,False,True
Pridi-Bold,164,ค,False,False,True,False,False,True
Pridi-Bold,167,ง,False,False,True,False,False,True
Pridi-Bold,168,จ,False,False,True,False,False,True
Pridi-Bold,169,ฉ,False,False,True,False,False,True
Pridi-Bold,170,ช,False,False,True,False,False,True
Pridi-Bold,171,ซ,False,False,True,False,False,True
Pridi-Bold,173,ญ,False,False,True,False,False,True
Pridi-Bold,175,ฏ,False,False,True,False,False,True
Pridi-Bold,176,ฐ,False,False,True,False,False,True
Pridi-Bold,177,ฑ,False,False,True,False,False,True
Pridi-Bold,178,ฒ,False,False,True,False,False,True
Pridi-Bold,179,ณ,False,False,True,False,False,True
Pridi-Bold,180,ด,False,False,True,False,False,True
Pridi-Bold,181,ต,False,False,True,False,False,True
Pridi-Bold,182,ถ,False,False,True,False,False,True
Pridi-Bold,183,ท,False,False,True,False,False,True
Pridi-Bold,184,ธ,False,False,True,False,False,True
Pridi-Bold,185,น,False,False,True,False,False,True
Pridi-Bold,186,บ,False,False,True,False,False,True
Pridi-Bold,187,ป,False,False,True,False,False,True
Pridi-Bold,188,ผ,False,False,True,False,False,True
Pridi-Bold,189,ฝ,False,False,True,False,False,True
Pridi-Bold,190,พ,False,False,True,False,False,True
Pridi-Bold,191,ฟ,False,False,True,False,False,True
Pridi-Bold,192,ภ,False,False,True,False,False,True
Pridi-Bold,193,ม,False,False,True,False,False,True
Pridi-Bold,194,ย,False,False,True,False,False,True
Pridi-Bold,195,ร,False,False,True,False,False,True
Pridi-Bold,196,ฤ,False,False,True,False,False,True
Pridi-Bold,197,ล,False,False,True,False,False,True
Pridi-Bold,199,ว,False,False,True,False,False,True
Pridi-Bold,200,ศ,False,False,True,False,False,True
Pridi-Bold,201,ษ,False,False,True,False,False,True
Pridi-Bold,202,ส,False,False,True,False,False,True
Pridi-Bold,203,ห,False,False,True,False,False,True
Pridi-Bold,204,ฬ,False,False,True,False,False,True
Pridi-Bold,205,อ,False,False,True,False,False,True
Pridi-Bold,206,ฮ,False,False,True,False,False,True
Pridi-Bold,207,ฯ,False,False,True,False,False,True
Pridi-Bold,209,ั,True,True,True,False,False,True
Pridi-Bold,210,า,False,False,True,False,False,True
Pridi-Bold,212,ิ,True,True,True,False,False,True
Pridi-Bold,213,ี,True,True,True,False,False,True
Pridi-Bold,214,ึ,True,True,True,False,False,True
Pridi-Bold,215,ื,True,True,True,False,False,True
Pridi-Bold,216,ุ,True,False,True,False,False,True
Pridi-Bold,217,ู,True,False,True,False,False,True
Pridi-Bold,224,เ,False,False,True,False,False,True
Pridi-Bold,225,แ,False,False,True,False,False,True
Pridi-Bold,226,โ,False,False,True,False,False,True
Pridi-Bold,227,ใ,False,False,True,False,False,True
Pridi-Bold,228,ไ,False,False,True,False,False,True
Pridi-Bold,229,ๅ,False,False,True,False,False,True
Pridi-Bold,230,ๆ,False,False,True,False,False,True
Pridi-Bold,231,็,True,True,True,False,False,True
Pridi-Bold,232,่,True,True,True,False,False,True
Pridi-Bold,233,้,True,True,True,False,False,True
Pridi-Bold,234,๊,True,True,True,False,False,True
Pridi-Bold,236,์,True,True,True,False,False,True
Pridi-Bold,240,๐,False,False,True,False,False,True
Pridi-Bold,241,๑,False,False,True,False,False,True
Pridi-Bold,242,๒,False,False,True,False,False,True
Pridi-Bold,243,๓,False,False,True,False,False,True
Pridi-Bold,244,๔,False,False,True,False,False,True
Pridi-Bold,245,๕,False,False,True,False,False,True
Pridi-Bold,246,๖,False,False,True,False,False,True
Pridi-Bold,247,๗,False,False,True,False,False,True
Pridi-Bold,248,๘,False,False,True,False,False,True
Pridi-Bold,249,๙,False,False,True,False,False,True
Pridi-ExtraLight,161,ก,False,False,True,False,False,True
Pridi-ExtraLight,162,ข,False,False,True,False,False,True
Pridi-ExtraLight,163,ฃ,False,False,True,False,False,True
Pridi-ExtraLight,164,ค,False,False,True,False,False,True
Pridi-ExtraLight,167,ง,False,False,True,False,False,True
Pridi-ExtraLight,168,จ,False,False,True,False,False,True
Pridi-ExtraLight,169,ฉ,False,False,True,False,False,True
Pridi-ExtraLight,170,ช,False,False,True,False,False,True
Pridi-ExtraLight,171,ซ,False,False,True,False,False,True
Pridi-ExtraLight,173,ญ,False,False,True,False,False,True
Pridi-ExtraLight,175,ฏ,False,False,True,False,False,True
Pridi-ExtraLight,176,ฐ,False,False,True,False,False,True
Pridi-ExtraLight,177,ฑ,False,False,True,False,False,True
Pridi-ExtraLight,178,ฒ,False,False,True,False,False,True
Pridi-ExtraLight,179,ณ,False,False,True,False,False,True
Pridi-ExtraLight,180,ด,False,False,True,False,False,True
Pridi-ExtraLight,181,ต,False,False,True,False,False,True
Pridi-ExtraLight,182,ถ,False,False,True,False,False,True
Pridi-ExtraLight,183,ท,False,False,True,False,False,True
Pridi-ExtraLight,184,ธ,False,False,True,False,False,True
Pridi-ExtraLight,185,น,False,False,True,False,False,True
Pridi-ExtraLight,186,บ,False,False,True,False,False,True
Pridi-ExtraLight,187,ป,False,False,True,False,False,True
Pridi-ExtraLight,188,ผ,False,False,True,False,False,True
Pridi-ExtraLight,189,ฝ,False,False,True,False,False,True
Pridi-ExtraLight,190,พ,False,False,True,False,False,True
Pridi-ExtraLight,191,ฟ,False,False,True,False,False,True
Pridi-ExtraLight,192,ภ,False,False,True,False,False,True
Pridi-ExtraLight,193,ม,False,False,True,False,False,True
Pridi-ExtraLight,194,ย,False,False,True,False,False,True
Pridi-ExtraLight,195,ร,False,False,True,False,False,True
Pridi-ExtraLight,196,ฤ,False,False,True,False,False,True
Pridi-ExtraLight,197,ล,False,False,True,False,False,True
Pridi-ExtraLight,199,ว,False,False,True,False,False,True
Pridi-ExtraLight,200,ศ,False,False,True,False,False,True
Pridi-ExtraLight,201,ษ,False,False,True,False,False,True
Pridi-ExtraLight,202,ส,False,False,True,False,False,True
Pridi-ExtraLight,203,ห,False,False,True,False,False,True
Pridi-ExtraLight,204,ฬ,False,False,True,False,False,True
Pridi-ExtraLight,205,อ,False,False,True,False,False,True
Pridi-ExtraLight,206,ฮ,False,False,True,False,False,True
Pridi-ExtraLight,207,ฯ,False,False,True,False,False,True
Pridi-ExtraLight,209,ั,True,True,True,False,False,True
Pridi-ExtraLight,210,า,False,False,True,False,False,True
Pridi-ExtraLight,212,ิ,True,True,True,False,False,True
Pridi-ExtraLight,213,ี,True,True,True,False,False,True
Pridi-ExtraLight,214,ึ,True,True,True,False,False,True
Pridi-ExtraLight,215,ื,True,True,True,False,False,True
Pridi-ExtraLight,216,ุ,True,False,True,False,False,True
Pridi-ExtraLight,217,ู,True,False,True,False,False,True
Pridi-ExtraLight,224,เ,False,False,True,False,False,True
Pridi-ExtraLight,225,แ,False,False,True,False,False,True
Pridi-ExtraLight,226,โ,False,False,True,False,False,True
Pridi-ExtraLight,227,ใ,False,False,True,False,False,True
Pridi-ExtraLight,228,ไ,False,False,True,False,False,True
Pridi-ExtraLight,229,ๅ,False,False,True,False,False,True
Pridi-ExtraLight,230,ๆ,False,False,True,False,False,True
Pridi-ExtraLight,231,็,True,True,True,False,False,True
Pridi-ExtraLight,232,่,True,True,True,False,False,True
Pridi-ExtraLight,233,้,True,True,True,False,False,True
Pridi-ExtraLight,234,๊,True,True,True,False,False,True
Pridi-ExtraLight,236,์,True,True,True,False,False,True
Pridi-ExtraLight,240,๐,False,False,True,False,False,True
Pridi-ExtraLight,241,๑,False,False,True,False,False,True
Pridi-ExtraLight,242,๒,False,False,True,False,False,True
Pridi-ExtraLight,243,๓,False,False,True,False,False,True
Pridi-ExtraLight,244,๔,False,False,True,False,False,True
Pridi-ExtraLight,245,๕,False,False,True,False,False,True
Pridi-ExtraLight,246,๖,False,False,True,False,False,True
Pridi-ExtraLight,247,๗,False,False,True,False,False,True
Pridi-ExtraLight,248,๘,False,False,True,False,False,True
Pridi-ExtraLight,249,๙,False,False,True,False,False,True
Pridi-Light,161,ก,False,False,True,False,False,True
Pridi-Light,162,ข,False,False,True,False,False,True
Pridi-Light,163,ฃ,False,False,True,False,False,True
Pridi-Light,164,ค,False,False,True,False,False,True
Pridi-Light,167,ง,False,False,True,False,False,True
Pridi-Light,168,จ,False,False,True,False,False,True
Pridi-Light,169,ฉ,False,False,True,False,False,True
Pridi-Light,170,ช,False,False,True,False,False,True
Pridi-Light,171,ซ,False,False,True,False,False,True
Pridi-Light,173,ญ,False,False,True,False,False,True
Pridi-Light,175,ฏ,False,False,True,False,False,True
Pridi-Light,176,ฐ,False,False,True,False,False,True
Pridi-Light,177,ฑ,False,False,True,False,False,True
Pridi-Light,178,ฒ,False,False,True,False,False,True
Pridi-Light,179,ณ,False,False,True,False,False,True
Pridi-Light,180,ด,False,False,True,False,False,True
Pridi-Light,181,ต,False,False,True,False,False,True
Pridi-Light,182,ถ,False,False,True,False,False,True
Pridi-Light,183,ท,False,False,True,False,False,True
Pridi-Light,184,ธ,False,False,True,False,False,True
Pridi-Light,185,น,False,False,True,False,False,True
Pridi-Light,186,บ,False,False,True,False,False,True
Pridi-Light,187,ป,False,False,True,False,False,True
Pridi-Light,188,ผ,False,False,True,False,False,True
Pridi-Light,189,ฝ,False,False,True,False,False,True
Pridi-Light,190,พ,False,False,True,False,False,True
Pridi-Light,191,ฟ,False,False,True,False,False,True
Pridi-Light,192,ภ,False,False,True,False,False,True
Pridi-Light,193,ม,False,False,True,False,False,True
Pridi-Light,194,ย,False,False,True,False,False,True
Pridi-Light,195,ร,False,False,True,False,False,True
Pridi-Light,196,ฤ,False,False,True,False,False,True
Pridi-Light,197,ล,False,False,True,False,False,True
Pridi-Light,199,ว,False,False,True,False,False,True
Pridi-Light,200,ศ,False,False,True,False,False,True
Pridi-Light,201,ษ,False,False,True,False,False,True
Pridi-Light,202,ส,False,False,True,False,False,True
Pridi-Light,203,ห,False,False,True,False,False,True
Pridi-Light,204,ฬ,False,False,True,False,False,True
Pridi-Light,205,อ,False,False,True,False,False,True
Pridi-Light,206,ฮ,False,False,True,False,False,True
Pridi-Light,207,ฯ,False,False,True,False,False,True
Pridi-Light,209,ั,True,True,True,False,False,True
Pridi-Light,210,า,False,False,True,False,False,True
Pridi-Light,212,ิ,True,True,True,False,False,True
Pridi-Light,213,ี,True,True,True,False,False,True
Pridi-Light,214,ึ,True,True,True,False,False,True
Pridi-Light,215,ื,True,True,True,False,False,True
Pridi-Light,216,ุ,True,False,True,False,False,True
Pridi-Light,217,ู,True,False,True,False,False,True
Pridi-Light,224,เ,False,False,True,False,False,True
Pridi-Light,225,แ,False,False,True,False,False,True
Pridi-Light,226,โ,False,False,True,False,False,True
Pridi-Light,227,ใ,False,False,True,False,False,True
Pridi-Light,228,ไ,False,False,True,False,False,True
Pridi-Light,229,ๅ,False,False,True,False,False,True
Pridi-Light,230,ๆ,False,False,True,False,False,True
Pridi-Light,231,็,True,True,True,False,False,True
Pridi-Light,232,่,True,True,True,False,False,True
Pridi-Light,233,้,True,True,True,False,False,True
Pridi-Light,234,๊,True,True,True,False,False,True
Pridi-Light,236,์,True,True,True,False,False,True
Pridi-Light,240,๐,False,False,True,False,False,True
Pridi-Light,241,๑,False,False,True,False,False,True
Pridi-Light,242,๒,False,False,True,False,False,True
Pridi-Light,243,๓,False,False,True,False,False,True
Pridi-Light,244,๔,False,False,True,False,False,True
Pridi-Light,245,๕,False,False,True,False,False,True
Pridi-Light,246,๖,False,False,True,False,False,True
Pridi-Light,247,๗,False,False,True,False,False,True
Pridi-Light,248,๘,False,False,True,False,False,True
Pridi-Light,249,๙,False,False,True,False,False,True
Pridi-Medium,161,ก,False,False,True,False,False,True
Pridi-Medium,162,ข,False,False,True,False,False,True
Pridi-Medium,163,ฃ,False,False,True,False,False,True
Pridi-Medium,164,ค,False,False,True,False,False,True
Pridi-Medium,167,ง,False,False,True,False,False,True
Pridi-Medium,168,จ,False,False,True,False,False,True
Pridi-Medium,169,ฉ,False,False,True,False,False,True
Pridi-Medium,170,ช,False,False,True,False,False,True
Pridi-Medium,171,ซ,False,False,True,False,False,True
Pridi-Medium,173,ญ,False,False,True,False,False,True
Pridi-Medium,175,ฏ,False,False,True,False,False,True
Pridi-Medium,176,ฐ,False,False,True,False,False,True
Pridi-Medium,177,ฑ,False,False,True,False,False,True
Pridi-Medium,178,ฒ,False,False,True,False,False,True
Pridi-Medium,179,ณ,False,False,True,False,False,True
Pridi-Medium,180,ด,False,False,True,False,False,True
Pridi-Medium,181,ต,False,False,True,False,False,True
Pridi-Medium,182,ถ,False,False,True,False,False,True
Pridi-Medium,183,ท,False,False,True,False,False,True
Pridi-Medium,184,ธ,False,False,True,False,False,True
Pridi-Medium,185,น,False,False,True,False,False,True
Pridi-Medium,186,บ,False,False,True,False,False,True
Pridi-Medium,187,ป,False,False,True,False,False,True
Pridi-Medium,188,ผ,False,False,True,False,False,True
Pridi-Medium,189,ฝ,False,False,True,False,False,True
Pridi-Medium,190,พ,False,False,True,False,False,True
Pridi-Medium,191,ฟ,False,False,True,False,False,True
Pridi-Medium,192,ภ,False,False,True,False,False,True
Pridi-Medium,193,ม,False,False,True,False,False,True
Pridi-Medium,194,ย,False,False,True,False,False,True
Pridi-Medium,195,ร,False,False,True,False,False,True
Pridi-Medium,196,ฤ,False,False,True,False,False,True
Pridi-Medium,197,ล,False,False,True,False,False,True
Pridi-Medium,199,ว,False,False,True,False,False,True
Pridi-Medium,200,ศ,False,False,True,False,False,True
Pridi-Medium,201,ษ,False,False,True,False,False,True
Pridi-Medium,202,ส,False,False,True,False,False,True
Pridi-Medium,203,ห,False,False,True,False,False,True
Pridi-Medium,204,ฬ,False,False,True,False,False,True
Pridi-Medium,205,อ,False,False,True,False,False,True
Pridi-Medium,206,ฮ,False,False,True,False,False,True
Pridi-Medium,207,ฯ,False,False,True,False,False,True
Pridi-Medium,209,ั,True,True,True,False,False,True
Pridi-Medium,210,า,False,False,True,False,False,True
Pridi-Medium,212,ิ,True,True,True,False,False,True
Pridi-Medium,213,ี,True,True,True,False,False,True
Pridi-Medium,214,ึ,True,True,True,False,False,True
Pridi-Medium,215,ื,True,True,True,False,False,True
Pridi-Medium,216,ุ,True,False,True,False,False,True
Pridi-Medium,217,ู,True,False,True,False,False,True
Pridi-Medium,224,เ,False,False,True,False,False,True
Pridi-Medium,225,แ,False,False,True,False,False,True
Pridi-Medium,226,โ,False,False,True,False,False,True
Pridi-Medium,227,ใ,False,False,True,False,False,True
Pridi-Medium,228,ไ,False,False,True,False,False,True
Pridi-Medium,229,ๅ,False,False,True,False,False,True
Pridi-Medium,230,ๆ,False,False,True,False,False,True
Pridi-Medium,231,็,True,True,True,False,False,True
Pridi-Medium,232,่,True,True,True,False,False,True
Pridi-Medium,233,้,True,True,True,False,False,True
Pridi-Medium,234,๊,True,True,True,False,False,True
Pridi-Medium,236,์,True,True,True,False,False,True
Pridi-Medium,240,๐,False,False,True,False,False,True
Pridi-Medium,241,๑,False,False,True,False,False,True
Pridi-Medium,242,๒,False,False,True,False,False,True
Pridi-Medium,243,๓,False,False,True,False,False,True
Pridi-Medium,244,๔,False,False,True,False,False,True
Pridi-Medium,245,๕,False,False,True,False,False,True
Pridi-Medium,246,๖,False,False,True,False,False,True
Pridi-Medium,247,๗,False,False,True,False,False,True
Pridi-Medium,248,๘,False,False,True,False,False,True
Pridi-Medium,249,๙,False,False,True,False,False,True
Pridi-Regular,161,ก,False,False,True,False,False,True
Pridi-Regular,162,ข,False,False,True,False,False,True
Pridi-Regular,163,ฃ,False,False,True,False,False,True
Pridi-Regular,164,ค,False,False,True,False,False,True
Pridi-Regular,167,ง,False,False,True,False,False,True
Pridi-Regular,168,จ,False,False,True,False,False,True
Pridi-Regular,169,ฉ,False,False,True,False,False,True
Pridi-Regular,170,ช,False,False,True,False,False,True
Pridi-Regular,171,ซ,False,False,True,False,False,True
Pridi-Regular,173,ญ,False,False,True,False,False,True
Pridi-Regular,175,ฏ,False,False,True,False,False,True
Pridi-Regular,176,ฐ,False,False,True,False,False,True
Pridi-Regular,177,ฑ,False,False,True,False,False,True
Pridi-Regular,178,ฒ,False,False,True,False,False,True
Pridi-Regular,179,ณ,False,False,True,False,False,True
Pridi-Regular,180,ด,False,False,True,False,False,True
Pridi-Regular,181,ต,False,False,True,False,False,True
Pridi-Regular,182,ถ,False,False,True,False,False,True
Pridi-Regular,183,ท,False,False,True,False,False,True
Pridi-Regular,184,ธ,False,False,True,False,False,True
Pridi-Regular,185,น,False,False,True,False,False,True
Pridi-Regular,186,บ,False,False,True,False,False,True
Pridi-Regular,187,ป,False,False,True,False,False,True
Pridi-Regular,188,ผ,False,False,True,False,False,True
Pridi-Regular,189,ฝ,False,False,True,False,False,True
Pridi-Regular,190,พ,False,False,True,False,False,True
Pridi-Regular,191,ฟ,False,False,True,False,False,True
Pridi-Regular,192,ภ,False,False,True,False,False,True
Pridi-Regular,193,ม,False,False,True,False,False,True
Pridi-Regular,194,ย,False,False,True,False,False,True
Pridi-Regular,195,ร,False,False,True,False,False,True
Pridi-Regular,196,ฤ,False,False,True,False,False,True
Pridi-Regular,197,ล,False,False,True,False,False,True
Pridi-Regular,199,ว,False,False,True,False,False,True
Pridi-Regular,200,ศ,False,False,True,False,False,True
Pridi-Regular,201,ษ,False,False,True,False,False,True
Pridi-Regular,202,ส,False,False,True,False,False,True
Pridi-Regular,203,ห,False,False,True,False,False,True
Pridi-Regular,204,ฬ,False,False,True,False,False,True
Pridi-Regular,205,อ,False,False,True,False,False,True
Pridi-Regular,206,ฮ,False,False,True,False,False,True
Pridi-Regular,207,ฯ,False,False,True,False,False,True
Pridi-Regular,209,ั,True,True,True,False,False,True
Pridi-Regular,210,า,False,False,True,False,False,True
Pridi-Regular,212,ิ,True,True,True,False,False,True
Pridi-Regular,213,ี,True,True,True,False,False,True
Pridi-Regular,214,ึ,True,True,True,False,False,True
Pridi-Regular,215,ื,True,True,True,False,False,True
Pridi-Regular,216,ุ,True,False,True,False,False,True
Pridi-Regular,217,ู,True,False,True,False,False,True
Pridi-Regular,224,เ,False,False,True,False,False,True
Pridi-Regular,225,แ,False,False,True,False,False,True
Pridi-Regular,226,โ,False,False,True,False,False,True
Pridi-Regular,227,ใ,False,False,True,False,False,True
Pridi-Regular,228,ไ,False,False,True,False,False,True
Pridi-Regular,229,ๅ,False,False,True,False,False,True
Pridi-Regular,230,ๆ,False,False,True,False,False,True
Pridi-Regular,231,็,True,True,True,False,False,True
Pridi-Regular,232,่,True,True,True,False,False,True
Pridi-Regular,233,้,True,True,True,False,False,True
Pridi-Regular,234,๊,True,True,True,False,False,True
Pridi-Regular,236,์,True,True,True,False,False,True
Pridi-Regular,240,๐,False,False,True,False,False,True
Pridi-Regular,241,๑,False,False,True,False,False,True
Pridi-Regular,242,๒,False,False,True,False,False,True
Pridi-Regular,243,๓,False,False,True,False,False,True
Pridi-Regular,244,๔,False,False,True,False,False,True
Pridi-Regular,245,๕,False,False,True,False,False,True
Pridi-Regular,246,๖,False,False,True,False,False,True
Pridi-Regular,247,๗,False,False,True,False,False,True
Pridi-Regular,248,๘,False,False,True,False,False,True
Pridi-Regular,249,๙,False,False,True,False,False,True
Pridi-SemiBold,161,ก,False,False,True,False,False,True
Pridi-SemiBold,162,ข,False,False,True,False,False,True
Pridi-SemiBold,163,ฃ,False,False,True,False,False,True
Pridi-SemiBold,164,ค,False,False,True,False,False,True
Pridi-SemiBold,167,ง,False,False,True,False,False,True
Pridi-SemiBold,168,จ,False,False,True,False,False,True
Pridi-SemiBold,169,ฉ,False,False,True,False,False,True
Pridi-SemiBold,170,ช,False,False,True,False,False,True
Pridi-SemiBold,171,ซ,False,False,True,False,False,True
Pridi-SemiBold,173,ญ,False,False,True,False,False,True
Pridi-SemiBold,175,ฏ,False,False,True,False,False,True
Pridi-SemiBold,176,ฐ,False,False,True,False,False,True
Pridi-SemiBold,177,ฑ,False,False,True,False,False,True
Pridi-SemiBold,178,ฒ,False,False,True,False,False,True
Pridi-SemiBold,179,ณ,False,False,True,False,False,True
Pridi-SemiBold,180,ด,False,False,True,False,False,True
Pridi-SemiBold,181,ต,False,False,True,False,False,True
Pridi-SemiBold,182,ถ,False,False,True,False,False,True
Pridi-SemiBold,183,ท,False,False,True,False,False,True
Pridi-SemiBold,184,ธ,False,False,True,False,False,True
Pridi-SemiBold,185,น,False,False,True,False,False,True
Pridi-SemiBold,186,บ,False,False,True,False,False,True
Pridi-SemiBold,187,ป,False,False,True,False,False,True
Pridi-SemiBold,188,ผ,False,False,True,False,False,True
Pridi-SemiBold,189,ฝ,False,False,True,False,False,True
Pridi-SemiBold,190,พ,False,False,True,False,False,True
Pridi-SemiBold,191,ฟ,False,False,True,False,False,True
Pridi-SemiBold,192,ภ,False,False,True,False,False,True
Pridi-SemiBold,193,ม,False,False,True,False,False,True
Pridi-SemiBold,194,ย,False,False,True,False,False,True
Pridi-SemiBold,195,ร,False,False,True,False,False,True
Pridi-SemiBold,196,ฤ,False,False,True,False,False,True
Pridi-SemiBold,197,ล,False,False,True,False,False,True
Pridi-SemiBold,199,ว,False,False,True,False,False,True
Pridi-SemiBold,200,ศ,False,False,True,False,False,True
Pridi-SemiBold,201,ษ,False,False,True,False,False,True
Pridi-SemiBold,202,ส,False,False,True,False,False,True
Pridi-SemiBold,203,ห,False,False,True,False,False,True
Pridi-SemiBold,204,ฬ,False,False,True,False,False,True
Pridi-SemiBold,205,อ,False,False,True,False,False,True
Pridi-SemiBold,206,ฮ,False,False,True,False,False,True
Pridi-SemiBold,207,ฯ,False,False,True,False,False,True
Pridi-SemiBold,209,ั,True,True,True,False,False,True
Pridi-SemiBold,210,า,False,False,True,False,False,True
Pridi-SemiBold,212,ิ,True,True,True,False,False,True
Pridi-SemiBold,213,ี,True,True,True,False,False,True
Pridi-SemiBold,214,ึ,True,True,True,False,False,True
Pridi-SemiBold,215,ื,True,True,True,False,False,True
Pridi-SemiBold,216,ุ,True,False,True,False,False,True
Pridi-SemiBold,217,ู,True,False,True,False,False,True
Pridi-SemiBold,224,เ,False,False,True,False,False,True
Pridi-SemiBold,225,แ,False,False,True,False,False,True
Pridi-SemiBold,226,โ,False,False,True,False,False,True
Pridi-SemiBold,227,ใ,False,False,True,False,False,True
Pridi-SemiBold,228,ไ,False,False,True,False,False,True
Pridi-SemiBold,229,ๅ,False,False,True,False,False,True
Pridi-SemiBold,230,ๆ,False,False,True,False,False,True
Pridi-SemiBold,231,็,True,True,True,False,False,True
Pridi-SemiBold,232,่,True,True,True,False,False,True
Pridi-SemiBold,233,้,True,True,True,False,False,True
Pridi-SemiBold,234,๊,True,True,True,False,False,True
Pridi-SemiBold,236,์,True,True,True,False,False,True
Pridi-SemiBold,240,๐,False,False,True,False,False,True
Pridi-SemiBold,241,๑,False,False,True,False,False,True
Pridi-SemiBold,242,๒,False,False,True,False,False,True
Pridi-SemiBold,243,๓,False,False,True,False,False,True
Pridi-SemiBold,244,๔,False,False,True,False,False,True
Pridi-SemiBold,245,๕,False,False,True,False,False,True
Pridi-SemiBold,246,๖,False,False,True,False,False,True
Pridi-SemiBold,247,๗,False,False,True,False,False,True
Pridi-SemiBold,248,๘,False,False,True,False,False,True
Pridi-SemiBold,249,๙,False,False,True,False,False,True
Prompt-Bold,161,ก,False,False,True,False,False,True
Prompt-Bold,162,ข,False,False,True,False,False,True
Prompt-Bold,163,ฃ,False,False,True,False,False,True
Prompt-Bold,164,ค,False,False,True,False,False,True
Prompt-Bold,167,ง,False,False,True,False,False,True
Prompt-Bold,168,จ,False,False,True,False,False,True
Prompt-Bold,169,ฉ,False,False,True,False,False,True
Prompt-Bold,170,ช,False,False,True,False,False,True
Prompt-Bold,171,ซ,False,False,True,False,False,True
Prompt-Bold,173,ญ,False,False,True,False,False,True
Prompt-Bold,175,ฏ,False,False,True,False,False,True
Prompt-Bold,176,ฐ,False,False,True,False,False,True
Prompt-Bold,177,ฑ,False,False,True,False,False,True
Prompt-Bold,178,ฒ,False,False,True,False,False,True
Prompt-Bold,179,ณ,False,False,True,False,False,True
Prompt-Bold,180,ด,False,False,True,False,False,True
Prompt-Bold,181,ต,False,False,True,False,False,True
Prompt-Bold,182,ถ,False,False,True,False,False,True
Prompt-Bold,183,ท,False,False,True,False,False,True
Prompt-Bold,184,ธ,False,False,True,False,False,True
Prompt-Bold,185,น,False,False,True,False,False,True
Prompt-Bold,186,บ,False,False,True,False,False,True
Prompt-Bold,187,ป,False,False,True,False,False,True
Prompt-Bold,188,ผ,False,False,True,False,False,True
Prompt-Bold,189,ฝ,False,False,True,False,False,True
Prompt-Bold,190,พ,False,False,True,False,False,True
Prompt-Bold,191,ฟ,False,False,True,False,False,True
Prompt-Bold,192,ภ,False,False,True,False,False,True
Prompt-Bold,193,ม,False,False,True,False,False,True
Prompt-Bold,194,ย,False,False,True,False,False,True
Prompt-Bold,195,ร,False,False,True,False,False,True
Prompt-Bold,196,ฤ,False,False,True,False,False,True
Prompt-Bold,197,ล,False,False,True,False,False,True
Prompt-Bold,199,ว,False,False,True,False,False,True
Prompt-Bold,200,ศ,False,False,True,False,False,True
Prompt-Bold,201,ษ,False,False,True,False,False,True
Prompt-Bold,202,ส,False,False,True,False,False,True
Prompt-Bold,203,ห,False,False,True,False,False,True
Prompt-Bold,204,ฬ,False,False,True,False,False,True
Prompt-Bold,205,อ,False,False,True,False,False,True
Prompt-Bold,206,ฮ,False,False,True,False,False,True
Prompt-Bold,207,ฯ,False,False,True,False,False,True
Prompt-Bold,209,ั,True,True,True,False,False,True
Prompt-Bold,210,า,False,False,True,False,False,True
Prompt-Bold,212,ิ,True,True,True,False,False,True
Prompt-Bold,213,ี,True,True,True,False,False,True
Prompt-Bold,214,ึ,True,True,True,False,False,True
Prompt-Bold,215,ื,True,True,True,False,False,True
Prompt-Bold,216,ุ,True,False,True,False,False,True
Prompt-Bold,217,ู,True,False,True,False,False,True
Prompt-Bold,224,เ,False,False,True,False,False,True
Prompt-Bold,225,แ,False,False,True,False,False,True
Prompt-Bold,226,โ,False,False,True,False,False,True
Prompt-Bold,227,ใ,False,False,True,False,False,True
Prompt-Bold,228,ไ,False,False,True,False,False,True
Prompt-Bold,229,ๅ,False,False,True,False,False,True
Prompt-Bold,230,ๆ,False,False,True,False,False,True
Prompt-Bold,231,็,True,True,True,False,False,True
Prompt-Bold,232,่,True,True,True,False,False,True
Prompt-Bold,233,้,True,True,True,False,False,True
Prompt-Bold,234,๊,True,True,True,False,False,True
Prompt-Bold,236,์,True,True,True,False,False,True
Prompt-Bold,240,๐,False,False,True,False,False,True
Prompt-Bold,241,๑,False,False,True,False,False,True
Prompt-Bold,242,๒,False,False,True,False,False,True
Prompt-Bold,243,๓,False,False,True,False,False,True
Prompt-Bold,244,๔,False,False,True,False,False,True
Prompt-Bold,245,๕,False,False,True,False,False,True
Prompt-Bold,246,๖,False,False,True,False,False,True
Prompt-Bold,247,๗,False,False,True,False,False,True
Prompt-Bold,248,๘,False,False,True,False,False,True
Prompt-Bold,249,๙,False,False,True,False,False,True
Prompt-ExtraBold,161,ก,False,False,True,False,False,True
Prompt-ExtraBold,162,ข,False,False,True,False,False,True
Prompt-ExtraBold,163,ฃ,False,False,True,False,False,True
Prompt-ExtraBold,164,ค,False,False,True,False,False,True
Prompt-ExtraBold,167,ง,False,False,True,False,False,True
Prompt-ExtraBold,168,จ,False,False,True,False,False,True
Prompt-ExtraBold,169,ฉ,False,False,True,False,False,True
Prompt-ExtraBold,170,ช,False,False,True,False,False,True
Prompt-ExtraBold,171,ซ,False,False,True,False,False,True
Prompt-ExtraBold,173,ญ,False,False,True,False,False,True
Prompt-ExtraBold,175,ฏ,False,False,True,False,False,True
Prompt-ExtraBold,176,ฐ,False,False,True,False,False,True
Prompt-ExtraBold,177,ฑ,False,False,True,False,False,True
Prompt-ExtraBold,178,ฒ,False,False,True,False,False,True
Prompt-ExtraBold,179,ณ,False,False,True,False,False,True
Prompt-ExtraBold,180,ด,False,False,True,False,False,True
Prompt-ExtraBold,181,ต,False,False,True,False,False,True
Prompt-ExtraBold,182,ถ,False,False,True,False,False,True
Prompt-ExtraBold,183,ท,False,False,True,False,False,True
Prompt-ExtraBold,184,ธ,False,False,True,False,False,True
Prompt-ExtraBold,185,น,False,False,True,False,False,True
Prompt-ExtraBold,186,บ,False,False,True,False,False,True
Prompt-ExtraBold,187,ป,False,False,True,False,False,True
Prompt-ExtraBold,188,ผ,False,False,True,False,False,True
Prompt-ExtraBold,189,ฝ,False,False,True,False,False,True
Prompt-ExtraBold,190,พ,False,False,True,False,False,True
Prompt-ExtraBold,191,ฟ,False,False,True,False,False,True
Prompt-ExtraBold,192,ภ,False,False,True,False,False,True
Prompt-ExtraBold,193,ม,False,False,True,False,False,True
Prompt-ExtraBold,194,ย,False,False,True,False,False,True
Prompt-ExtraBold,195,ร,False,False,True,False,False,True
Prompt-ExtraBold,196,ฤ,False,False,True,False,False,True
Prompt-ExtraBold,197,ล,False,False,True,False,False,True
Prompt-ExtraBold,199,ว,False,False,True,False,False,True
Prompt-ExtraBold,200,ศ,False,False,True,False,False,True
Prompt-ExtraBold,201,ษ,False,False,True,False,False,True
Prompt-ExtraBold,202,ส,False,False,True,False,False,True
Prompt-ExtraBold,203,ห,False,False,True,False,False,True
Prompt-ExtraBold,204,ฬ,False,False,True,False,False,True
Prompt-ExtraBold,205,อ,False,False,True,False,False,True
Prompt-ExtraBold,206,ฮ,False,False,True,False,False,True
Prompt-ExtraBold,207,ฯ,False,False,True,False,False,True
Prompt-ExtraBold,209,ั,True,True,True,False,False,True
Prompt-ExtraBold,210,า,False,False,True,False,False,True
Prompt-ExtraBold,212,ิ,True,True,True,False,False,True
Prompt-ExtraBold,213,ี,True,True,True,False,False,True
Prompt-ExtraBold,214,ึ,True,True,True,False,False,True
Prompt-ExtraBold,215,ื,True,True,True,False,False,True
Prompt-ExtraBold,216,ุ,True,False,True,False,False,True
Prompt-ExtraBold,217,ู,True,False,True,False,False,True
Prompt-ExtraBold,224,เ,False,False,True,False,False,True
Prompt-ExtraBold,225,แ,False,False,True,False,False,True
Prompt-ExtraBold,226,โ,False,False,True,False,False,True
Prompt-ExtraBold,227,ใ,False,False,True,False,False,True
Prompt-ExtraBold,228,ไ,False,False,True,False,False,True
Prompt-ExtraBold,229,ๅ,False,False,True,False,False,True
Prompt-ExtraBold,230,ๆ,False,False,True,False,False,True
Prompt-ExtraBold,231,็,True,True,True,False,False,True
Prompt-ExtraBold,232,่,True,True,True,False,False,True
Prompt-ExtraBold,233,้,True,True,True,False,False,True
Prompt-ExtraBold,234,๊,True,True,True,False,False,True
Prompt-ExtraBold,236,์,True,True,True,False,False,True
Prompt-ExtraBold,240,๐,False,False,True,False,False,True
Prompt-ExtraBold,241,๑,False,False,True,False,False,True
Prompt-ExtraBold,242,๒,False,False,True,False,False,True
Prompt-ExtraBold,243,๓,False,False,True,False,False,True
Prompt-ExtraBold,244,๔,False,False,True,False,False,True
Prompt-ExtraBold,245,๕,False,False,True,False,False,True
Prompt-ExtraBold,246,๖,False,False,True,False,False,True
Prompt-ExtraBold,247,๗,False,False,True,False,False,True
Prompt-ExtraBold,248,๘,False,False,True,False,False,True
Prompt-ExtraBold,249,๙,False,False,True,False,False,True
Prompt-ExtraLight,161,ก,False,False,True,False,False,True
Prompt-ExtraLight,162,ข,False,False,True,False,False,True
Prompt-ExtraLight,163,ฃ,False,False,True,False,False,True
Prompt-ExtraLight,164,ค,False,False,True,False,False,True
Prompt-ExtraLight,167,ง,False,False,True,False,False,True
Prompt-ExtraLight,168,จ,False,False,True,False,False,True
Prompt-ExtraLight,169,ฉ,False,False,True,False,False,True
Prompt-ExtraLight,170,ช,False,False,True,False,False,True
Prompt-ExtraLight,171,ซ,False,False,True,False,False,True
Prompt-ExtraLight,173,ญ,False,False,True,False,False,True
Prompt-ExtraLight,175,ฏ,False,False,True,False,False,True
Prompt-ExtraLight,176,ฐ,False,False,True,False,False,True
Prompt-ExtraLight,177,ฑ,False,False,True,False,False,True
Prompt-ExtraLight,178,ฒ,False,False,True,False,False,True
Prompt-ExtraLight,179,ณ,False,False,True,False,False,True
Prompt-ExtraLight,180,ด,False,False,True,False,False,True
Prompt-ExtraLight,181,ต,False,False,True,False,False,True
Prompt-ExtraLight,182,ถ,False,False,True,False,False,True
Prompt-ExtraLight,183,ท,False,False,True,False,False,True
Prompt-ExtraLight,184,ธ,False,False,True,False,False,True
Prompt-ExtraLight,185,น,False,False,True,False,False,True
Prompt-ExtraLight,186,บ,False,False,True,False,False,True
Prompt-ExtraLight,187,ป,False,False,True,False,False,True
Prompt-ExtraLight,188,ผ,False,False,True,False,False,True
Prompt-ExtraLight,189,ฝ,False,False,True,False,False,True
Prompt-ExtraLight,190,พ,False,False,True,False,False,True
Prompt-ExtraLight,191,ฟ,False,False,True,False,False,True
Prompt-ExtraLight,192,ภ,False,False,True,False,False,True
Prompt-ExtraLight,193,ม,False,False,True,False,False,True
Prompt-ExtraLight,194,ย,False,False,True,False,False,True
Prompt-ExtraLight,195,ร,False,False,True,False,False,True
Prompt-ExtraLight,196,ฤ,False,False,True,False,False,True
Prompt-ExtraLight,197,ล,False,False,True,False,False,True
Prompt-ExtraLight,199,ว,False,False,True,False,False,True
Prompt-ExtraLight,200,ศ,False,False,True,False,False,True
Prompt-ExtraLight,201,ษ,False,False,True,False,False,True
Prompt-ExtraLight,202,ส,False,False,True,False,False,True
Prompt-ExtraLight,203,ห,False,False,True,False,False,True
Prompt-ExtraLight,204,ฬ,False,False,True,False,False,True
Prompt-ExtraLight,205,อ,False,False,True,False,False,True
Prompt-ExtraLight,206,ฮ,False,False,True,False,False,True
Prompt-ExtraLight,207,ฯ,False,False,True,False,False,True
Prompt-ExtraLight,209,ั,True,True,True,False,False,True
Prompt-ExtraLight,210,า,False,False,True,False,False,True
Prompt-ExtraLight,212,ิ,True,True,True,False,False,True
Prompt-ExtraLight,213,ี,True,True,True,False,False,True
Prompt-ExtraLight,214,ึ,True,True,True,False,False,True
Prompt-ExtraLight,215,ื,True,True,True,False,False,True
Prompt-ExtraLight,216,ุ,True,False,True,False,False,True
Prompt-ExtraLight,217,ู,True,False,True,False,False,True
Prompt-ExtraLight,224,เ,False,False,True,False,False,True
Prompt-ExtraLight,225,แ,False,False,True,False,False,True
Prompt-ExtraLight,226,โ,False,False,True,False,False,True
Prompt-ExtraLight,227,ใ,False,False,True,False,False,True
Prompt-ExtraLight,228,ไ,False,False,True,False,False,True
Prompt-ExtraLight,229,ๅ,False,False,True,False,False,True
Prompt-ExtraLight,230,ๆ,False,False,True,False,False,True
Prompt-ExtraLight,231,็,True,True,True,False,False,True
Prompt-ExtraLight,232,่,True,True,True,False,False,True
Prompt-ExtraLight,233,้,True,True,True,False,False,True
Prompt-ExtraLight,234,๊,True,True,True,False,False,True
Prompt-ExtraLight,236,์,True,True,True,False,False,True
Prompt-ExtraLight,240,๐,False,False,True,False,False,True
Prompt-ExtraLight,241,๑,False,False,True,False,False,True
Prompt-ExtraLight,242,๒,False,False,True,False,False,True
Prompt-ExtraLight,243,๓,False,False,True,False,False,True
Prompt-ExtraLight,244,๔,False,False,True,False,False,True
Prompt-ExtraLight,245,๕,False,False,True,False,False,True
Prompt-ExtraLight,246,๖,False,False,True,False,False,True
Prompt-ExtraLight,247,๗,False,False,True,False,False,True
Prompt-ExtraLight,248,๘,False,False,True,False,False,True
Prompt-ExtraLight,249,๙,False,False,True,False,False,True
Prompt-Light,161,ก,False,False,True,False,False,True
Prompt-Light,162,ข,False,False,True,False,False,True
Prompt-Light,163,ฃ,False,False,True,False,False,True
Prompt-Light,164,ค,False,False,True,False,False,True
Prompt-Light,167,ง,False,False,True,False,False,True
Prompt-Light,168,จ,False,False,True,False,False,True
Prompt-Light,169,ฉ,False,False,True,False,False,True
Prompt-Light,170,ช,False,False,True,False,False,True
Prompt-Light,171,ซ,False,False,True,False,False,True
Prompt-Light,173,ญ,False,False,True,False,False,True
Prompt-Light,175,ฏ,False,False,True,False,False,True
Prompt-Light,176,ฐ,False,False,True,False,False,True
Prompt-Light,177,ฑ,False,False,True,False,False,True
Prompt-Light,178,ฒ,False,False,True,False,False,True
Prompt-Light,179,ณ,False,False,True,False,False,True
Prompt-Light,180,ด,False,False,True,False,False,True
Prompt-Light,181,ต,False,False,True,False,False,True
Prompt-Light,182,ถ,False,False,True,False,False,True
Prompt-Light,183,ท,False,False,True,False,False,True
Prompt-Light,184,ธ,False,False,True,False,False,True
Prompt-Light,185,น,False,False,True,False,False,True
Prompt-Light,186,บ,False,False,True,False,False,True
Prompt-Light,187,ป,False,False,True,False,False,True
Prompt-Light,188,ผ,False,False,True,False,False,True
Prompt-Light,189,ฝ,False,False,True,False,False,True
Prompt-Light,190,พ,False,False,True,False,False,True
Prompt-Light,191,ฟ,False,False,True,False,False,True
Prompt-Light,192,ภ,False,False,True,False,False,True
Prompt-Light,193,ม,False,False,True,False,False,True
Prompt-Light,194,ย,False,False,True,False,False,True
Prompt-Light,195,ร,False,False,True,False,False,True
Prompt-Light,196,ฤ,False,False,True,False,False,True
Prompt-Light,197,ล,False,False,True,False,False,True
Prompt-Light,199,ว,False,False,True,False,False,True
Prompt-Light,200,ศ,False,False,True,False,False,True
Prompt-Light,201,ษ,False,False,True,False,False,True
Prompt-Light,202,ส,False,False,True,False,False,True
Prompt-Light,203,ห,False,False,True,False,False,True
Prompt-Light,204,ฬ,False,False,True,False,False,True
Prompt-Light,205,อ,False,False,True,False,False,True
Prompt-Light,206,ฮ,False,False,True,False,False,True
Prompt-Light,207,ฯ,False,False,True,False,False,True
Prompt-Light,209,ั,True,True,True,False,False,True
Prompt-Light,210,า,False,False,True,False,False,True
Prompt-Light,212,ิ,True,True,True,False,False,True
Prompt-Light,213,ี,True,True,True,False,False,True
Prompt-Light,214,ึ,True,True,True,False,False,True
Prompt-Light,215,ื,True,True,True,False,False,True
Prompt-Light,216,ุ,True,False,True,False,False,True
Prompt-Light,217,ู,True,False,True,False,False,True
Prompt-Light,224,เ,False,False,True,False,False,True
Prompt-Light,225,แ,False,False,True,False,False,True
Prompt-Light,226,โ,False,False,True,False,False,True
Prompt-Light,227,ใ,False,False,True,False,False,True
Prompt-Light,228,ไ,False,False,True,False,False,True
Prompt-Light,229,ๅ,False,False,True,False,False,True
Prompt-Light,230,ๆ,False,False,True,False,False,True
Prompt-Light,231,็,True,True,True,False,False,True
Prompt-Light,232,่,True,True,True,False,False,True
Prompt-Light,233,้,True,True,True,False,False,True
Prompt-Light,234,๊,True,True,True,False,False,True
Prompt-Light,236,์,True,True,True,False,False,True
Prompt-Light,240,๐,False,False,True,False,False,True
Prompt-Light,241,๑,False,False,True,False,False,True
Prompt-Light,242,๒,False,False,True,False,False,True
Prompt-Light,243,๓,False,False,True,False,False,True
Prompt-Light,244,๔,False,False,True,False,False,True
Prompt-Light,245,๕,False,False,True,False,False,True
Prompt-Light,246,๖,False,False,True,False,False,True
Prompt-Light,247,๗,False,False,True,False,False,True
Prompt-Light,248,๘,False,False,True,False,False,True
Prompt-Light,249,๙,False,False,True,False,False,True
Prompt-Medium,161,ก,False,False,True,False,False,True
Prompt-Medium,162,ข,False,False,True,False,False,True
Prompt-Medium,163,ฃ,False,False,True,False,False,True
Prompt-Medium,164,ค,False,False,True,False,False,True
Prompt-Medium,167,ง,False,False,True,False,False,True
Prompt-Medium,168,จ,False,False,True,False,False,True
Prompt-Medium,169,ฉ,False,False,True,False,False,True
Prompt-Medium,170,ช,False,False,True,False,False,True
Prompt-Medium,171,ซ,False,False,True,False,False,True
Prompt-Medium,173,ญ,False,False,True,False,False,True
Prompt-Medium,175,ฏ,False,False,True,False,False,True
Prompt-Medium,176,ฐ,False,False,True,False,False,True
Prompt-Medium,177,ฑ,False,False,True,False,False,True
Prompt-Medium,178,ฒ,False,False,True,False,False,True
Prompt-Medium,179,ณ,False,False,True,False,False,True
Prompt-Medium,180,ด,False,False,True,False,False,True
Prompt-Medium,181,ต,False,False,True,False,False,True
Prompt-Medium,182,ถ,False,False,True,False,False,True
Prompt-Medium,183,ท,False,False,True,False,False,True
Prompt-Medium,184,ธ,False,False,True,False,False,True
Prompt-Medium,185,น,False,False,True,False,False,True
Prompt-Medium,186,บ,False,False,True,False,False,True
Prompt-Medium,187,ป,False,False,True,False,False,True
Prompt-Medium,188,ผ,False,False,True,False,False,True
Prompt-Medium,189,ฝ,False,False,True,False,False,True
Prompt-Medium,190,พ,False,False,True,False,False,True
Prompt-Medium,191,ฟ,False,False,True,False,False,True
Prompt-Medium,192,ภ,False,False,True,False,False,True
Prompt-Medium,193,ม,False,False,True,False,False,True
Prompt-Medium,194,ย,False,False,True,False,False,True
Prompt-Medium,195,ร,False,False,True,False,False,True
Prompt-Medium,196,ฤ,False,False,True,False,False,True
Prompt-Medium,197,ล,False,False,True,False,False,True
Prompt-Medium,199,ว,False,False,True,False,False,True
Prompt-Medium,200,ศ,False,False,True,False,False,True
Prompt-Medium,201,ษ,False,False,True,False,False,True
Prompt-Medium,202,ส,False,False,True,False,False,True
Prompt-Medium,203,ห,False,False,True,False,False,True
Prompt-Medium,204,ฬ,False,False,True,False,False,True
Prompt-Medium,205,อ,False,False,True,False,False,True
Prompt-Medium,206,ฮ,False,False,True,False,False,True
Prompt-Medium,207,ฯ,False,False,True,False,False,True
Prompt-Medium,209,ั,True,True,True,False,False,True
Prompt-Medium,210,า,False,False,True,False,False,True
Prompt-Medium,212,ิ,True,True,True,False,False,True
Prompt-Medium,213,ี,True,True,True,False,False,True
Prompt-Medium,214,ึ,True,True,True,False,False,True
Prompt-Medium,215,ื,True,True,True,False,False,True
Prompt-Medium,216,ุ,True,False,True,False,False,True
Prompt-Medium,217,ู,True,False,True,False,False,True
Prompt-Medium,224,เ,False,False,True,False,False,True
Prompt-Medium,225,แ,False,False,True,False,False,True
Prompt-Medium,226,โ,False,False,True,False,False,True
Prompt-Medium,227,ใ,False,False,True,False,False,True
Prompt-Medium,228,ไ,False,False,True,False,False,True
Prompt-Medium,229,ๅ,False,False,True,False,False,True
Prompt-Medium,230,ๆ,False,False,True,False,False,True
Prompt-Medium,231,็,True,True,True,False,False,True
Prompt-Medium,232,่,True,True,True,False,False,True
Prompt-Medium,233,้,True,True,True,False,False,True
Prompt-Medium,234,๊,True,True,True,False,False,True
Prompt-Medium,236,์,True,True,True,False,False,True
Prompt-Medium,240,๐,False,False,True,False,False,True
Prompt-Medium,241,๑,False,False,True,False,False,True
Prompt-Medium,242,๒,False,False,True,False,False,True
Prompt-Medium,243,๓,False,False,True,False,False,True
Prompt-Medium,244,๔,False,False,True,False,False,True
Prompt-Medium,245,๕,False,False,True,False,False,True
Prompt-Medium,246,๖,False,False,True,False,False,True
Prompt-Medium,247,๗,False,False,True,False,False,True
Prompt-Medium,248,๘,False,False,True,False,False,True
Prompt-Medium,249,๙,False,False,True,False,False,True
Prompt-Regular,161,ก,False,False,True,False,False,True
Prompt-Regular,162,ข,False,False,True,False,False,True
Prompt-Regular,163,ฃ,False,False,True,False,False,True
Prompt-Regular,164,ค,False,False,True,False,False,True
Prompt-Regular,167,ง,False,False,True,False,False,True
Prompt-Regular,168,จ,False,False,True,False,False,True
Prompt-Regular,169,ฉ,False,False,True,False,False,True
Prompt-Regular,170,ช,False,False,True,False,False,True
Prompt-Regular,171,ซ,False,False,True,False,False,True
Prompt-Regular,173,ญ,False,False,True,False,False,True
Prompt-Regular,175,ฏ,False,False,True,False,False,True
Prompt-Regular,176,ฐ,False,False,True,False,False,True
Prompt-Regular,177,ฑ,False,False,True,False,False,True
Prompt-Regular,178,ฒ,False,False,True,False,False,True
Prompt-Regular,179,ณ,False,False,True,False,False,True
Prompt-Regular,180,ด,False,False,True,False,False,True
Prompt-Regular,181,ต,False,False,True,False,False,True
Prompt-Regular,182,ถ,False,False,True,False,False,True
Prompt-Regular,183,ท,False,False,True,False,False,True
Prompt-Regular,184,ธ,False,False,True,False,False,True
Prompt-Regular,185,น,False,False,True,False,False,True
Prompt-Regular,186,บ,False,False,True,False,False,True
Prompt-Regular,187,ป,False,False,True,False,False,True
Prompt-Regular,188,ผ,False,False,True,False,False,True
Prompt-Regular,189,ฝ,False,False,True,False,False,True
Prompt-Regular,190,พ,False,False,True,False,False,True
Prompt-Regular,191,ฟ,False,False,True,False,False,True
Prompt-Regular,192,ภ,False,False,True,False,False,True
Prompt-Regular,193,ม,False,False,True,False,False,True
Prompt-Regular,194,ย,False,False,True,False,False,True
Prompt-Regular,195,ร,False,False,True,False,False,True
Prompt-Regular,196,ฤ,False,False,True,False,False,True
Prompt-Regular,197,ล,False,False,True,False,False,True
Prompt-Regular,199,ว,False,False,True,False,False,True
Prompt-Regular,200,ศ,False,False,True,False,False,True
Prompt-Regular,201,ษ,False,False,True,False,False,True
Prompt-Regular,202,ส,False,False,True,False,False,True
Prompt-Regular,203,ห,False,False,True,False,False,True
Prompt-Regular,204,ฬ,False,False,True,False,False,True
Prompt-Regular,205,อ,False,False,True,False,False,True
Prompt-Regular,206,ฮ,False,False,True,False,False,True
Prompt-Regular,207,ฯ,False,False,True,False,False,True
Prompt-Regular,209,ั,True,True,True,False,False,True
Prompt-Regular,210,า,False,False,True,False,False,True
Prompt-Regular,212,ิ,True,True,True,False,False,True
Prompt-Regular,213,ี,True,True,True,False,False,True
Prompt-Regular,214,ึ,True,True,True,False,False,True
Prompt-Regular,215,ื,True,True,True,False,False,True
Prompt-Regular,216,ุ,True,False,True,False,False,True
Prompt-Regular,217,ู,True,False,True,False,False,True
Prompt-Regular,224,เ,False,False,True,False,False,True
Prompt-Regular,225,แ,False,False,True,False,False,True
Prompt-Regular,226,โ,False,False,True,False,False,True
Prompt-Regular,227,ใ,False,False,True,False,False,True
Prompt-Regular,228,ไ,False,False,True,False,False,True
Prompt-Regular,229,ๅ,False,False,True,False,False,True
Prompt-Regular,230,ๆ,False,False,True,False,False,True
Prompt-Regular,231,็,True,True,True,False,False,True
Prompt-Regular,232,่,True,True,True,False,False,True
Prompt-Regular,233,้,True,True,True,False,False,True
Prompt-Regular,234,๊,True,True,True,False,False,True
Prompt-Regular,236,์,True,True,True,False,False,True
Prompt-Regular,240,๐,False,False,True,False,False,True
Prompt-Regular,241,๑,False,False,True,False,False,True
Prompt-Regular,242,๒,False,False,True,False,False,True
Prompt-Regular,243,๓,False,False,True,False,False,True
Prompt-Regular,244,๔,False,False,True,False,False,True
Prompt-Regular,245,๕,False,False,True,False,False,True
Prompt-Regular,246,๖,False,False,True,False,False,True
Prompt-Regular,247,๗,False,False,True,False,False,True
Prompt-Regular,248,๘,False,False,True,False,False,True
Prompt-Regular,249,๙,False,False,True,False,False,True
Prompt-SemiBold,161,ก,False,False,True,False,False,True
Prompt-SemiBold,162,ข,False,False,True,False,False,True
Prompt-SemiBold,163,ฃ,False,False,True,False,False,True
Prompt-SemiBold,164,ค,False,False,True,False,False,True
Prompt-SemiBold,167,ง,False,False,True,False,False,True
Prompt-SemiBold,168,จ,False,False,True,False,False,True
Prompt-SemiBold,169,ฉ,False,False,True,False,False,True
Prompt-SemiBold,170,ช,False,False,True,False,False,True
Prompt-SemiBold,171,ซ,False,False,True,False,False,True
Prompt-SemiBold,173,ญ,False,False,True,False,False,True
Prompt-SemiBold,175,ฏ,False,False,True,False,False,True
Prompt-SemiBold,176,ฐ,False,False,True,False,False,True
Prompt-SemiBold,177,ฑ,False,False,True,False,False,True
Prompt-SemiBold,178,ฒ,False,False,True,False,False,True
Prompt-SemiBold,179,ณ,False,False,True,False,False,True
Prompt-SemiBold,180,ด,False,False,True,False,False,True
Prompt-SemiBold,181,ต,False,False,True,False,False,True
Prompt-SemiBold,182,ถ,False,False,True,False,False,True
Prompt-SemiBold,183,ท,False,False,True,False,False,True
Prompt-SemiBold,184,ธ,False,False,True,False,False,True
Prompt-SemiBold,185,น,False,False,True,False,False,True
Prompt-SemiBold,186,บ,False,False,True,False,False,True
Prompt-SemiBold,187,ป,False,False,True,False,False,True
Prompt-SemiBold,188,ผ,False,False,True,False,False,True
Prompt-SemiBold,189,ฝ,False,False,True,False,False,True
Prompt-SemiBold,190,พ,False,False,True,False,False,True
Prompt-SemiBold,191,ฟ,False,False,True,False,False,True
Prompt-SemiBold,192,ภ,False,False,True,False,False,True
Prompt-SemiBold,193,ม,False,False,True,False,False,True
Prompt-SemiBold,194,ย,False,False,True,False,False,True
Prompt-SemiBold,195,ร,False,False,True,False,False,True
Prompt-SemiBold,196,ฤ,False,False,True,False,False,True
Prompt-SemiBold,197,ล,False,False,True,False,False,True
Prompt-SemiBold,199,ว,False,False,True,False,False,True
Prompt-SemiBold,200,ศ,False,False,True,False,False,True
Prompt-SemiBold,201,ษ,False,False,True,False,False,True
Prompt-SemiBold,202,ส,False,False,True,False,False,True
Prompt-SemiBold,203,ห,False,False,True,False,False,True
Prompt-SemiBold,204,ฬ,False,False,True,False,False,True
Prompt-SemiBold,205,อ,False,False,True,False,False,True
Prompt-SemiBold,206,ฮ,False,False,True,False,False,True
Prompt-SemiBold,207,ฯ,False,False,True,False,False,True
Prompt-SemiBold,209,ั,True,True,True,False,False,True
Prompt-SemiBold,210,า,False,False,True,False,False,True
Prompt-SemiBold,212,ิ,True,True,True,False,False,True
Prompt-SemiBold,213,ี,True,True,True,False,False,True
Prompt-SemiBold,214,ึ,True,True,True,False,False,True
Prompt-SemiBold,215,ื,True,True,True,False,False,True
Prompt-SemiBold,216,ุ,True,False,True,False,False,True
Prompt-SemiBold,217,ู,True,False,True,False,False,True
Prompt-SemiBold,224,เ,False,False,True,False,False,True
Prompt-SemiBold,225,แ,False,False,True,False,False,True
Prompt-SemiBold,226,โ,False,False,True,False,False,True
Prompt-SemiBold,227,ใ,False,False,True,False,False,True
Prompt-SemiBold,228,ไ,False,False,True,False,False,True
Prompt-SemiBold,229,ๅ,False,False,True,False,False,True
Prompt-SemiBold,230,ๆ,False,False,True,False,False,True
Prompt-SemiBold,231,็,True,True,True,False,False,True
Prompt-SemiBold,232,่,True,True,True,False,False,True
Prompt-SemiBold,233,้,True,True,True,False,False,True
Prompt-SemiBold,234,๊,True,True,True,False,False,True
Prompt-SemiBold,236,์,True,True,True,False,False,True
Prompt-SemiBold,240,๐,False,False,True,False,False,True
Prompt-SemiBold,241,๑,False,False,True,False,False,True
Prompt-SemiBold,242,๒,False,False,True,False,False,True
Prompt-SemiBold,243,๓,False,False,True,False,False,True
Prompt-SemiBold,244,๔,False,False,True,False,False,True
Prompt-SemiBold,245,๕,False,False,True,False,False,True
Prompt-SemiBold,246,๖,False,False,True,False,False,True
Prompt-SemiBold,247,๗,False,False,True,False,False,True
Prompt-SemiBold,248,๘,False,False,True,False,False,True
Prompt-SemiBold,249,๙,False,False,True,False,False,True
Prompt-Thin,161,ก,False,False,True,False,False,True
Prompt-Thin,162,ข,False,False,True,False,False,True
Prompt-Thin,163,ฃ,False,False,True,False,False,True
Prompt-Thin,164,ค,False,False,True,False,False,True
Prompt-Thin,167,ง,False,False,True,False,False,True
Prompt-Thin,168,จ,False,False,True,False,False,True
Prompt-Thin,169,ฉ,False,False,True,False,False,True
Prompt-Thin,170,ช,False,False,True,False,False,True
Prompt-Thin,171,ซ,False,False,True,False,False,True
Prompt-Thin,173,ญ,False,False,True,False,False,True
Prompt-Thin,175,ฏ,False,False,True,False,False,True
Prompt-Thin,176,ฐ,False,False,True,False,False,True
Prompt-Thin,177,ฑ,False,False,True,False,False,True
Prompt-Thin,178,ฒ,False,False,True,False,False,True
Prompt-Thin,179,ณ,False,False,True,False,False,True
Prompt-Thin,180,ด,False,False,True,False,False,True
Prompt-Thin,181,ต,False,False,True,False,False,True
Prompt-Thin,182,ถ,False,False,True,False,False,True
Prompt-Thin,183,ท,False,False,True,False,False,True
Prompt-Thin,184,ธ,False,False,True,False,False,True
Prompt-Thin,185,น,False,False,True,False,False,True
Prompt-Thin,186,บ,False,False,True,False,False,True
Prompt-Thin,187,ป,False,False,True,False,False,True
Prompt-Thin,188,ผ,False,False,True,False,False,True
Prompt-Thin,189,ฝ,False,False,True,False,False,True
Prompt-Thin,190,พ,False,False,True,False,False,True
Prompt-Thin,191,ฟ,False,False,True,False,False,True
Prompt-Thin,192,ภ,False,False,True,False,False,True
Prompt-Thin,193,ม,False,False,True,False,False,True
Prompt-Thin,194,ย,False,False,True,False,False,True
Prompt-Thin,195,ร,False,False,True,False,False,True
Prompt-Thin,196,ฤ,False,False,True,False,False,True
Prompt-Thin,197,ล,False,False,True,False,False,True
Prompt-Thin,199,ว,False,False,True,False,False,True
Prompt-Thin,200,ศ,False,False,True,False,False,True
Prompt-Thin,201,ษ,False,False,True,False,False,True
Prompt-Thin,202,ส,False,False,True,False,False,True
Prompt-Thin,203,ห,False,False,True,False,False,True
Prompt-Thin,204,ฬ,False,False,True,False,False,True
Prompt-Thin,205,อ,False,False,True,False,False,True
Prompt-Thin,206,ฮ,False,False,True,False,False,True
Prompt-Thin,207,ฯ,False,False,True,False,False,True
Prompt-Thin,209,ั,True,True,True,False,False,True
Prompt-Thin,210,า,False,False,True,False,False,True
Prompt-Thin,212,ิ,True,True,True,False,False,True
Prompt-Thin,213,ี,True,True,True,False,False,True
Prompt-Thin,214,ึ,True,True,True,False,False,True
Prompt-Thin,215,ื,True,True,True,False,False,True
Prompt-Thin,216,ุ,True,False,True,False,False,True
Prompt-Thin,217,ู,True,False,True,False,False,True
Prompt-Thin,224,เ,False,False,True,False,False,True
Prompt-Thin,225,แ,False,False,True,False,False,True
Prompt-Thin,226,โ,False,False,True,False,False,True
Prompt-Thin,227,ใ,False,False,True,False,False,True
Prompt-Thin,228,ไ,False,False,True,False,False,True
Prompt-Thin,229,ๅ,False,False,True,False,False,True
Prompt-Thin,230,ๆ,False,False,True,False,False,True
Prompt-Thin,231,็,True,True,True,False,False,True
Prompt-Thin,232,่,True,True,True,False,False,True
Prompt-Thin,233,้,True,True,True,False,False,True
Prompt-Thin,234,๊,True,True,True,False,False,True
Prompt-Thin,236,์,True,True,True,False,False,True
Prompt-Thin,240,๐,False,False,True,False,False,True
Prompt-Thin,241,๑,False,False,True,False,False,True
Prompt-Thin,242,๒,False,False,True,False,False,True
Prompt-Thin,243,๓,False,False,True,False,False,True
Prompt-Thin,244,๔,False,False,True,False,False,True
Prompt-Thin,245,๕,False,False,True,False,False,True
Prompt-Thin,246,๖,False,False,True,False,False,True
Prompt-Thin,247,๗,False,False,True,False,False,True
Prompt-Thin,248,๘,False,False,True,False,False,True
Prompt-Thin,249,๙,False,False,True,False,False,True
Sarabun-Bold,161,ก,False,False,True,False,False,True
Sarabun-Bold,162,ข,False,False,True,False,False,True
Sarabun-Bold,163,ฃ,False,False,True,False,False,True
Sarabun-Bold,164,ค,False,False,True,False,False,True
Sarabun-Bold,167,ง,False,False,True,False,False,True
Sarabun-Bold,168,จ,False,False,True,False,False,True
Sarabun-Bold,169,ฉ,False,False,True,False,False,True
Sarabun-Bold,170,ช,False,False,True,False,False,True
Sarabun-Bold,171,ซ,False,False,True,False,False,True
Sarabun-Bold,173,ญ,False,False,True,False,False,True
Sarabun-Bold,175,ฏ,False,False,True,False,False,True
Sarabun-Bold,176,ฐ,False,False,True,False,False,True
Sarabun-Bold,177,ฑ,False,False,True,False,False,True
Sarabun-Bold,178,ฒ,False,False,True,False,False,True
Sarabun-Bold,179,ณ,False,False,True,False,False,True
Sarabun-Bold,180,ด,False,False,True,False,False,True
Sarabun-Bold,181,ต,False,False,True,False,False,True
Sarabun-Bold,182,ถ,False,False,True,False,False,True
Sarabun-Bold,183,ท,False,False,True,False,False,True
Sarabun-Bold,184,ธ,False,False,True,False,False,True
Sarabun-Bold,185,น,False,False,True,False,False,True
Sarabun-Bold,186,บ,False,False,True,False,False,True
Sarabun-Bold,187,ป,False,False,True,False,False,True
Sarabun-Bold,188,ผ,False,False,True,False,False,True
Sarabun-Bold,189,ฝ,False,False,True,False,False,True
Sarabun-Bold,190,พ,False,False,True,False,False,True
Sarabun-Bold,191,ฟ,False,False,True,False,False,True
Sarabun-Bold,192,ภ,False,False,True,False,False,True
Sarabun-Bold,193,ม,False,False,True,False,False,True
Sarabun-Bold,194,ย,False,False,True,False,False,True
Sarabun-Bold,195,ร,False,False,True,False,False,True
Sarabun-Bold,196,ฤ,False,False,True,False,False,True
Sarabun-Bold,197,ล,False,False,True,False,False,True
Sarabun-Bold,199,ว,False,False,True,False,False,True
Sarabun-Bold,200,ศ,False,False,True,False,False,True
Sarabun-Bold,201,ษ,False,False,True,False,False,True
Sarabun-Bold,202,ส,False,False,True,False,False,True
Sarabun-Bold,203,ห,False,False,True,False,False,True
Sarabun-Bold,204,ฬ,False,False,True,False,False,True
Sarabun-Bold,205,อ,False,False,True,False,False,True
Sarabun-Bold,206,ฮ,False,False,True,False,False,True
Sarabun-Bold,207,ฯ,False,False,True,False,False,True
Sarabun-Bold,209,ั,True,True,True,False,False,True
Sarabun-Bold,210,า,False,False,True,False,False,True
Sarabun-Bold,212,ิ,True,True,True,False,False,True
Sarabun-Bold,213,ี,True,True,True,False,False,True
Sarabun-Bold,214,ึ,True,True,True,False,False,True
Sarabun-Bold,215,ื,True,True,True,False,False,True
Sarabun-Bold,216,ุ,True,False,True,False,False,True
Sarabun-Bold,217,ู,True,False,True,False,False,True
Sarabun-Bold,224,เ,False,False,True,False,False,True
Sarabun-Bold,225,แ,False,False,True,False,False,True
Sarabun-Bold,226,โ,False,False,True,False,False,True
Sarabun-Bold,227,ใ,False,False,True,False,False,True
Sarabun-Bold,228,ไ,False,False,True,False,False,True
Sarabun-Bold,229,ๅ,False,False,True,False,False,True
Sarabun-Bold,230,ๆ,False,False,True,False,False,True
Sarabun-Bold,231,็,True,True,True,False,False,True
Sarabun-Bold,232,่,True,True,True,False,False,True
Sarabun-Bold,233,้,True,True,True,False,False,True
Sarabun-Bold,234,๊,True,True,True,False,False,True
Sarabun-Bold,236,์,True,True,True,False,False,True
Sarabun-Bold,240,๐,False,False,True,False,False,True
Sarabun-Bold,241,๑,False,False,True,False,False,True
Sarabun-Bold,242,๒,False,False,True,False,False,True
Sarabun-Bold,243,๓,False,False,True,False,False,True
Sarabun-Bold,244,๔,False,False,True,False,False,True
Sarabun-Bold,245,๕,False,False,True,False,False,True
Sarabun-Bold,246,๖,False,False,True,False,False,True
Sarabun-Bold,247,๗,False,False,True,False,False,True
Sarabun-Bold,248,๘,False,False,True,False,False,True
Sarabun-Bold,249,๙,False,False,True,False,False,True
Sarabun-BoldItalic,161,ก,False,False,True,False,False,True
Sarabun-BoldItalic,162,ข,False,False,True,False,False,True
Sarabun-BoldItalic,163,ฃ,False,False,True,False,False,True
Sarabun-BoldItalic,164,ค,False,False,True,False,False,True
Sarabun-BoldItalic,167,ง,False,False,True,False,False,True
Sarabun-BoldItalic,168,จ,False,False,True,False,False,True
Sarabun-BoldItalic,169,ฉ,False,False,True,False,False,True
Sarabun-BoldItalic,170,ช,False,False,True,False,False,True
Sarabun-BoldItalic,171,ซ,False,False,True,False,False,True
Sarabun-BoldItalic,173,ญ,False,False,True,False,False,True
Sarabun-BoldItalic,175,ฏ,False,False,True,False,False,True
Sarabun-BoldItalic,176,ฐ,False,False,True,False,False,True
Sarabun-BoldItalic,177,ฑ,False,False,True,False,False,True
Sarabun-BoldItalic,178,ฒ,False,False,True,False,False,True
Sarabun-BoldItalic,179,ณ,False,False,True,False,False,True
Sarabun-BoldItalic,180,ด,False,False,True,False,False,True
Sarabun-BoldItalic,181,ต,False,False,True,False,False,True
Sarabun-BoldItalic,182,ถ,False,False,True,False,False,True
Sarabun-BoldItalic,183,ท,False,False,True,False,False,True
Sarabun-BoldItalic,184,ธ,False,False,True,False,False,True
Sarabun-BoldItalic,185,น,False,False,True,False,False,True
Sarabun-BoldItalic,186,บ,False,False,True,False,False,True
Sarabun-BoldItalic,187,ป,False,False,True,False,False,True
Sarabun-BoldItalic,188,ผ,False,False,True,False,False,True
Sarabun-BoldItalic,189,ฝ,False,False,True,False,False,True
Sarabun-BoldItalic,190,พ,False,False,True,False,False,True
Sarabun-BoldItalic,191,ฟ,False,False,True,False,False,True
Sarabun-BoldItalic,192,ภ,False,False,True,False,False,True
Sarabun-BoldItalic,193,ม,False,False,True,False,False,True
Sarabun-BoldItalic,194,ย,False,False,True,False,False,True
Sarabun-BoldItalic,195,ร,False,False,True,False,False,True
Sarabun-BoldItalic,196,ฤ,False,False,True,False,False,True
Sarabun-BoldItalic,197,ล,False,False,True,False,False,True
Sarabun-BoldItalic,199,ว,False,False,True,False,False,True
Sarabun-BoldItalic,200,ศ,False,False,True,False,False,True
Sarabun-BoldItalic,201,ษ,False,False,True,False,False,True
Sarabun-BoldItalic,202,ส,False,False,True,False,False,True
Sarabun-BoldItalic,203,ห,False,False,True,False,False,True
Sarabun-BoldItalic,204,ฬ,False,False,True,False,False,True
Sarabun-BoldItalic,205,อ,False,False,True,False,False,True
Sarabun-BoldItalic,206,ฮ,False,False,True,False,False,True
Sarabun-BoldItalic,207,ฯ,False,False,True,False,False,True
Sarabun-BoldItalic,209,ั,True,True,True,False,False,True
Sarabun-BoldItalic,210,า,False,False,True,False,False,True
Sarabun-BoldItalic,212,ิ,True,True,True,False,False,True
Sarabun-BoldItalic,213,ี,True,True,True,False,False,True
Sarabun-BoldItalic,214,ึ,True,True,True,False,False,True
Sarabun-BoldItalic,215,ื,True,True,True,False,False,True
Sarabun-BoldItalic,216,ุ,True,False,True,False,False,True
Sarabun-BoldItalic,217,ู,True,False,True,False,False,True
Sarabun-BoldItalic,224,เ,False,False,True,False,False,True
Sarabun-BoldItalic,225,แ,False,False,True,False,False,True
Sarabun-BoldItalic,226,โ,False,False,True,False,False,True
Sarabun-BoldItalic,227,ใ,False,False,True,False,False,True
Sarabun-BoldItalic,228,ไ,False,False,True,False,False,True
Sarabun-BoldItalic,229,ๅ,False,False,True,False,False,True
Sarabun-BoldItalic,230,ๆ,False,False,True,False,False,True
Sarabun-BoldItalic,231,็,True,True,True,False,False,True
Sarabun-BoldItalic,232,่,True,True,True,False,False,True
Sarabun-BoldItalic,233,้,True,True,True,False,False,True
Sarabun-BoldItalic,234,๊,True,True,True,False,False,True
Sarabun-BoldItalic,236,์,True,True,True,False,False,True
Sarabun-BoldItalic,240,๐,False,False,True,False,False,True
Sarabun-BoldItalic,241,๑,False,False,True,False,False,True
Sarabun-BoldItalic,242,๒,False,False,True,False,False,True
Sarabun-BoldItalic,243,๓,False,False,True,False,False,True
Sarabun-BoldItalic,244,๔,False,False,True,False,False,True
Sarabun-BoldItalic,245,๕,False,False,True,False,False,True
Sarabun-BoldItalic,246,๖,False,False,True,False,False,True
Sarabun-BoldItalic,247,๗,False,False,True,False,False,True
Sarabun-BoldItalic,248,๘,False,False,True,False,False,True
Sarabun-BoldItalic,249,๙,False,False,True,False,False,True
Sarabun-ExtraBold,161,ก,False,False,True,False,False,True
Sarabun-ExtraBold,162,ข,False,False,True,False,False,True
Sarabun-ExtraBold,163,ฃ,False,False,True,False,False,True
Sarabun-ExtraBold,164,ค,False,False,True,False,False,True
Sarabun-ExtraBold,167,ง,False,False,True,False,False,True
Sarabun-ExtraBold,168,จ,False,False,True,False,False,True
Sarabun-ExtraBold,169,ฉ,False,False,True,False,False,True
Sarabun-ExtraBold,170,ช,False,False,True,False,False,True
Sarabun-ExtraBold,171,ซ,False,False,True,False,False,True
Sarabun-ExtraBold,173,ญ,False,False,True,False,False,True
Sarabun-ExtraBold,175,ฏ,False,False,True,False,False,True
Sarabun-ExtraBold,176,ฐ,False,False,True,False,False,True
Sarabun-ExtraBold,177,ฑ,False,False,True,False,False,True
Sarabun-ExtraBold,178,ฒ,False,False,True,False,False,True
Sarabun-ExtraBold,179,ณ,False,False,True,False,False,True
Sarabun-ExtraBold,180,ด,False,False,True,False,False,True
Sarabun-ExtraBold,181,ต,False,False,True,False,False,True
Sarabun-ExtraBold,182,ถ,False,False,True,False,False,True
Sarabun-ExtraBold,183,ท,False,False,True,False,False,True
Sarabun-ExtraBold,184,ธ,False,False,True,False,False,True
Sarabun-ExtraBold,185,น,False,False,True,False,False,True
Sarabun-ExtraBold,186,บ,False,False,True,False,False,True
Sarabun-ExtraBold,187,ป,False,False,True,False,False,True
Sarabun-ExtraBold,188,ผ,False,False,True,False,False,True
Sarabun-ExtraBold,189,ฝ,False,False,True,False,False,True
Sarabun-ExtraBold,190,พ,False,False,True,False,False,True
Sarabun-ExtraBold,191,ฟ,False,False,True,False,False,True
Sarabun-ExtraBold,192,ภ,False,False,True,False,False,True
Sarabun-ExtraBold,193,ม,False,False,True,False,False,True
Sarabun-ExtraBold,194,ย,False,False,True,False,False,True
Sarabun-ExtraBold,195,ร,False,False,True,False,False,True
Sarabun-ExtraBold,196,ฤ,False,False,True,False,False,True
Sarabun-ExtraBold,197,ล,False,False,True,False,False,True
Sarabun-ExtraBold,199,ว,False,False,True,False,False,True
Sarabun-ExtraBold,200,ศ,False,False,True,False,False,True
Sarabun-ExtraBold,201,ษ,False,False,True,False,False,True
Sarabun-ExtraBold,202,ส,False,False,True,False,False,True
Sarabun-ExtraBold,203,ห,False,False,True,False,False,True
Sarabun-ExtraBold,204,ฬ,False,False,True,False,False,True
Sarabun-ExtraBold,205,อ,False,False,True,False,False,True
Sarabun-ExtraBold,206,ฮ,False,False,True,False,False,True
Sarabun-ExtraBold,207,ฯ,False,False,True,False,False,True
Sarabun-ExtraBold,209,ั,True,True,True,False,False,True
Sarabun-ExtraBold,210,า,False,False,True,False,False,True
Sarabun-ExtraBold,212,ิ,True,True,True,False,False,True
Sarabun-ExtraBold,213,ี,True,True,True,False,False,True
Sarabun-ExtraBold,214,ึ,True,True,True,False,False,True
Sarabun-ExtraBold,215,ื,True,True,True,False,False,True
Sarabun-ExtraBold,216,ุ,True,False,True,False,False,True
Sarabun-ExtraBold,217,ู,True,False,True,False,False,True
Sarabun-ExtraBold,224,เ,False,False,True,False,False,True
Sarabun-ExtraBold,225,แ,False,False,True,False,False,True
Sarabun-ExtraBold,226,โ,False,False,True,False,False,True
Sarabun-ExtraBold,227,ใ,False,False,True,False,False,True
Sarabun-ExtraBold,228,ไ,False,False,True,False,False,True
Sarabun-ExtraBold,229,ๅ,False,False,True,False,False,True
Sarabun-ExtraBold,230,ๆ,False,False,True,False,False,True
Sarabun-ExtraBold,231,็,True,True,True,False,False,True
Sarabun-ExtraBold,232,่,True,True,True,False,False,True
Sarabun-ExtraBold,233,้,True,True,True,False,False,True
Sarabun-ExtraBold,234,๊,True,True,True,False,False,True
Sarabun-ExtraBold,236,์,True,True,True,False,False,True
Sarabun-ExtraBold,240,๐,False,False,True,False,False,True
Sarabun-ExtraBold,241,๑,False,False,True,False,False,True
Sarabun-ExtraBold,242,๒,False,False,True,False,False,True
Sarabun-ExtraBold,243,๓,False,False,True,False,False,True
Sarabun-ExtraBold,244,๔,False,False,True,False,False,True
Sarabun-ExtraBold,245,๕,False,False,True,False,False,True
Sarabun-ExtraBold,246,๖,False,False,True,False,False,True
Sarabun-ExtraBold,247,๗,False,False,True,False,False,True
Sarabun-ExtraBold,248,๘,False,False,True,False,False,True
Sarabun-ExtraBold,249,๙,False,False,True,False,False,True
Sarabun-ExtraBoldItalic,161,ก,False,False,True,False,False,True
Sarabun-ExtraBoldItalic,162,ข,False,False,True,False,False,True
Sarabun-ExtraBoldItalic,163,ฃ,False,False,True,False,False,True
Sarabun-ExtraBoldItalic,164,ค,False,False,True,False,False,True
Sarabun-ExtraBoldItalic,167,ง,False,False,True,False,False,True
Sarabun-ExtraBoldItalic,168,จ,False,False,True,False,False,True
Sarabun-ExtraBoldItalic,169,ฉ,False,False,True,False,False,True
Sarabun-ExtraBoldItalic,170,ช,False,False,True,False,False,True
Sarabun-ExtraBoldItalic,171,ซ,False,False,True,False,False,True
Sarabun-ExtraBoldItalic,173,ญ,False,False,True,False,False,True
Sarabun-ExtraBoldItalic,175,ฏ,False,False,True,False,False,True
Sarabun-ExtraBoldItalic,176,ฐ,False,False,True,False,False,True
Sarabun-ExtraBoldItalic,177,ฑ,False,False,True,False,False,True
Sarabun-ExtraBoldItalic,178,ฒ,False,False,True,False,False,True
Sarabun-ExtraBoldItalic,179,ณ,False,False,True,False,False,True
Sarabun-ExtraBoldItalic,180,ด,False,False,True,False,False,True
Sarabun-ExtraBoldItalic,181,ต,False,False,True,False,False,True
Sarabun-ExtraBoldItalic,182,ถ,False,False,True,False,False,True
Sarabun-ExtraBoldItalic,183,ท,False,False,True,False,False,True
Sarabun-ExtraBoldItalic,184,ธ,False,False,True,False,False,True
Sarabun-ExtraBoldItalic,185,น,False,False,True,False,False,True
Sarabun-ExtraBoldItalic,186,บ,False,False,True,False,False,True
Sarabun-ExtraBoldItalic,187,ป,False,False,True,False,False,True
Sarabun-ExtraBoldItalic,188,ผ,False,False,True,False,False,True
Sarabun-ExtraBoldItalic,189,ฝ,False,False,True,False,False,True
Sarabun-ExtraBoldItalic,190,พ,False,False,True,False,False,True
Sarabun-ExtraBoldItalic,191,ฟ,False,False,True,False,False,True
Sarabun-ExtraBoldItalic,192,ภ,False,False,True,False,False,True
Sarabun-ExtraBoldItalic,193,ม,False,False,True,False,False,True
Sarabun-ExtraBoldItalic,194,ย,False,False,True,False,False,True
Sarabun-ExtraBoldItalic,195,ร,False,False,True,False,False,True
Sarabun-ExtraBoldItalic,196,ฤ,False,False,True,False,False,True
Sarabun-ExtraBoldItalic,197,ล,False,False,True,False,False,True
Sarabun-ExtraBoldItalic,199,ว,False,False,True,False,False,True
Sarabun-ExtraBoldItalic,200,ศ,False,False,True,False,False,True
Sarabun-ExtraBoldItalic,201,ษ,False,False,True,False,False,True
Sarabun-ExtraBoldItalic,202,ส,False,False,True,False,False,True
Sarabun-ExtraBoldItalic,203,ห,False,False,True,False,False,True
Sarabun-ExtraBoldItalic,204,ฬ,False,False,True,False,False,True
Sarabun-ExtraBoldItalic,205,อ,False,False,True,False,False,True
Sarabun-ExtraBoldItalic,206,ฮ,False,False,True,False,False,True
Sarabun-ExtraBoldItalic,207,ฯ,False,False,True,False,False,True
Sarabun-ExtraBoldItalic,209,ั,True,True,True,False,False,True
Sarabun-ExtraBoldItalic,210,า,False,False,True,False,False,True
Sarabun-ExtraBoldItalic,212,ิ,True,True,True,False,False,True
Sarabun-ExtraBoldItalic,213,ี,True,True,True,False,False,True
Sarabun-ExtraBoldItalic,214,ึ,True,True,True,False,False,True
Sarabun-ExtraBoldItalic,215,ื,True,True,True,False,False,True
Sarabun-ExtraBoldItalic,216,ุ,True,False,True,False,False,True
Sarabun-ExtraBoldItalic,217,ู,True,False,True,False,False,True
Sarabun-ExtraBoldItalic,224,เ,False,False,True,False,False,True
Sarabun-ExtraBoldItalic,225,แ,False,False,True,False,False,True
Sarabun-ExtraBoldItalic,226,โ,False,False,True,False,False,True
Sarabun-ExtraBoldItalic,227,ใ,False,False,True,False,False,True
Sarabun-ExtraBoldItalic,228,ไ,False,False,True,False,False,True
Sarabun-ExtraBoldItalic,229,ๅ,False,False,True,False,False,True
Sarabun-ExtraBoldItalic,230,ๆ,False,False,True,False,False,True
Sarabun-ExtraBoldItalic,231,็,True,True,True,False,False,True
Sarabun-ExtraBoldItalic,232,่,True,True,True,False,False,True
Sarabun-ExtraBoldItalic,233,้,True,True,True,False,False,True
Sarabun-ExtraBoldItalic,234,๊,True,True,True,False,False,True
Sarabun-ExtraBoldItalic,236,์,True,True,True,False,False,True
Sarabun-ExtraBoldItalic,240,๐,False,False,True,False,False,True
Sarabun-ExtraBoldItalic,241,๑,False,False,True,False,False,True
Sarabun-ExtraBoldItalic,242,๒,False,False,True,False,False,True
Sarabun-ExtraBoldItalic,243,๓,False,False,True,False,False,True
Sarabun-ExtraBoldItalic,244,๔,False,False,True,False,False,True
Sarabun-ExtraBoldItalic,245,๕,False,False,True,False,False,True
Sarabun-ExtraBoldItalic,246,๖,False,False,True,False,False,True
Sarabun-ExtraBoldItalic,247,๗,False,False,True,False,False,True
Sarabun-ExtraBoldItalic,248,๘,False,False,True,False,False,True
Sarabun-ExtraBoldItalic,249,๙,False,False,True,False,False,True
Sarabun-ExtraLight,161,ก,False,False,True,False,False,True
Sarabun-ExtraLight,162,ข,False,False,True,False,False,True
Sarabun-ExtraLight,163,ฃ,False,False,True,False,False,True
Sarabun-ExtraLight,164,ค,False,False,True,False,False,True
Sarabun-ExtraLight,167,ง,False,False,True,False,False,True
Sarabun-ExtraLight,168,จ,False,False,True,False,False,True
Sarabun-ExtraLight,169,ฉ,False,False,True,False,False,True
Sarabun-ExtraLight,170,ช,False,False,True,False,False,True
Sarabun-ExtraLight,171,ซ,False,False,True,False,False,True
Sarabun-ExtraLight,173,ญ,False,False,True,False,False,True
Sarabun-ExtraLight,175,ฏ,False,False,True,False,False,True
Sarabun-ExtraLight,176,ฐ,False,False,True,False,False,True
Sarabun-ExtraLight,177,ฑ,False,False,True,False,False,True
Sarabun-ExtraLight,178,ฒ,False,False,True,False,False,True
Sarabun-ExtraLight,179,ณ,False,False,True,False,False,True
Sarabun-ExtraLight,180,ด,False,False,True,False,False,True
Sarabun-ExtraLight,181,ต,False,False,True,False,False,True
Sarabun-ExtraLight,182,ถ,False,False,True,False,False,True
Sarabun-ExtraLight,183,ท,False,False,True,False,False,True
Sarabun-ExtraLight,184,ธ,False,False,True,False,False,True
Sarabun-ExtraLight,185,น,False,False,True,False,False,True
Sarabun-ExtraLight,186,บ,False,False,True,False,False,True
Sarabun-ExtraLight,187,ป,False,False,True,False,False,True
Sarabun-ExtraLight,188,ผ,False,False,True,False,False,True
Sarabun-ExtraLight,189,ฝ,False,False,True,False,False,True
Sarabun-ExtraLight,190,พ,False,False,True,False,False,True
Sarabun-ExtraLight,191,ฟ,False,False,True,False,False,True
Sarabun-ExtraLight,192,ภ,False,False,True,False,False,True
Sarabun-ExtraLight,193,ม,False,False,True,False,False,True
Sarabun-ExtraLight,194,ย,False,False,True,False,False,True
Sarabun-ExtraLight,195,ร,False,False,True,False,False,True
Sarabun-ExtraLight,196,ฤ,False,False,True,False,False,True
Sarabun-ExtraLight,197,ล,False,False,True,False,False,True
Sarabun-ExtraLight,199,ว,False,False,True,False,False,True
Sarabun-ExtraLight,200,ศ,False,False,True,False,False,True
Sarabun-ExtraLight,201,ษ,False,False,True,False,False,True
Sarabun-ExtraLight,202,ส,False,False,True,False,False,True
Sarabun-ExtraLight,203,ห,False,False,True,False,False,True
Sarabun-ExtraLight,204,ฬ,False,False,True,False,False,True
Sarabun-ExtraLight,205,อ,False,False,True,False,False,True
Sarabun-ExtraLight,206,ฮ,False,False,True,False,False,True
Sarabun-ExtraLight,207,ฯ,False,False,True,False,False,True
Sarabun-ExtraLight,209,ั,True,True,True,False,False,True
Sarabun-ExtraLight,210,า,False,False,True,False,False,True
Sarabun-ExtraLight,212,ิ,True,True,True,False,False,True
Sarabun-ExtraLight,213,ี,True,True,True,False,False,True
Sarabun-ExtraLight,214,ึ,True,True,True,False,False,True
Sarabun-ExtraLight,215,ื,True,True,True,False,False,True
Sarabun-ExtraLight,216,ุ,True,False,True,False,False,True
Sarabun-ExtraLight,217,ู,True,False,True,False,False,True
Sarabun-ExtraLight,224,เ,False,False,True,False,False,True
Sarabun-ExtraLight,225,แ,False,False,True,False,False,True
Sarabun-ExtraLight,226,โ,False,False,True,False,False,True
Sarabun-ExtraLight,227,ใ,False,False,True,False,False,True
Sarabun-ExtraLight,228,ไ,False,False,True,False,False,True
Sarabun-ExtraLight,229,ๅ,False,False,True,False,False,True
Sarabun-ExtraLight,230,ๆ,False,False,True,False,False,True
Sarabun-ExtraLight,231,็,True,True,True,False,False,True
Sarabun-ExtraLight,232,่,True,True,True,False,False,True
Sarabun-ExtraLight,233,้,True,True,True,False,False,True
Sarabun-ExtraLight,234,๊,True,True,True,False,False,True
Sarabun-ExtraLight,236,์,True,True,True,False,False,True
Sarabun-ExtraLight,240,๐,False,False,True,False,False,True
Sarabun-ExtraLight,241,๑,False,False,True,False,False,True
Sarabun-ExtraLight,242,๒,False,False,True,False,False,True
Sarabun-ExtraLight,243,๓,False,False,True,False,False,True
Sarabun-ExtraLight,244,๔,False,False,True,False,False,True
Sarabun-ExtraLight,245,๕,False,False,True,False,False,True
Sarabun-ExtraLight,246,๖,False,False,True,False,False,True
Sarabun-ExtraLight,247,๗,False,False,True,False,False,True
Sarabun-ExtraLight,248,๘,False,False,True,False,False,True
Sarabun-ExtraLight,249,๙,False,False,True,False,False,True
Sarabun-ExtraLightItalic,161,ก,False,False,True,False,False,True
Sarabun-ExtraLightItalic,162,ข,False,False,True,False,False,True
Sarabun-ExtraLightItalic,163,ฃ,False,False,True,False,False,True
Sarabun-ExtraLightItalic,164,ค,False,False,True,False,False,True
Sarabun-ExtraLightItalic,167,ง,False,False,True,False,False,True
Sarabun-ExtraLightItalic,168,จ,False,False,True,False,False,True
Sarabun-ExtraLightItalic,169,ฉ,False,False,True,False,False,True
Sarabun-ExtraLightItalic,170,ช,False,False,True,False,False,True
Sarabun-ExtraLightItalic,171,ซ,False,False,True,False,False,True
Sarabun-ExtraLightItalic,173,ญ,False,False,True,False,False,True
Sarabun-ExtraLightItalic,175,ฏ,False,False,True,False,False,True
Sarabun-ExtraLightItalic,176,ฐ,False,False,True,False,False,True
Sarabun-ExtraLightItalic,177,ฑ,False,False,True,False,False,True
Sarabun-ExtraLightItalic,178,ฒ,False,False,True,False,False,True
Sarabun-ExtraLightItalic,179,ณ,False,False,True,False,False,True
Sarabun-ExtraLightItalic,180,ด,False,False,True,False,False,True
Sarabun-ExtraLightItalic,181,ต,False,False,True,False,False,True
Sarabun-ExtraLightItalic,182,ถ,False,False,True,False,False,True
Sarabun-ExtraLightItalic,183,ท,False,False,True,False,False,True
Sarabun-ExtraLightItalic,184,ธ,False,False,True,False,False,True
Sarabun-ExtraLightItalic,185,น,False,False,True,False,False,True
Sarabun-ExtraLightItalic,186,บ,False,False,True,False,False,True
Sarabun-ExtraLightItalic,187,ป,False,False,True,False,False,True
Sarabun-ExtraLightItalic,188,ผ,False,False,True,False,False,True
Sarabun-ExtraLightItalic,189,ฝ,False,False,True,False,False,True
Sarabun-ExtraLightItalic,190,พ,False,False,True,False,False,True
Sarabun-ExtraLightItalic,191,ฟ,False,False,True,False,False,True
Sarabun-ExtraLightItalic,192,ภ,False,False,True,False,False,True
Sarabun-ExtraLightItalic,193,ม,False,False,True,False,False,True
Sarabun-ExtraLightItalic,194,ย,False,False,True,False,False,True
Sarabun-ExtraLightItalic,195,ร,False,False,True,False,False,True
Sarabun-ExtraLightItalic,196,ฤ,False,False,True,False,False,True
Sarabun-ExtraLightItalic,197,ล,False,False,True,False,False,True
Sarabun-ExtraLightItalic,199,ว,False,False,True,False,False,True
Sarabun-ExtraLightItalic,200,ศ,False,False,True,False,False,True
Sarabun-ExtraLightItalic,201,ษ,False,False,True,False,False,True
Sarabun-ExtraLightItalic,202,ส,False,False,True,False,False,True
Sarabun-ExtraLightItalic,203,ห,False,False,True,False,False,True
Sarabun-ExtraLightItalic,204,ฬ,False,False,True,False,False,True
Sarabun-ExtraLightItalic,205,อ,False,False,True,False,False,True
Sarabun-ExtraLightItalic,206,ฮ,False,False,True,False,False,True
Sarabun-ExtraLightItalic,207,ฯ,False,False,True,False,False,True
Sarabun-ExtraLightItalic,209,ั,True,True,True,False,False,True
Sarabun-ExtraLightItalic,210,า,False,False,True,False,False,True
Sarabun-ExtraLightItalic,212,ิ,True,True,True,False,False,True
Sarabun-ExtraLightItalic,213,ี,True,True,True,False,False,True
Sarabun-ExtraLightItalic,214,ึ,True,True,True,False,False,True
Sarabun-ExtraLightItalic,215,ื,True,True,True,False,False,True
Sarabun-ExtraLightItalic,216,ุ,True,False,True,False,False,True
Sarabun-ExtraLightItalic,217,ู,True,False,True,False,False,True
Sarabun-ExtraLightItalic,224,เ,False,False,True,False,False,True
Sarabun-ExtraLightItalic,225,แ,False,False,True,False,False,True
Sarabun-ExtraLightItalic,226,โ,False,False,True,False,False,True
Sarabun-ExtraLightItalic,227,ใ,False,False,True,False,False,True
Sarabun-ExtraLightItalic,228,ไ,False,False,True,False,False,True
Sarabun-ExtraLightItalic,229,ๅ,False,False,True,False,False,True
Sarabun-ExtraLightItalic,230,ๆ,False,False,True,False,False,True
Sarabun-ExtraLightItalic,231,็,True,True,True,False,False,True
Sarabun-ExtraLightItalic,232,่,True,True,True,False,False,True
Sarabun-ExtraLightItalic,233,้,True,True,True,False,False,True
Sarabun-ExtraLightItalic,234,๊,True,True,True,False,False,True
Sarabun-ExtraLightItalic,236,์,True,True,True,False,False,True
Sarabun-ExtraLightItalic,240,๐,False,False,True,False,False,True
Sarabun-ExtraLightItalic,241,๑,False,False,True,False,False,True
Sarabun-ExtraLightItalic,242,๒,False,False,True,False,False,True
Sarabun-ExtraLightItalic,243,๓,False,False,True,False,False,True
Sarabun-ExtraLightItalic,244,๔,False,False,True,False,False,True
Sarabun-ExtraLightItalic,245,๕,False,False,True,False,False,True
Sarabun-ExtraLightItalic,246,๖,False,False,True,False,False,True
Sarabun-ExtraLightItalic,247,๗,False,False,True,False,False,True
Sarabun-ExtraLightItalic,248,๘,False,False,True,False,False,True
Sarabun-ExtraLightItalic,249,๙,False,False,True,False,False,True
Sarabun-Italic,161,ก,False,False,True,False,False,True
Sarabun-Italic,162,ข,False,False,True,False,False,True
Sarabun-Italic,163,ฃ,False,False,True,False,False,True
Sarabun-Italic,164,ค,False,False,True,False,False,True
Sarabun-Italic,167,ง,False,False,True,False,False,True
Sarabun-Italic,168,จ,False,False,True,False,False,True
Sarabun-Italic,169,ฉ,False,False,True,False,False,True
Sarabun-Italic,170,ช,False,False,True,False,False,True
Sarabun-Italic,171,ซ,False,False,True,False,False,True
Sarabun-Italic,173,ญ,False,False,True,False,False,True
Sarabun-Italic,175,ฏ,False,False,True,False,False,True
Sarabun-Italic,176,ฐ,False,False,True,False,False,True
Sarabun-Italic,177,ฑ,False,False,True,False,False,True
Sarabun-Italic,178,ฒ,False,False,True,False,False,True
Sarabun-Italic,179,ณ,False,False,True,False,False,True
Sarabun-Italic,180,ด,False,False,True,False,False,True
Sarabun-Italic,181,ต,False,False,True,False,False,True
Sarabun-Italic,182,ถ,False,False,True,False,False,True
Sarabun-Italic,183,ท,False,False,True,False,False,True
Sarabun-Italic,184,ธ,False,False,True,False,False,True
Sarabun-Italic,185,น,False,False,True,False,False,True
Sarabun-Italic,186,บ,False,False,True,False,False,True
Sarabun-Italic,187,ป,False,False,True,False,False,True
Sarabun-Italic,188,ผ,False,False,True,False,False,True
Sarabun-Italic,189,ฝ,False,False,True,False,False,True
Sarabun-Italic,190,พ,False,False,True,False,False,True
Sarabun-Italic,191,ฟ,False,False,True,False,False,True
Sarabun-Italic,192,ภ,False,False,True,False,False,True
Sarabun-Italic,193,ม,False,False,True,False,False,True
Sarabun-Italic,194,ย,False,False,True,False,False,True
Sarabun-Italic,195,ร,False,False,True,False,False,True
Sarabun-Italic,196,ฤ,False,False,True,False,False,True
Sarabun-Italic,197,ล,False,False,True,False,False,True
Sarabun-Italic,199,ว,False,False,True,False,False,True
Sarabun-Italic,200,ศ,False,False,True,False,False,True
Sarabun-Italic,201,ษ,False,False,True,False,False,True
Sarabun-Italic,202,ส,False,False,True,False,False,True
Sarabun-Italic,203,ห,False,False,True,False,False,True
Sarabun-Italic,204,ฬ,False,False,True,False,False,True
Sarabun-Italic,205,อ,False,False,True,False,False,True
Sarabun-Italic,206,ฮ,False,False,True,False,False,True
Sarabun-Italic,207,ฯ,False,False,True,False,False,True
Sarabun-Italic,209,ั,True,True,True,False,False,True
Sarabun-Italic,210,า,False,False,True,False,False,True
Sarabun-Italic,212,ิ,True,True,True,False,False,True
Sarabun-Italic,213,ี,True,True,True,False,False,True
Sarabun-Italic,214,ึ,True,True,True,False,False,True
Sarabun-Italic,215,ื,True,True,True,False,False,True
Sarabun-Italic,216,ุ,True,False,True,False,False,True
Sarabun-Italic,217,ู,True,False,True,False,False,True
Sarabun-Italic,224,เ,False,False,True,False,False,True
Sarabun-Italic,225,แ,False,False,True,False,False,True
Sarabun-Italic,226,โ,False,False,True,False,False,True
Sarabun-Italic,227,ใ,False,False,True,False,False,True
Sarabun-Italic,228,ไ,False,False,True,False,False,True
Sarabun-Italic,229,ๅ,False,False,True,False,False,True
Sarabun-Italic,230,ๆ,False,False,True,False,False,True
Sarabun-Italic,231,็,True,True,True,False,False,True
Sarabun-Italic,232,่,True,True,True,False,False,True
Sarabun-Italic,233,้,True,True,True,False,False,True
Sarabun-Italic,234,๊,True,True,True,False,False,True
Sarabun-Italic,236,์,True,True,True,False,False,True
Sarabun-Italic,240,๐,False,False,True,False,False,True
Sarabun-Italic,241,๑,False,False,True,False,False,True
Sarabun-Italic,242,๒,False,False,True,False,False,True
Sarabun-Italic,243,๓,False,False,True,False,False,True
Sarabun-Italic,244,๔,False,False,True,False,False,True
Sarabun-Italic,245,๕,False,False,True,False,False,True
Sarabun-Italic,246,๖,False,False,True,False,False,True
Sarabun-Italic,247,๗,False,False,True,False,False,True
Sarabun-Italic,248,๘,False,False,True,False,False,True
Sarabun-Italic,249,๙,False,False,True,False,False,True
Sarabun-Light,161,ก,False,False,True,False,False,True
Sarabun-Light,162,ข,False,False,True,False,False,True
Sarabun-Light,163,ฃ,False,False,True,False,False,True
Sarabun-Light,164,ค,False,False,True,False,False,True
Sarabun-Light,167,ง,False,False,True,False,False,True
Sarabun-Light,168,จ,False,False,True,False,False,True
Sarabun-Light,169,ฉ,False,False,True,False,False,True
Sarabun-Light,170,ช,False,False,True,False,False,True
Sarabun-Light,171,ซ,False,False,True,False,False,True
Sarabun-Light,173,ญ,False,False,True,False,False,True
Sarabun-Light,175,ฏ,False,False,True,False,False,True
Sarabun-Light,176,ฐ,False,False,True,False,False,True
Sarabun-Light,177,ฑ,False,False,True,False,False,True
Sarabun-Light,178,ฒ,False,False,True,False,False,True
Sarabun-Light,179,ณ,False,False,True,False,False,True
Sarabun-Light,180,ด,False,False,True,False,False,True
Sarabun-Light,181,ต,False,False,True,False,False,True
Sarabun-Light,182,ถ,False,False,True,False,False,True
Sarabun-Light,183,ท,False,False,True,False,False,True
Sarabun-Light,184,ธ,False,False,True,False,False,True
Sarabun-Light,185,น,False,False,True,False,False,True
Sarabun-Light,186,บ,False,False,True,False,False,True
Sarabun-Light,187,ป,False,False,True,False,False,True
Sarabun-Light,188,ผ,False,False,True,False,False,True
Sarabun-Light,189,ฝ,False,False,True,False,False,True
Sarabun-Light,190,พ,False,False,True,False,False,True
Sarabun-Light,191,ฟ,False,False,True,False,False,True
Sarabun-Light,192,ภ,False,False,True,False,False,True
Sarabun-Light,193,ม,False,False,True,False,False,True
Sarabun-Light,194,ย,False,False,True,False,False,True
Sarabun-Light,195,ร,False,False,True,False,False,True
Sarabun-Light,196,ฤ,False,False,True,False,False,True
Sarabun-Light,197,ล,False,False,True,False,False,True
Sarabun-Light,199,ว,False,False,True,False,False,True
Sarabun-Light,200,ศ,False,False,True,False,False,True
Sarabun-Light,201,ษ,False,False,True,False,False,True
Sarabun-Light,202,ส,False,False,True,False,False,True
Sarabun-Light,203,ห,False,False,True,False,False,True
Sarabun-Light,204,ฬ,False,False,True,False,False,True
Sarabun-Light,205,อ,False,False,True,False,False,True
Sarabun-Light,206,ฮ,False,False,True,False,False,True
Sarabun-Light,207,ฯ,False,False,True,False,False,True
Sarabun-Light,209,ั,True,True,True,False,False,True
Sarabun-Light,210,า,False,False,True,False,False,True
Sarabun-Light,212,ิ,True,True,True,False,False,True
Sarabun-Light,213,ี,True,True,True,False,False,True
Sarabun-Light,214,ึ,True,True,True,False,False,True
Sarabun-Light,215,ื,True,True,True,False,False,True
Sarabun-Light,216,ุ,True,False,True,False,False,True
Sarabun-Light,217,ู,True,False,True,False,False,True
Sarabun-Light,224,เ,False,False,True,False,False,True
Sarabun-Light,225,แ,False,False,True,False,False,True
Sarabun-Light,226,โ,False,False,True,False,False,True
Sarabun-Light,227,ใ,False,False,True,False,False,True
Sarabun-Light,228,ไ,False,False,True,False,False,True
Sarabun-Light,229,ๅ,False,False,True,False,False,True
Sarabun-Light,230,ๆ,False,False,True,False,False,True
Sarabun-Light,231,็,True,True,True,False,False,True
Sarabun-Light,232,่,True,True,True,False,False,True
Sarabun-Light,233,้,True,True,True,False,False,True
Sarabun-Light,234,๊,True,True,True,False,False,True
Sarabun-Light,236,์,True,True,True,False,False,True
Sarabun-Light,240,๐,False,False,True,False,False,True
Sarabun-Light,241,๑,False,False,True,False,False,True
Sarabun-Light,242,๒,False,False,True,False,False,True
Sarabun-Light,243,๓,False,False,True,False,False,True
Sarabun-Light,244,๔,False,False,True,False,False,True
Sarabun-Light,245,๕,False,False,True,False,False,True
Sarabun-Light,246,๖,False,False,True,False,False,True
Sarabun-Light,247,๗,False,False,True,False,False,True
Sarabun-Light,248,๘,False,False,True,False,False,True
Sarabun-Light,249,๙,False,False,True,False,False,True
Sarabun-LightItalic,161,ก,False,False,True,False,False,True
Sarabun-LightItalic,162,ข,False,False,True,False,False,True
Sarabun-LightItalic,163,ฃ,False,False,True,False,False,True
Sarabun-LightItalic,164,ค,False,False,True,False,False,True
Sarabun-LightItalic,167,ง,False,False,True,False,False,True
Sarabun-LightItalic,168,จ,False,False,True,False,False,True
Sarabun-LightItalic,169,ฉ,False,False,True,False,False,True
Sarabun-LightItalic,170,ช,False,False,True,False,False,True
Sarabun-LightItalic,171,ซ,False,False,True,False,False,True
Sarabun-LightItalic,173,ญ,False,False,True,False,False,True
Sarabun-LightItalic,175,ฏ,False,False,True,False,False,True
Sarabun-LightItalic,176,ฐ,False,False,True,False,False,True
Sarabun-LightItalic,177,ฑ,False,False,True,False,False,True
Sarabun-LightItalic,178,ฒ,False,False,True,False,False,True
Sarabun-LightItalic,179,ณ,False,False,True,False,False,True
Sarabun-LightItalic,180,ด,False,False,True,False,False,True
Sarabun-LightItalic,181,ต,False,False,True,False,False,True
Sarabun-LightItalic,182,ถ,False,False,True,False,False,True
Sarabun-LightItalic,183,ท,False,False,True,False,False,True
Sarabun-LightItalic,184,ธ,False,False,True,False,False,True
Sarabun-LightItalic,185,น,False,False,True,False,False,True
Sarabun-LightItalic,186,บ,False,False,True,False,False,True
Sarabun-LightItalic,187,ป,False,False,True,False,False,True
Sarabun-LightItalic,188,ผ,False,False,True,False,False,True
Sarabun-LightItalic,189,ฝ,False,False,True,False,False,True
Sarabun-LightItalic,190,พ,False,False,True,False,False,True
Sarabun-LightItalic,191,ฟ,False,False,True,False,False,True
Sarabun-LightItalic,192,ภ,False,False,True,False,False,True
Sarabun-LightItalic,193,ม,False,False,True,False,False,True
Sarabun-LightItalic,194,ย,False,False,True,False,False,True
Sarabun-LightItalic,195,ร,False,False,True,False,False,True
Sarabun-LightItalic,196,ฤ,False,False,True,False,False,True
Sarabun-LightItalic,197,ล,False,False,True,False,False,True
Sarabun-LightItalic,199,ว,False,False,True,False,False,True
Sarabun-LightItalic,200,ศ,False,False,True,False,False,True
Sarabun-LightItalic,201,ษ,False,False,True,False,False,True
Sarabun-LightItalic,202,ส,False,False,True,False,False,True
Sarabun-LightItalic,203,ห,False,False,True,False,False,True
Sarabun-LightItalic,204,ฬ,False,False,True,False,False,True
Sarabun-LightItalic,205,อ,False,False,True,False,False,True
Sarabun-LightItalic,206,ฮ,False,False,True,False,False,True
Sarabun-LightItalic,207,ฯ,False,False,True,False,False,True
Sarabun-LightItalic,209,ั,True,True,True,False,False,True
Sarabun-LightItalic,210,า,False,False,True,False,False,True
Sarabun-LightItalic,212,ิ,True,True,True,False,False,True
Sarabun-LightItalic,213,ี,True,True,True,False,False,True
Sarabun-LightItalic,214,ึ,True,True,True,False,False,True
Sarabun-LightItalic,215,ื,True,True,True,False,False,True
Sarabun-LightItalic,216,ุ,True,False,True,False,False,True
Sarabun-LightItalic,217,ู,True,False,True,False,False,True
Sarabun-LightItalic,224,เ,False,False,True,False,False,True
Sarabun-LightItalic,225,แ,False,False,True,False,False,True
Sarabun-LightItalic,226,โ,False,False,True,False,False,True
Sarabun-LightItalic,227,ใ,False,False,True,False,False,True
Sarabun-LightItalic,228,ไ,False,False,True,False,False,True
Sarabun-LightItalic,229,ๅ,False,False,True,False,False,True
Sarabun-LightItalic,230,ๆ,False,False,True,False,False,True
Sarabun-LightItalic,231,็,True,True,True,False,False,True
Sarabun-LightItalic,232,่,True,True,True,False,False,True
Sarabun-LightItalic,233,้,True,True,True,False,False,True
Sarabun-LightItalic,234,๊,True,True,True,False,False,True
Sarabun-LightItalic,236,์,True,True,True,False,False,True
Sarabun-LightItalic,240,๐,False,False,True,False,False,True
Sarabun-LightItalic,241,๑,False,False,True,False,False,True
Sarabun-LightItalic,242,๒,False,False,True,False,False,True
Sarabun-LightItalic,243,๓,False,False,True,False,False,True
Sarabun-LightItalic,244,๔,False,False,True,False,False,True
Sarabun-LightItalic,245,๕,False,False,True,False,False,True
Sarabun-LightItalic,246,๖,False,False,True,False,False,True
Sarabun-LightItalic,247,๗,False,False,True,False,False,True
Sarabun-LightItalic,248,๘,False,False,True,False,False,True
Sarabun-LightItalic,249,๙,False,False,True,False,False,True
Sarabun-Medium,161,ก,False,False,True,False,False,True
Sarabun-Medium,162,ข,False,False,True,False,False,True
Sarabun-Medium,163,ฃ,False,False,True,False,False,True
Sarabun-Medium,164,ค,False,False,True,False,False,True
Sarabun-Medium,167,ง,False,False,True,False,False,True
Sarabun-Medium,168,จ,False,False,True,False,False,True
Sarabun-Medium,169,ฉ,False,False,True,False,False,True
Sarabun-Medium,170,ช,False,False,True,False,False,True
Sarabun-Medium,171,ซ,False,False,True,False,False,True
Sarabun-Medium,173,ญ,False,False,True,False,False,True
Sarabun-Medium,175,ฏ,False,False,True,False,False,True
Sarabun-Medium,176,ฐ,False,False,True,False,False,True
Sarabun-Medium,177,ฑ,False,False,True,False,False,True
Sarabun-Medium,178,ฒ,False,False,True,False,False,True
Sarabun-Medium,179,ณ,False,False,True,False,False,True
Sarabun-Medium,180,ด,False,False,True,False,False,True
Sarabun-Medium,181,ต,False,False,True,False,False,True
Sarabun-Medium,182,ถ,False,False,True,False,False,True
Sarabun-Medium,183,ท,False,False,True,False,False,True
Sarabun-Medium,184,ธ,False,False,True,False,False,True
Sarabun-Medium,185,น,False,False,True,False,False,True
Sarabun-Medium,186,บ,False,False,True,False,False,True
Sarabun-Medium,187,ป,False,False,True,False,False,True
Sarabun-Medium,188,ผ,False,False,True,False,False,True
Sarabun-Medium,189,ฝ,False,False,True,False,False,True
Sarabun-Medium,190,พ,False,False,True,False,False,True
Sarabun-Medium,191,ฟ,False,False,True,False,False,True
Sarabun-Medium,192,ภ,False,False,True,False,False,True
Sarabun-Medium,193,ม,False,False,True,False,False,True
Sarabun-Medium,194,ย,False,False,True,False,False,True
Sarabun-Medium,195,ร,False,False,True,False,False,True
Sarabun-Medium,196,ฤ,False,False,True,False,False,True
Sarabun-Medium,197,ล,False,False,True,False,False,True
Sarabun-Medium,199,ว,False,False,True,False,False,True
Sarabun-Medium,200,ศ,False,False,True,False,False,True
Sarabun-Medium,201,ษ,False,False,True,False,False,True
Sarabun-Medium,202,ส,False,False,True,False,False,True
Sarabun-Medium,203,ห,False,False,True,False,False,True
Sarabun-Medium,204,ฬ,False,False,True,False,False,True
Sarabun-Medium,205,อ,False,False,True,False,False,True
Sarabun-Medium,206,ฮ,False,False,True,False,False,True
Sarabun-Medium,207,ฯ,False,False,True,False,False,True
Sarabun-Medium,209,ั,True,True,True,False,False,True
Sarabun-Medium,210,า,False,False,True,False,False,True
Sarabun-Medium,212,ิ,True,True,True,False,False,True
Sarabun-Medium,213,ี,True,True,True,False,False,True
Sarabun-Medium,214,ึ,True,True,True,False,False,True
Sarabun-Medium,215,ื,True,True,True,False,False,True
Sarabun-Medium,216,ุ,True,False,True,False,False,True
Sarabun-Medium,217,ู,True,False,True,False,False,True
Sarabun-Medium,224,เ,False,False,True,False,False,True
Sarabun-Medium,225,แ,False,False,True,False,False,True
Sarabun-Medium,226,โ,False,False,True,False,False,True
Sarabun-Medium,227,ใ,False,False,True,False,False,True
Sarabun-Medium,228,ไ,False,False,True,False,False,True
Sarabun-Medium,229,ๅ,False,False,True,False,False,True
Sarabun-Medium,230,ๆ,False,False,True,False,False,True
Sarabun-Medium,231,็,True,True,True,False,False,True
Sarabun-Medium,232,่,True,True,True,False,False,True
Sarabun-Medium,233,้,True,True,True,False,False,True
Sarabun-Medium,234,๊,True,True,True,False,False,True
Sarabun-Medium,236,์,True,True,True,False,False,True
Sarabun-Medium,240,๐,False,False,True,False,False,True
Sarabun-Medium,241,๑,False,False,True,False,False,True
Sarabun-Medium,242,๒,False,False,True,False,False,True
Sarabun-Medium,243,๓,False,False,True,False,False,True
Sarabun-Medium,244,๔,False,False,True,False,False,True
Sarabun-Medium,245,๕,False,False,True,False,False,True
Sarabun-Medium,246,๖,False,False,True,False,False,True
Sarabun-Medium,247,๗,False,False,True,False,False,True
Sarabun-Medium,248,๘,False,False,True,False,False,True
Sarabun-Medium,249,๙,False,False,True,False,False,True
Sarabun-MediumItalic,161,ก,False,False,True,False,False,True
Sarabun-MediumItalic,162,ข,False,False,True,False,False,True
Sarabun-MediumItalic,163,ฃ,False,False,True,False,False,True
Sarabun-MediumItalic,164,ค,False,False,True,False,False,True
Sarabun-MediumItalic,167,ง,False,False,True,False,False,True
Sarabun-MediumItalic,168,จ,False,False,True,False,False,True
Sarabun-MediumItalic,169,ฉ,False,False,True,False,False,True
Sarabun-MediumItalic,170,ช,False,False,True,False,False,True
Sarabun-MediumItalic,171,ซ,False,False,True,False,False,True
Sarabun-MediumItalic,173,ญ,False,False,True,False,False,True
Sarabun-MediumItalic,175,ฏ,False,False,True,False,False,True
Sarabun-MediumItalic,176,ฐ,False,False,True,False,False,True
Sarabun-MediumItalic,177,ฑ,False,False,True,False,False,True
Sarabun-MediumItalic,178,ฒ,False,False,True,False,False,True
Sarabun-MediumItalic,179,ณ,False,False,True,False,False,True
Sarabun-MediumItalic,180,ด,False,False,True,False,False,True
Sarabun-MediumItalic,181,ต,False,False,True,False,False,True
Sarabun-MediumItalic,182,ถ,False,False,True,False,False,True
Sarabun-MediumItalic,183,ท,False,False,True,False,False,True
Sarabun-MediumItalic,184,ธ,False,False,True,False,False,True
Sarabun-MediumItalic,185,น,False,False,True,False,False,True
Sarabun-MediumItalic,186,บ,False,False,True,False,False,True
Sarabun-MediumItalic,187,ป,False,False,True,False,False,True
Sarabun-MediumItalic,188,ผ,False,False,True,False,False,True
Sarabun-MediumItalic,189,ฝ,False,False,True,False,False,True
Sarabun-MediumItalic,190,พ,False,False,True,False,False,True
Sarabun-MediumItalic,191,ฟ,False,False,True,False,False,True
Sarabun-MediumItalic,192,ภ,False,False,True,False,False,True
Sarabun-MediumItalic,193,ม,False,False,True,False,False,True
Sarabun-MediumItalic,194,ย,False,False,True,False,False,True
Sarabun-MediumItalic,195,ร,False,False,True,False,False,True
Sarabun-MediumItalic,196,ฤ,False,False,True,False,False,True
Sarabun-MediumItalic,197,ล,False,False,True,False,False,True
Sarabun-MediumItalic,199,ว,False,False,True,False,False,True
Sarabun-MediumItalic,200,ศ,False,False,True,False,False,True
Sarabun-MediumItalic,201,ษ,False,False,True,False,False,True
Sarabun-MediumItalic,202,ส,False,False,True,False,False,True
Sarabun-MediumItalic,203,ห,False,False,True,False,False,True
Sarabun-MediumItalic,204,ฬ,False,False,True,False,False,True
Sarabun-MediumItalic,205,อ,False,False,True,False,False,True
Sarabun-MediumItalic,206,ฮ,False,False,True,False,False,True
Sarabun-MediumItalic,207,ฯ,False,False,True,False,False,True
Sarabun-MediumItalic,209,ั,True,True,True,False,False,True
Sarabun-MediumItalic,210,า,False,False,True,False,False,True
Sarabun-MediumItalic,212,ิ,True,True,True,False,False,True
Sarabun-MediumItalic,213,ี,True,True,True,False,False,True
Sarabun-MediumItalic,214,ึ,True,True,True,False,False,True
Sarabun-MediumItalic,215,ื,True,True,True,False,False,True
Sarabun-MediumItalic,216,ุ,True,False,True,False,False,True
Sarabun-MediumItalic,217,ู,True,False,True,False,False,True
Sarabun-MediumItalic,224,เ,False,False,True,False,False,True
Sarabun-MediumItalic,225,แ,False,False,True,False,False,True
Sarabun-MediumItalic,226,โ,False,False,True,False,False,True
Sarabun-MediumItalic,227,ใ,False,False,True,False,False,True
Sarabun-MediumItalic,228,ไ,False,False,True,False,False,True
Sarabun-MediumItalic,229,ๅ,False,False,True,False,False,True
Sarabun-MediumItalic,230,ๆ,False,False,True,False,False,True
Sarabun-MediumItalic,231,็,True,True,True,False,False,True
Sarabun-MediumItalic,232,่,True,True,True,False,False,True
Sarabun-MediumItalic,233,้,True,True,True,False,False,True
Sarabun-MediumItalic,234,๊,True,True,True,False,False,True
Sarabun-MediumItalic,236,์,True,True,True,False,False,True
Sarabun-MediumItalic,240,๐,False,False,True,False,False,True
Sarabun-MediumItalic,241,๑,False,False,True,False,False,True
Sarabun-MediumItalic,242,๒,False,False,True,False,False,True
Sarabun-MediumItalic,243,๓,False,False,True,False,False,True
Sarabun-MediumItalic,244,๔,False,False,True,False,False,True
Sarabun-MediumItalic,245,๕,False,False,True,False,False,True
Sarabun-MediumItalic,246,๖,False,False,True,False,False,True
Sarabun-MediumItalic,247,๗,False,False,True,False,False,True
Sarabun-MediumItalic,248,๘,False,False,True,False,False,True
Sarabun-MediumItalic,249,๙,False,False,True,False,False,True
Sarabun-Regular,161,ก,False,False,True,False,False,True
Sarabun-Regular,162,ข,False,False,True,False,False,True
Sarabun-Regular,163,ฃ,False,False,True,False,False,True
Sarabun-Regular,164,ค,False,False,True,False,False,True
Sarabun-Regular,167,ง,False,False,True,False,False,True
Sarabun-Regular,168,จ,False,False,True,False,False,True
Sarabun-Regular,169,ฉ,False,False,True,False,False,True
Sarabun-Regular,170,ช,False,False,True,False,False,True
Sarabun-Regular,171,ซ,False,False,True,False,False,True
Sarabun-Regular,173,ญ,False,False,True,False,False,True
Sarabun-Regular,175,ฏ,False,False,True,False,False,True
Sarabun-Regular,176,ฐ,False,False,True,False,False,True
Sarabun-Regular,177,ฑ,False,False,True,False,False,True
Sarabun-Regular,178,ฒ,False,False,True,False,False,True
Sarabun-Regular,179,ณ,False,False,True,False,False,True
Sarabun-Regular,180,ด,False,False,True,False,False,True
Sarabun-Regular,181,ต,False,False,True,False,False,True
Sarabun-Regular,182,ถ,False,False,True,False,False,True
Sarabun-Regular,183,ท,False,False,True,False,False,True
Sarabun-Regular,184,ธ,False,False,True,False,False,True
Sarabun-Regular,185,น,False,False,True,False,False,True
Sarabun-Regular,186,บ,False,False,True,False,False,True
Sarabun-Regular,187,ป,False,False,True,False,False,True
Sarabun-Regular,188,ผ,False,False,True,False,False,True
Sarabun-Regular,189,ฝ,False,False,True,False,False,True
Sarabun-Regular,190,พ,False,False,True,False,False,True
Sarabun-Regular,191,ฟ,False,False,True,False,False,True
Sarabun-Regular,192,ภ,False,False,True,False,False,True
Sarabun-Regular,193,ม,False,False,True,False,False,True
Sarabun-Regular,194,ย,False,False,True,False,False,True
Sarabun-Regular,195,ร,False,False,True,False,False,True
Sarabun-Regular,196,ฤ,False,False,True,False,False,True
Sarabun-Regular,197,ล,False,False,True,False,False,True
Sarabun-Regular,199,ว,False,False,True,False,False,True
Sarabun-Regular,200,ศ,False,False,True,False,False,True
Sarabun-Regular,201,ษ,False,False,True,False,False,True
Sarabun-Regular,202,ส,False,False,True,False,False,True
Sarabun-Regular,203,ห,False,False,True,False,False,True
Sarabun-Regular,204,ฬ,False,False,True,False,False,True
Sarabun-Regular,205,อ,False,False,True,False,False,True
Sarabun-Regular,206,ฮ,False,False,True,False,False,True
Sarabun-Regular,207,ฯ,False,False,True,False,False,True
Sarabun-Regular,209,ั,True,True,True,False,False,True
Sarabun-Regular,210,า,False,False,True,False,False,True
Sarabun-Regular,212,ิ,True,True,True,False,False,True
Sarabun-Regular,213,ี,True,True,True,False,False,True
Sarabun-Regular,214,ึ,True,True,True,False,False,True
Sarabun-Regular,215,ื,True,True,True,False,False,True
Sarabun-Regular,216,ุ,True,False,True,False,False,True
Sarabun-Regular,217,ู,True,False,True,False,False,True
Sarabun-Regular,224,เ,False,False,True,False,False,True
Sarabun-Regular,225,แ,False,False,True,False,False,True
Sarabun-Regular,226,โ,False,False,True,False,False,True
Sarabun-Regular,227,ใ,False,False,True,False,False,True
Sarabun-Regular,228,ไ,False,False,True,False,False,True
Sarabun-Regular,229,ๅ,False,False,True,False,False,True
Sarabun-Regular,230,ๆ,False,False,True,False,False,True
Sarabun-Regular,231,็,True,True,True,False,False,True
Sarabun-Regular,232,่,True,True,True,False,False,True
Sarabun-Regular,233,้,True,True,True,False,False,True
Sarabun-Regular,234,๊,True,True,True,False,False,True
Sarabun-Regular,236,์,True,True,True,False,False,True
Sarabun-Regular,240,๐,False,False,True,False,False,True
Sarabun-Regular,241,๑,False,False,True,False,False,True
Sarabun-Regular,242,๒,False,False,True,False,False,True
Sarabun-Regular,243,๓,False,False,True,False,False,True
Sarabun-Regular,244,๔,False,False,True,False,False,True
Sarabun-Regular,245,๕,False,False,True,False,False,True
Sarabun-Regular,246,๖,False,False,True,False,False,True
Sarabun-Regular,247,๗,False,False,True,False,False,True
Sarabun-Regular,248,๘,False,False,True,False,False,True
Sarabun-Regular,249,๙,False,False,True,False,False,True
Sarabun-SemiBold,161,ก,False,False,True,False,False,True
Sarabun-SemiBold,162,ข,False,False,True,False,False,True
Sarabun-SemiBold,163,ฃ,False,False,True,False,False,True
Sarabun-SemiBold,164,ค,False,False,True,False,False,True
Sarabun-SemiBold,167,ง,False,False,True,False,False,True
Sarabun-SemiBold,168,จ,False,False,True,False,False,True
Sarabun-SemiBold,169,ฉ,False,False,True,False,False,True
Sarabun-SemiBold,170,ช,False,False,True,False,False,True
Sarabun-SemiBold,171,ซ,False,False,True,False,False,True
Sarabun-SemiBold,173,ญ,False,False,True,False,False,True
Sarabun-SemiBold,175,ฏ,False,False,True,False,False,True
Sarabun-SemiBold,176,ฐ,False,False,True,False,False,True
Sarabun-SemiBold,177,ฑ,False,False,True,False,False,True
Sarabun-SemiBold,178,ฒ,False,False,True,False,False,True
Sarabun-SemiBold,179,ณ,False,False,True,False,False,True
Sarabun-SemiBold,180,ด,False,False,True,False,False,True
Sarabun-SemiBold,181,ต,False,False,True,False,False,True
Sarabun-SemiBold,182,ถ,False,False,True,False,False,True
Sarabun-SemiBold,183,ท,False,False,True,False,False,True
Sarabun-SemiBold,184,ธ,False,False,True,False,False,True
Sarabun-SemiBold,185,น,False,False,True,False,False,True
Sarabun-SemiBold,186,บ,False,False,True,False,False,True
Sarabun-SemiBold,187,ป,False,False,True,False,False,True
Sarabun-SemiBold,188,ผ,False,False,True,False,False,True
Sarabun-SemiBold,189,ฝ,False,False,True,False,False,True
Sarabun-SemiBold,190,พ,False,False,True,False,False,True
Sarabun-SemiBold,191,ฟ,False,False,True,False,False,True
Sarabun-SemiBold,192,ภ,False,False,True,False,False,True
Sarabun-SemiBold,193,ม,False,False,True,False,False,True
Sarabun-SemiBold,194,ย,False,False,True,False,False,True
Sarabun-SemiBold,195,ร,False,False,True,False,False,True
Sarabun-SemiBold,196,ฤ,False,False,True,False,False,True
Sarabun-SemiBold,197,ล,False,False,True,False,False,True
Sarabun-SemiBold,199,ว,False,False,True,False,False,True
Sarabun-SemiBold,200,ศ,False,False,True,False,False,True
Sarabun-SemiBold,201,ษ,False,False,True,False,False,True
Sarabun-SemiBold,202,ส,False,False,True,False,False,True
Sarabun-SemiBold,203,ห,False,False,True,False,False,True
Sarabun-SemiBold,204,ฬ,False,False,True,False,False,True
Sarabun-SemiBold,205,อ,False,False,True,False,False,True
Sarabun-SemiBold,206,ฮ,False,False,True,False,False,True
Sarabun-SemiBold,207,ฯ,False,False,True,False,False,True
Sarabun-SemiBold,209,ั,True,True,True,False,False,True
Sarabun-SemiBold,210,า,False,False,True,False,False,True
Sarabun-SemiBold,212,ิ,True,True,True,False,False,True
Sarabun-SemiBold,213,ี,True,True,True,False,False,True
Sarabun-SemiBold,214,ึ,True,True,True,False,False,True
Sarabun-SemiBold,215,ื,True,True,True,False,False,True
Sarabun-SemiBold,216,ุ,True,False,True,False,False,True
Sarabun-SemiBold,217,ู,True,False,True,False,False,True
Sarabun-SemiBold,224,เ,False,False,True,False,False,True
Sarabun-SemiBold,225,แ,False,False,True,False,False,True
Sarabun-SemiBold,226,โ,False,False,True,False,False,True
Sarabun-SemiBold,227,ใ,False,False,True,False,False,True
Sarabun-SemiBold,228,ไ,False,False,True,False,False,True
Sarabun-SemiBold,229,ๅ,False,False,True,False,False,True
Sarabun-SemiBold,230,ๆ,False,False,True,False,False,True
Sarabun-SemiBold,231,็,True,True,True,False,False,True
Sarabun-SemiBold,232,่,True,True,True,False,False,True
Sarabun-SemiBold,233,้,True,True,True,False,False,True
Sarabun-SemiBold,234,๊,True,True,True,False,False,True
Sarabun-SemiBold,236,์,True,True,True,False,False,True
Sarabun-SemiBold,240,๐,False,False,True,False,False,True
Sarabun-SemiBold,241,๑,False,False,True,False,False,True
Sarabun-SemiBold,242,๒,False,False,True,False,False,True
Sarabun-SemiBold,243,๓,False,False,True,False,False,True
Sarabun-SemiBold,244,๔,False,False,True,False,False,True
Sarabun-SemiBold,245,๕,False,False,True,False,False,True
Sarabun-SemiBold,246,๖,False,False,True,False,False,True
Sarabun-SemiBold,247,๗,False,False,True,False,False,True
Sarabun-SemiBold,248,๘,False,False,True,False,False,True
Sarabun-SemiBold,249,๙,False,False,True,False,False,True
Sarabun-SemiBoldItalic,161,ก,False,False,True,False,False,True
Sarabun-SemiBoldItalic,162,ข,False,False,True,False,False,True
Sarabun-SemiBoldItalic,163,ฃ,False,False,True,False,False,True
Sarabun-SemiBoldItalic,164,ค,False,False,True,False,False,True
Sarabun-SemiBoldItalic,167,ง,False,False,True,False,False,True
Sarabun-SemiBoldItalic,168,จ,False,False,True,False,False,True
Sarabun-SemiBoldItalic,169,ฉ,False,False,True,False,False,True
Sarabun-SemiBoldItalic,170,ช,False,False,True,False,False,True
Sarabun-SemiBoldItalic,171,ซ,False,False,True,False,False,True
Sarabun-SemiBoldItalic,173,ญ,False,False,True,False,False,True
Sarabun-SemiBoldItalic,175,ฏ,False,False,True,False,False,True
Sarabun-SemiBoldItalic,176,ฐ,False,False,True,False,False,True
Sarabun-SemiBoldItalic,177,ฑ,False,False,True,False,False,True
Sarabun-SemiBoldItalic,178,ฒ,False,False,True,False,False,True
Sarabun-SemiBoldItalic,179,ณ,False,False,True,False,False,True
Sarabun-SemiBoldItalic,180,ด,False,False,True,False,False,True
Sarabun-SemiBoldItalic,181,ต,False,False,True,False,False,True
Sarabun-SemiBoldItalic,182,ถ,False,False,True,False,False,True
Sarabun-SemiBoldItalic,183,ท,False,False,True,False,False,True
Sarabun-SemiBoldItalic,184,ธ,False,False,True,False,False,True
Sarabun-SemiBoldItalic,185,น,False,False,True,False,False,True
Sarabun-SemiBoldItalic,186,บ,False,False,True,False,False,True
Sarabun-SemiBoldItalic,187,ป,False,False,True,False,False,True
Sarabun-SemiBoldItalic,188,ผ,False,False,True,False,False,True
Sarabun-SemiBoldItalic,189,ฝ,False,False,True,False,False,True
Sarabun-SemiBoldItalic,190,พ,False,False,True,False,False,True
Sarabun-SemiBoldItalic,191,ฟ,False,False,True,False,False,True
Sarabun-SemiBoldItalic,192,ภ,False,False,True,False,False,True
Sarabun-SemiBoldItalic,193,ม,False,False,True,False,False,True
Sarabun-SemiBoldItalic,194,ย,False,False,True,False,False,True
Sarabun-SemiBoldItalic,195,ร,False,False,True,False,False,True
Sarabun-SemiBoldItalic,196,ฤ,False,False,True,False,False,True
Sarabun-SemiBoldItalic,197,ล,False,False,True,False,False,True
Sarabun-SemiBoldItalic,199,ว,False,False,True,False,False,True
Sarabun-SemiBoldItalic,200,ศ,False,False,True,False,False,True
Sarabun-SemiBoldItalic,201,ษ,False,False,True,False,False,True
Sarabun-SemiBoldItalic,202,ส,False,False,True,False,False,True
Sarabun-SemiBoldItalic,203,ห,False,False,True,False,False,True
Sarabun-SemiBoldItalic,204,ฬ,False,False,True,False,False,True
Sarabun-SemiBoldItalic,205,อ,False,False,True,False,False,True
Sarabun-SemiBoldItalic,206,ฮ,False,False,True,False,False,True
Sarabun-SemiBoldItalic,207,ฯ,False,False,True,False,False,True
Sarabun-SemiBoldItalic,209,ั,True,True,True,False,False,True
Sarabun-SemiBoldItalic,210,า,False,False,True,False,False,True
Sarabun-SemiBoldItalic,212,ิ,True,True,True,False,False,True
Sarabun-SemiBoldItalic,213,ี,True,True,True,False,False,True
Sarabun-SemiBoldItalic,214,ึ,True,True,True,False,False,True
Sarabun-SemiBoldItalic,215,ื,True,True,True,False,False,True
Sarabun-SemiBoldItalic,216,ุ,True,False,True,False,False,True
Sarabun-SemiBoldItalic,217,ู,True,False,True,False,False,True
Sarabun-SemiBoldItalic,224,เ,False,False,True,False,False,True
Sarabun-SemiBoldItalic,225,แ,False,False,True,False,False,True
Sarabun-SemiBoldItalic,226,โ,False,False,True,False,False,True
Sarabun-SemiBoldItalic,227,ใ,False,False,True,False,False,True
Sarabun-SemiBoldItalic,228,ไ,False,False,True,False,False,True
Sarabun-SemiBoldItalic,229,ๅ,False,False,True,False,False,True
Sarabun-SemiBoldItalic,230,ๆ,False,False,True,False,False,True
Sarabun-SemiBoldItalic,231,็,True,True,True,False,False,True
Sarabun-SemiBoldItalic,232,่,True,True,True,False,False,True
Sarabun-SemiBoldItalic,233,้,True,True,True,False,False,True
Sarabun-SemiBoldItalic,234,๊,True,True,True,False,False,True
Sarabun-SemiBoldItalic,236,์,True,True,True,False,False,True
Sarabun-SemiBoldItalic,240,๐,False,False,True,False,False,True
Sarabun-SemiBoldItalic,241,๑,False,False,True,False,False,True
Sarabun-SemiBoldItalic,242,๒,False,False,True,False,False,True
Sarabun-SemiBoldItalic,243,๓,False,False,True,False,False,True
Sarabun-SemiBoldItalic,244,๔,False,False,True,False,False,True
Sarabun-SemiBoldItalic,245,๕,False,False,True,False,False,True
Sarabun-SemiBoldItalic,246,๖,False,False,True,False,False,True
Sarabun-SemiBoldItalic,247,๗,False,False,True,False,False,True
Sarabun-SemiBoldItalic,248,๘,False,False,True,False,False,True
Sarabun-SemiBoldItalic,249,๙,False,False,True,False,False,True
Sarabun-Thin,161,ก,False,False,True,False,False,True
Sarabun-Thin,162,ข,False,False,True,False,False,True
Sarabun-Thin,163,ฃ,False,False,True,False,False,True
Sarabun-Thin,164,ค,False,False,True,False,False,True
Sarabun-Thin,167,ง,False,False,True,False,False,True
Sarabun-Thin,168,จ,False,False,True,False,False,True
Sarabun-Thin,169,ฉ,False,False,True,False,False,True
Sarabun-Thin,170,ช,False,False,True,False,False,True
Sarabun-Thin,171,ซ,False,False,True,False,False,True
Sarabun-Thin,173,ญ,False,False,True,False,False,True
Sarabun-Thin,175,ฏ,False,False,True,False,False,True
Sarabun-Thin,176,ฐ,False,False,True,False,False,True
Sarabun-Thin,177,ฑ,False,False,True,False,False,True
Sarabun-Thin,178,ฒ,False,False,True,False,False,True
Sarabun-Thin,179,ณ,False,False,True,False,False,True
Sarabun-Thin,180,ด,False,False,True,False,False,True
Sarabun-Thin,181,ต,False,False,True,False,False,True
Sarabun-Thin,182,ถ,False,False,True,False,False,True
Sarabun-Thin,183,ท,False,False,True,False,False,True
Sarabun-Thin,184,ธ,False,False,True,False,False,True
Sarabun-Thin,185,น,False,False,True,False,False,True
Sarabun-Thin,186,บ,False,False,True,False,False,True
Sarabun-Thin,187,ป,False,False,True,False,False,True
Sarabun-Thin,188,ผ,False,False,True,False,False,True
Sarabun-Thin,189,ฝ,False,False,True,False,False,True
Sarabun-Thin,190,พ,False,False,True,False,False,True
Sarabun-Thin,191,ฟ,False,False,True,False,False,True
Sarabun-Thin,192,ภ,False,False,True,False,False,True
Sarabun-Thin,193,ม,False,False,True,False,False,True
Sarabun-Thin,194,ย,False,False,True,False,False,True
Sarabun-Thin,195,ร,False,False,True,False,False,True
Sarabun-Thin,196,ฤ,False,False,True,False,False,True
Sarabun-Thin,197,ล,False,False,True,False,False,True
Sarabun-Thin,199,ว,False,False,True,False,False,True
Sarabun-Thin,200,ศ,False,False,True,False,False,True
Sarabun-Thin,201,ษ,False,False,True,False,False,True
Sarabun-Thin,202,ส,False,False,True,False,False,True
Sarabun-Thin,203,ห,False,False,True,False,False,True
Sarabun-Thin,204,ฬ,False,False,True,False,False,True
Sarabun-Thin,205,อ,False,False,True,False,False,True
Sarabun-Thin,206,ฮ,False,False,True,False,False,True
Sarabun-Thin,207,ฯ,False,False,True,False,False,True
Sarabun-Thin,209,ั,True,True,True,False,False,True
Sarabun-Thin,210,า,False,False,True,False,False,True
Sarabun-Thin,212,ิ,True,True,True,False,False,True
Sarabun-Thin,213,ี,True,True,True,False,False,True
Sarabun-Thin,214,ึ,True,True,True,False,False,True
Sarabun-Thin,215,ื,True,True,True,False,False,True
Sarabun-Thin,216,ุ,True,False,True,False,False,True
Sarabun-Thin,217,ู,True,False,True,False,False,True
Sarabun-Thin,224,เ,False,False,True,False,False,True
Sarabun-Thin,225,แ,False,False,True,False,False,True
Sarabun-Thin,226,โ,False,False,True,False,False,True
Sarabun-Thin,227,ใ,False,False,True,False,False,True
Sarabun-Thin,228,ไ,False,False,True,False,False,True
Sarabun-Thin,229,ๅ,False,False,True,False,False,True
Sarabun-Thin,230,ๆ,False,False,True,False,False,True
Sarabun-Thin,231,็,True,True,True,False,False,True
Sarabun-Thin,232,่,True,True,True,False,False,True
Sarabun-Thin,233,้,True,True,True,False,False,True
Sarabun-Thin,234,๊,True,True,True,False,False,True
Sarabun-Thin,236,์,True,True,True,False,False,True
Sarabun-Thin,240,๐,False,False,True,False,False,True
Sarabun-Thin,241,๑,False,False,True,False,False,True
Sarabun-Thin,242,๒,False,False,True,False,False,True
Sarabun-Thin,243,๓,False,False,True,False,False,True
Sarabun-Thin,244,๔,False,False,True,False,False,True
Sarabun-Thin,245,๕,False,False,True,False,False,True
Sarabun-Thin,246,๖,False,False,True,False,False,True
Sarabun-Thin,247,๗,False,False,True,False,False,True
Sarabun-Thin,248,๘,False,False,True,False,False,True
Sarabun-Thin,249,๙,False,False,True,False,False,True
Sarabun-ThinItalic,161,ก,False,False,True,False,False,True
Sarabun-ThinItalic,162,ข,False,False,True,False,False,True
Sarabun-ThinItalic,163,ฃ,False,False,True,False,False,True
Sarabun-ThinItalic,164,ค,False,False,True,False,False,True
Sarabun-ThinItalic,167,ง,False,False,True,False,False,True
Sarabun-ThinItalic,168,จ,False,False,True,False,False,True
Sarabun-ThinItalic,169,ฉ,False,False,True,False,False,True
Sarabun-ThinItalic,170,ช,False,False,True,False,False,True
Sarabun-ThinItalic,171,ซ,False,False,True,False,False,True
Sarabun-ThinItalic,173,ญ,False,False,True,False,False,True
Sarabun-ThinItalic,175,ฏ,False,False,True,False,False,True
Sarabun-ThinItalic,176,ฐ,False,False,True,False,False,True
Sarabun-ThinItalic,177,ฑ,False,False,True,False,False,True
Sarabun-ThinItalic,178,ฒ,False,False,True,False,False,True
Sarabun-ThinItalic,179,ณ,False,False,True,False,False,True
Sarabun-ThinItalic,180,ด,False,False,True,False,False,True
Sarabun-ThinItalic,181,ต,False,False,True,False,False,True
Sarabun-ThinItalic,182,ถ,False,False,True,False,False,True
Sarabun-ThinItalic,183,ท,False,False,True,False,False,True
Sarabun-ThinItalic,184,ธ,False,False,True,False,False,True
Sarabun-ThinItalic,185,น,False,False,True,False,False,True
Sarabun-ThinItalic,186,บ,False,False,True,False,False,True
Sarabun-ThinItalic,187,ป,False,False,True,False,False,True
Sarabun-ThinItalic,188,ผ,False,False,True,False,False,True
Sarabun-ThinItalic,189,ฝ,False,False,True,False,False,True
Sarabun-ThinItalic,190,พ,False,False,True,False,False,True
Sarabun-ThinItalic,191,ฟ,False,False,True,False,False,True
Sarabun-ThinItalic,192,ภ,False,False,True,False,False,True
Sarabun-ThinItalic,193,ม,False,False,True,False,False,True
Sarabun-ThinItalic,194,ย,False,False,True,False,False,True
Sarabun-ThinItalic,195,ร,False,False,True,False,False,True
Sarabun-ThinItalic,196,ฤ,False,False,True,False,False,True
Sarabun-ThinItalic,197,ล,False,False,True,False,False,True
Sarabun-ThinItalic,199,ว,False,False,True,False,False,True
Sarabun-ThinItalic,200,ศ,False,False,True,False,False,True
Sarabun-ThinItalic,201,ษ,False,False,True,False,False,True
Sarabun-ThinItalic,202,ส,False,False,True,False,False,True
Sarabun-ThinItalic,203,ห,False,False,True,False,False,True
Sarabun-ThinItalic,204,ฬ,False,False,True,False,False,True
Sarabun-ThinItalic,205,อ,False,False,True,False,False,True
Sarabun-ThinItalic,206,ฮ,False,False,True,False,False,True
Sarabun-ThinItalic,207,ฯ,False,False,True,False,False,True
Sarabun-ThinItalic,209,ั,True,True,True,False,False,True
Sarabun-ThinItalic,210,า,False,False,True,False,False,True
Sarabun-ThinItalic,212,ิ,True,True,True,False,False,True
Sarabun-ThinItalic,213,ี,True,True,True,False,False,True
Sarabun-ThinItalic,214,ึ,True,True,True,False,False,True
Sarabun-ThinItalic,215,ื,True,True,True,False,False,True
Sarabun-ThinItalic,216,ุ,True,False,True,False,False,True
Sarabun-ThinItalic,217,ู,True,False,True,False,False,True
Sarabun-ThinItalic,224,เ,False,False,True,False,False,True
Sarabun-ThinItalic,225,แ,False,False,True,False,False,True
Sarabun-ThinItalic,226,โ,False,False,True,False,False,True
Sarabun-ThinItalic,227,ใ,False,False,True,False,False,True
Sarabun-ThinItalic,228,ไ,False,False,True,False,False,True
Sarabun-ThinItalic,229,ๅ,False,False,True,False,False,True
Sarabun-ThinItalic,230,ๆ,False,False,True,False,False,True
Sarabun-ThinItalic,231,็,True,True,True,False,False,True
Sarabun-ThinItalic,232,่,True,True,True,False,False,True
Sarabun-ThinItalic,233,้,True,True,True,False,False,True
Sarabun-ThinItalic,234,๊,True,True,True,False,False,True
Sarabun-ThinItalic,236,์,True,True,True,False,False,True
Sarabun-ThinItalic,240,๐,False,False,True,False,False,True
Sarabun-ThinItalic,241,๑,False,False,True,False,False,True
Sarabun-ThinItalic,242,๒,False,False,True,False,False,True
Sarabun-ThinItalic,243,๓,False,False,True,False,False,True
Sarabun-ThinItalic,244,๔,False,False,True,False,False,True
Sarabun-ThinItalic,245,๕,False,False,True,False,False,True
Sarabun-ThinItalic,246,๖,False,False,True,False,False,True
Sarabun-ThinItalic,247,๗,False,False,True,False,False,True
Sarabun-ThinItalic,248,๘,False,False,True,False,False,True
Sarabun-ThinItalic,249,๙,False,False,True,False,False,True
Sriracha-Regular,161,ก,False,False,True,False,False,True
Sriracha-Regular,162,ข,False,False,True,False,False,True
Sriracha-Regular,163,ฃ,False,False,True,False,False,True
Sriracha-Regular,164,ค,False,False,True,False,False,True
Sriracha-Regular,167,ง,False,False,True,False,False,True
Sriracha-Regular,168,จ,False,False,True,False,False,True
Sriracha-Regular,169,ฉ,False,False,True,False,False,True
Sriracha-Regular,170,ช,False,False,True,False,False,True
Sriracha-Regular,171,ซ,False,False,True,False,False,True
Sriracha-Regular,173,ญ,False,False,True,False,False,True
Sriracha-Regular,175,ฏ,False,False,True,False,False,True
Sriracha-Regular,176,ฐ,False,False,True,False,False,True
Sriracha-Regular,177,ฑ,False,False,True,False,False,True
Sriracha-Regular,178,ฒ,False,False,True,False,False,True
Sriracha-Regular,179,ณ,False,False,True,False,False,True
Sriracha-Regular,180,ด,False,False,True,False,False,True
Sriracha-Regular,181,ต,False,False,True,False,False,True
Sriracha-Regular,182,ถ,False,False,True,False,False,True
Sriracha-Regular,183,ท,False,False,True,False,False,True
Sriracha-Regular,184,ธ,False,False,True,False,False,True
Sriracha-Regular,185,น,False,False,True,False,False,True
Sriracha-Regular,186,บ,False,False,True,False,False,True
Sriracha-Regular,187,ป,False,False,True,False,False,True
Sriracha-Regular,188,ผ,False,False,True,False,False,True
Sriracha-Regular,189,ฝ,False,False,True,False,False,True
Sriracha-Regular,190,พ,False,False,True,False,False,True
Sriracha-Regular,191,ฟ,False,False,True,False,False,True
Sriracha-Regular,192,ภ,False,False,True,False,False,True
Sriracha-Regular,193,ม,False,False,True,False,False,True
Sriracha-Regular,194,ย,False,False,True,False,False,True
Sriracha-Regular,195,ร,False,False,True,False,False,True
Sriracha-Regular,196,ฤ,False,False,True,False,False,True
Sriracha-Regular,197,ล,False,False,True,False,False,True
Sriracha-Regular,199,ว,False,False,True,False,False,True
Sriracha-Regular,200,ศ,False,False,True,False,False,True
Sriracha-Regular,201,ษ,False,False,True,False,False,True
Sriracha-Regular,202,ส,False,False,True,False,False,True
Sriracha-Regular,203,ห,False,False,True,False,False,True
Sriracha-Regular,204,ฬ,False,False,True,False,False,True
Sriracha-Regular,205,อ,False,False,True,False,False,True
Sriracha-Regular,206,ฮ,False,False,True,False,False,True
Sriracha-Regular,207,ฯ,False,False,True,False,False,True
Sriracha-Regular,209,ั,True,True,True,False,False,True
Sriracha-Regular,210,า,False,False,True,False,False,True
Sriracha-Regular,212,ิ,True,True,True,False,False,True
Sriracha-Regular,213,ี,True,True,True,False,False,True
Sriracha-Regular,214,ึ,True,True,True,False,False,True
Sriracha-Regular,215,ื,True,True,True,False,False,True
Sriracha-Regular,216,ุ,True,False,True,False,False,True
Sriracha-Regular,217,ู,True,False,True,False,False,True
Sriracha-Regular,224,เ,False,False,True,False,False,True
Sriracha-Regular,225,แ,False,False,True,False,False,True
Sriracha-Regular,226,โ,False,False,True,False,False,True
Sriracha-Regular,227,ใ,False,False,True,False,False,True
Sriracha-Regular,228,ไ,False,False,True,False,False,True
Sriracha-Regular,229,ๅ,False,False,True,False,False,True
Sriracha-Regular,230,ๆ,False,False,True,False,False,True
Sriracha-Regular,231,็,True,True,True,False,False,True
Sriracha-Regular,232,่,True,True,True,False,False,True
Sriracha-Regular,233,้,True,True,True,False,False,True
Sriracha-Regular,234,๊,True,True,True,False,False,True
Sriracha-Regular,236,์,True,True,True,False,False,True
Sriracha-Regular,240,๐,False,False,True,False,False,True
Sriracha-Regular,241,๑,False,False,True,False,False,True
Sriracha-Regular,242,๒,False,False,True,False,False,True
Sriracha-Regular,243,๓,False,False,True,False,False,True
Sriracha-Regular,244,๔,False,False,True,False,False,True
Sriracha-Regular,245,๕,False,False,True,False,False,True
Sriracha-Regular,246,๖,False,False,True,False,False,True
Sriracha-Regular,247,๗,False,False,True,False,False,True
Sriracha-Regular,248,๘,False,False,True,False,False,True
Sriracha-Regular,249,๙,False,False,True,False,False,True
Srisakdi-Bold,161,ก,False,False,True,False,False,True
Srisakdi-Bold,162,ข,False,False,True,False,False,True
Srisakdi-Bold,163,ฃ,False,False,True,False,False,True
Srisakdi-Bold,164,ค,False,False,True,False,False,True
Srisakdi-Bold,167,ง,False,False,True,False,False,True
Srisakdi-Bold,168,จ,False,False,True,False,False,True
Srisakdi-Bold,169,ฉ,False,False,True,False,False,True
Srisakdi-Bold,170,ช,False,False,True,False,False,True
Srisakdi-Bold,171,ซ,False,False,True,False,False,True
Srisakdi-Bold,173,ญ,False,False,True,False,False,True
Srisakdi-Bold,175,ฏ,False,False,True,False,False,True
Srisakdi-Bold,176,ฐ,False,False,True,False,False,True
Srisakdi-Bold,177,ฑ,False,False,True,False,False,True
Srisakdi-Bold,178,ฒ,False,False,True,False,False,True
Srisakdi-Bold,179,ณ,False,False,True,False,False,True
Srisakdi-Bold,180,ด,False,False,True,False,False,True
Srisakdi-Bold,181,ต,False,False,True,False,False,True
Srisakdi-Bold,182,ถ,False,False,True,False,False,True
Srisakdi-Bold,183,ท,False,False,True,False,False,True
Srisakdi-Bold,184,ธ,False,False,True,False,False,True
Srisakdi-Bold,185,น,False,False,True,False,False,True
Srisakdi-Bold,186,บ,False,False,True,False,False,True
Srisakdi-Bold,187,ป,False,False,True,False,False,True
Srisakdi-Bold,188,ผ,False,False,True,False,False,True
Srisakdi-Bold,189,ฝ,False,False,True,False,False,True
Srisakdi-Bold,190,พ,False,False,True,False,False,True
Srisakdi-Bold,191,ฟ,False,False,True,False,False,True
Srisakdi-Bold,192,ภ,False,False,True,False,False,True
Srisakdi-Bold,193,ม,False,False,True,False,False,True
Srisakdi-Bold,194,ย,False,False,True,False,False,True
Srisakdi-Bold,195,ร,False,False,True,False,False,True
Srisakdi-Bold,196,ฤ,False,False,True,False,False,True
Srisakdi-Bold,197,ล,False,False,True,False,False,True
Srisakdi-Bold,199,ว,False,False,True,False,False,True
Srisakdi-Bold,200,ศ,False,False,True,False,False,True
Srisakdi-Bold,201,ษ,False,False,True,False,False,True
Srisakdi-Bold,202,ส,False,False,True,False,False,True
Srisakdi-Bold,203,ห,False,False,True,False,False,True
Srisakdi-Bold,204,ฬ,False,False,True,False,False,True
Srisakdi-Bold,205,อ,False,False,True,False,False,True
Srisakdi-Bold,206,ฮ,False,False,True,False,False,True
Srisakdi-Bold,207,ฯ,False,False,True,False,False,True
Srisakdi-Bold,209,ั,True,True,True,False,False,True
Srisakdi-Bold,210,า,False,False,True,False,False,True
Srisakdi-Bold,212,ิ,True,True,True,False,False,True
Srisakdi-Bold,213,ี,True,True,True,False,False,True
Srisakdi-Bold,214,ึ,True,True,True,False,False,True
Srisakdi-Bold,215,ื,True,True,True,False,False,True
Srisakdi-Bold,216,ุ,True,False,True,False,False,True
Srisakdi-Bold,217,ู,True,False,True,False,False,True
Srisakdi-Bold,224,เ,False,False,True,False,False,True
Srisakdi-Bold,225,แ,False,False,True,False,False,True
Srisakdi-Bold,226,โ,False,False,True,False,False,True
Srisakdi-Bold,227,ใ,False,False,True,False,False,True
Srisakdi-Bold,228,ไ,False,False,True,False,False,True
Srisakdi-Bold,229,ๅ,False,False,True,False,False,True
Srisakdi-Bold,230,ๆ,False,False,True,False,False,True
Srisakdi-Bold,231,็,True,True,True,False,False,True
Srisakdi-Bold,232,่,True,True,True,False,False,True
Srisakdi-Bold,233,้,True,True,True,False,False,True
Srisakdi-Bold,234,๊,True,True,True,False,False,True
Srisakdi-Bold,236,์,True,True,True,False,False,True
Srisakdi-Bold,240,๐,False,False,True,False,False,True
Srisakdi-Bold,241,๑,False,False,True,False,False,True
Srisakdi-Bold,242,๒,False,False,True,False,False,True
Srisakdi-Bold,243,๓,False,False,True,False,False,True
Srisakdi-Bold,244,๔,False,False,True,False,False,True
Srisakdi-Bold,245,๕,False,False,True,False,False,True
Srisakdi-Bold,246,๖,False,False,True,False,False,True
Srisakdi-Bold,247,๗,False,False,True,False,False,True
Srisakdi-Bold,248,๘,False,False,True,False,False,True
Srisakdi-Bold,249,๙,False,False,True,False,False,True
Srisakdi-Regular,161,ก,False,False,True,False,False,True
Srisakdi-Regular,162,ข,False,False,True,False,False,True
Srisakdi-Regular,163,ฃ,False,False,True,False,False,True
Srisakdi-Regular,164,ค,False,False,True,False,False,True
Srisakdi-Regular,167,ง,False,False,True,False,False,True
Srisakdi-Regular,168,จ,False,False,True,False,False,True
Srisakdi-Regular,169,ฉ,False,False,True,False,False,True
Srisakdi-Regular,170,ช,False,False,True,False,False,True
Srisakdi-Regular,171,ซ,False,False,True,False,False,True
Srisakdi-Regular,173,ญ,False,False,True,False,False,True
Srisakdi-Regular,175,ฏ,False,False,True,False,False,True
Srisakdi-Regular,176,ฐ,False,False,True,False,False,True
Srisakdi-Regular,177,ฑ,False,False,True,False,False,True
Srisakdi-Regular,178,ฒ,False,False,True,False,False,True
Srisakdi-Regular,179,ณ,False,False,True,False,False,True
Srisakdi-Regular,180,ด,False,False,True,False,False,True
Srisakdi-Regular,181,ต,False,False,True,False,False,True
Srisakdi-Regular,182,ถ,False,False,True,False,False,True
Srisakdi-Regular,183,ท,False,False,True,False,False,True
Srisakdi-Regular,184,ธ,False,False,True,False,False,True
Srisakdi-Regular,185,น,False,False,True,False,False,True
Srisakdi-Regular,186,บ,False,False,True,False,False,True
Srisakdi-Regular,187,ป,False,False,True,False,False,True
Srisakdi-Regular,188,ผ,False,False,True,False,False,True
Srisakdi-Regular,189,ฝ,False,False,True,False,False,True
Srisakdi-Regular,190,พ,False,False,True,False,False,True
Srisakdi-Regular,191,ฟ,False,False,True,False,False,True
Srisakdi-Regular,192,ภ,False,False,True,False,False,True
Srisakdi-Regular,193,ม,False,False,True,False,False,True
Srisakdi-Regular,194,ย,False,False,True,False,False,True
Srisakdi-Regular,195,ร,False,False,True,False,False,True
Srisakdi-Regular,196,ฤ,False,False,True,False,False,True
Srisakdi-Regular,197,ล,False,False,True,False,False,True
Srisakdi-Regular,199,ว,False,False,True,False,False,True
Srisakdi-Regular,200,ศ,False,False,True,False,False,True
Srisakdi-Regular,201,ษ,False,False,True,False,False,True
Srisakdi-Regular,202,ส,False,False,True,False,False,True
Srisakdi-Regular,203,ห,False,False,True,False,False,True
Srisakdi-Regular,204,ฬ,False,False,True,False,False,True
Srisakdi-Regular,205,อ,False,False,True,False,False,True
Srisakdi-Regular,206,ฮ,False,False,True,False,False,True
Srisakdi-Regular,207,ฯ,False,False,True,False,False,True
Srisakdi-Regular,209,ั,True,True,True,False,False,True
Srisakdi-Regular,210,า,False,False,True,False,False,True
Srisakdi-Regular,212,ิ,True,True,True,False,False,True
Srisakdi-Regular,213,ี,True,True,True,False,False,True
Srisakdi-Regular,214,ึ,True,True,True,False,False,True
Srisakdi-Regular,215,ื,True,True,True,False,False,True
Srisakdi-Regular,216,ุ,True,False,True,False,False,True
Srisakdi-Regular,217,ู,True,False,True,False,False,True
Srisakdi-Regular,224,เ,False,False,True,False,False,True
Srisakdi-Regular,225,แ,False,False,True,False,False,True
Srisakdi-Regular,226,โ,False,False,True,False,False,True
Srisakdi-Regular,227,ใ,False,False,True,False,False,True
Srisakdi-Regular,228,ไ,False,False,True,False,False,True
Srisakdi-Regular,229,ๅ,False,False,True,False,False,True
Srisakdi-Regular,230,ๆ,False,False,True,False,False,True
Srisakdi-Regular,231,็,True,True,True,False,False,True
Srisakdi-Regular,232,่,True,True,True,False,False,True
Srisakdi-Regular,233,้,True,True,True,False,False,True
Srisakdi-Regular,234,๊,True,True,True,False,False,True
Srisakdi-Regular,236,์,True,True,True,False,False,True
Srisakdi-Regular,240,๐,False,False,True,False,False,True
Srisakdi-Regular,241,๑,False,False,True,False,False,True
Srisakdi-Regular,242,๒,False,False,True,False,False,True
Srisakdi-Regular,243,๓,False,False,True,False,False,True
Srisakdi-Regular,244,๔,False,False,True,False,False,True
Srisakdi-Regular,245,๕,False,False,True,False,False,True
Srisakdi-Regular,246,๖,False,False,True,False,False,True
Srisakdi-Regular,247,๗,False,False,True,False,False,True
Srisakdi-Regular,248,๘,False,False,True,False,False,True
Srisakdi-Regular,249,๙,False,False,True,False,False,True
THSarabun,161,ก,False,False,True,False,False,True
THSarabun,162,ข,False,False,True,False,False,True
THSarabun,163,ฃ,False,False,True,False,False,True
THSarabun,164,ค,False,False,True,False,False,True
THSarabun,167,ง,False,False,True,False,False,True
THSarabun,168,จ,False,False,True,False,False,True
THSarabun,169,ฉ,False,False,True,False,False,True
THSarabun,170,ช,False,False,True,False,False,True
THSarabun,171,ซ,False,False,True,False,False,True
THSarabun,173,ญ,False,False,True,False,False,True
THSarabun,175,ฏ,False,False,True,False,False,True
THSarabun,176,ฐ,False,False,True,False,False,True
THSarabun,177,ฑ,False,False,True,False,False,True
THSarabun,178,ฒ,False,False,True,False,False,True
THSarabun,179,ณ,False,False,True,False,False,True
THSarabun,180,ด,False,False,True,False,False,True
THSarabun,181,ต,False,False,True,False,False,True
THSarabun,182,ถ,False,False,True,False,False,True
THSarabun,183,ท,False,False,True,False,False,True
THSarabun,184,ธ,False,False,True,False,False,True
THSarabun,185,น,False,False,True,False,False,True
THSarabun,186,บ,False,False,True,False,False,True
THSarabun,187,ป,False,False,True,False,False,True
THSarabun,188,ผ,False,False,True,False,False,True
THSarabun,189,ฝ,False,False,True,False,False,True
THSarabun,190,พ,False,False,True,False,False,True
THSarabun,191,ฟ,False,False,True,False,False,True
THSarabun,192,ภ,False,False,True,False,False,True
THSarabun,193,ม,False,False,True,False,False,True
THSarabun,194,ย,False,False,True,False,False,True
THSarabun,195,ร,False,False,True,False,False,True
THSarabun,196,ฤ,False,False,True,False,False,True
THSarabun,197,ล,False,False,True,False,False,True
THSarabun,199,ว,False,False,True,False,False,True
THSarabun,200,ศ,False,False,True,False,False,True
THSarabun,201,ษ,False,False,True,False,False,True
THSarabun,202,ส,False,False,True,False,False,True
THSarabun,203,ห,False,False,True,False,False,True
THSarabun,204,ฬ,False,False,True,False,False,True
THSarabun,205,อ,False,False,True,False,False,True
THSarabun,206,ฮ,False,False,True,False,False,True
THSarabun,207,ฯ,False,False,True,False,False,True
THSarabun,209,ั,True,True,True,False,False,True
THSarabun,210,า,False,False,True,False,False,True
THSarabun,212,ิ,True,True,True,False,False,True
THSarabun,213,ี,True,True,True,False,False,True
THSarabun,214,ึ,True,True,True,False,False,True
THSarabun,215,ื,True,True,True,False,False,True
THSarabun,216,ุ,True,False,True,False,False,True
THSarabun,217,ู,True,False,True,False,False,True
THSarabun,224,เ,False,False,True,False,False,True
THSarabun,225,แ,False,False,True,False,False,True
THSarabun,226,โ,False,False,True,False,False,True
THSarabun,227,ใ,False,False,True,False,False,True
THSarabun,228,ไ,False,False,True,False,False,True
THSarabun,229,ๅ,False,False,True,False,False,True
THSarabun,230,ๆ,False,False,True,False,False,True
THSarabun,231,็,True,True,True,False,False,True
THSarabun,232,่,True,True,True,False,False,True
THSarabun,233,้,True,True,True,False,False,True
THSarabun,234,๊,True,True,True,False,False,True
THSarabun,236,์,True,True,True,False,False,True
THSarabun,240,๐,False,False,True,False,False,True
THSarabun,241,๑,False,False,True,False,False,True
THSarabun,242,๒,False,False,True,False,False,True
THSarabun,243,๓,False,False,True,False,False,True
THSarabun,244,๔,False,False,True,False,False,True
THSarabun,245,๕,False,False,True,False,False,True
THSarabun,246,๖,False,False,True,False,False,True
THSarabun,247,๗,False,False,True,False,False,True
THSarabun,248,๘,False,False,True,False,False,True
THSarabun,249,๙,False,False,True,False,False,True
Taviraj-Bold,161,ก,False,False,True,False,False,True
Taviraj-Bold,162,ข,False,False,True,False,False,True
Taviraj-Bold,163,ฃ,False,False,True,False,False,True
Taviraj-Bold,164,ค,False,False,True,False,False,True
Taviraj-Bold,167,ง,False,False,True,False,False,True
Taviraj-Bold,168,จ,False,False,True,False,False,True
Taviraj-Bold,169,ฉ,False,False,True,False,False,True
Taviraj-Bold,170,ช,False,False,True,False,False,True
Taviraj-Bold,171,ซ,False,False,True,False,False,True
Taviraj-Bold,173,ญ,False,False,True,False,False,True
Taviraj-Bold,175,ฏ,False,False,True,False,False,True
Taviraj-Bold,176,ฐ,False,False,True,False,False,True
Taviraj-Bold,177,ฑ,False,False,True,False,False,True
Taviraj-Bold,178,ฒ,False,False,True,False,False,True
Taviraj-Bold,179,ณ,False,False,True,False,False,True
Taviraj-Bold,180,ด,False,False,True,False,False,True
Taviraj-Bold,181,ต,False,False,True,False,False,True
Taviraj-Bold,182,ถ,False,False,True,False,False,True
Taviraj-Bold,183,ท,False,False,True,False,False,True
Taviraj-Bold,184,ธ,False,False,True,False,False,True
Taviraj-Bold,185,น,False,False,True,False,False,True
Taviraj-Bold,186,บ,False,False,True,False,False,True
Taviraj-Bold,187,ป,False,False,True,False,False,True
Taviraj-Bold,188,ผ,False,False,True,False,False,True
Taviraj-Bold,189,ฝ,False,False,True,False,False,True
Taviraj-Bold,190,พ,False,False,True,False,False,True
Taviraj-Bold,191,ฟ,False,False,True,False,False,True
Taviraj-Bold,192,ภ,False,False,True,False,False,True
Taviraj-Bold,193,ม,False,False,True,False,False,True
Taviraj-Bold,194,ย,False,False,True,False,False,True
Taviraj-Bold,195,ร,False,False,True,False,False,True
Taviraj-Bold,196,ฤ,False,False,True,False,False,True
Taviraj-Bold,197,ล,False,False,True,False,False,True
Taviraj-Bold,199,ว,False,False,True,False,False,True
Taviraj-Bold,200,ศ,False,False,True,False,False,True
Taviraj-Bold,201,ษ,False,False,True,False,False,True
Taviraj-Bold,202,ส,False,False,True,False,False,True
Taviraj-Bold,203,ห,False,False,True,False,False,True
Taviraj-Bold,204,ฬ,False,False,True,False,False,True
Taviraj-Bold,205,อ,False,False,True,False,False,True
Taviraj-Bold,206,ฮ,False,False,True,False,False,True
Taviraj-Bold,207,ฯ,False,False,True,False,False,True
Taviraj-Bold,209,ั,True,True,True,False,False,True
Taviraj-Bold,210,า,False,False,True,False,False,True
Taviraj-Bold,212,ิ,True,True,True,False,False,True
Taviraj-Bold,213,ี,True,True,True,False,False,True
Taviraj-Bold,214,ึ,True,True,True,False,False,True
Taviraj-Bold,215,ื,True,True,True,False,False,True
Taviraj-Bold,216,ุ,True,False,True,False,False,True
Taviraj-Bold,217,ู,True,False,True,False,False,True
Taviraj-Bold,224,เ,False,False,True,False,False,True
Taviraj-Bold,225,แ,False,False,True,False,False,True
Taviraj-Bold,226,โ,False,False,True,False,False,True
Taviraj-Bold,227,ใ,False,False,True,False,False,True
Taviraj-Bold,228,ไ,False,False,True,False,False,True
Taviraj-Bold,229,ๅ,False,False,True,False,False,True
Taviraj-Bold,230,ๆ,False,False,True,False,False,True
Taviraj-Bold,231,็,True,True,True,False,False,True
Taviraj-Bold,232,่,True,True,True,False,False,True
Taviraj-Bold,233,้,True,True,True,False,False,True
Taviraj-Bold,234,๊,True,True,True,False,False,True
Taviraj-Bold,236,์,True,True,True,False,False,True
Taviraj-Bold,240,๐,False,False,True,False,False,True
Taviraj-Bold,241,๑,False,False,True,False,False,True
Taviraj-Bold,242,๒,False,False,True,False,False,True
Taviraj-Bold,243,๓,False,False,True,False,False,True
Taviraj-Bold,244,๔,False,False,True,False,False,True
Taviraj-Bold,245,๕,False,False,True,False,False,True
Taviraj-Bold,246,๖,False,False,True,False,False,True
Taviraj-Bold,247,๗,False,False,True,False,False,True
Taviraj-Bold,248,๘,False,False,True,False,False,True
Taviraj-Bold,249,๙,False,False,True,False,False,True
Taviraj-ExtraBold,161,ก,False,False,True,False,False,True
Taviraj-ExtraBold,162,ข,False,False,True,False,False,True
Taviraj-ExtraBold,163,ฃ,False,False,True,False,False,True
Taviraj-ExtraBold,164,ค,False,False,True,False,False,True
Taviraj-ExtraBold,167,ง,False,False,True,False,False,True
Taviraj-ExtraBold,168,จ,False,False,True,False,False,True
Taviraj-ExtraBold,169,ฉ,False,False,True,False,False,True
Taviraj-ExtraBold,170,ช,False,False,True,False,False,True
Taviraj-ExtraBold,171,ซ,False,False,True,False,False,True
Taviraj-ExtraBold,173,ญ,False,False,True,False,False,True
Taviraj-ExtraBold,175,ฏ,False,False,True,False,False,True
Taviraj-ExtraBold,176,ฐ,False,False,True,False,False,True
Taviraj-ExtraBold,177,ฑ,False,False,True,False,False,True
Taviraj-ExtraBold,178,ฒ,False,False,True,False,False,True
Taviraj-ExtraBold,179,ณ,False,False,True,False,False,True
Taviraj-ExtraBold,180,ด,False,False,True,False,False,True
Taviraj-ExtraBold,181,ต,False,False,True,False,False,True
Taviraj-ExtraBold,182,ถ,False,False,True,False,False,True
Taviraj-ExtraBold,183,ท,False,False,True,False,False,True
Taviraj-ExtraBold,184,ธ,False,False,True,False,False,True
Taviraj-ExtraBold,185,น,False,False,True,False,False,True
Taviraj-ExtraBold,186,บ,False,False,True,False,False,True
Taviraj-ExtraBold,187,ป,False,False,True,False,False,True
Taviraj-ExtraBold,188,ผ,False,False,True,False,False,True
Taviraj-ExtraBold,189,ฝ,False,False,True,False,False,True
Taviraj-ExtraBold,190,พ,False,False,True,False,False,True
Taviraj-ExtraBold,191,ฟ,False,False,True,False,False,True
Taviraj-ExtraBold,192,ภ,False,False,True,False,False,True
Taviraj-ExtraBold,193,ม,False,False,True,False,False,True
Taviraj-ExtraBold,194,ย,False,False,True,False,False,True
Taviraj-ExtraBold,195,ร,False,False,True,False,False,True
Taviraj-ExtraBold,196,ฤ,False,False,True,False,False,True
Taviraj-ExtraBold,197,ล,False,False,True,False,False,True
Taviraj-ExtraBold,199,ว,False,False,True,False,False,True
Taviraj-ExtraBold,200,ศ,False,False,True,False,False,True
Taviraj-ExtraBold,201,ษ,False,False,True,False,False,True
Taviraj-ExtraBold,202,ส,False,False,True,False,False,True
Taviraj-ExtraBold,203,ห,False,False,True,False,False,True
Taviraj-ExtraBold,204,ฬ,False,False,True,False,False,True
Taviraj-ExtraBold,205,อ,False,False,True,False,False,True
Taviraj-ExtraBold,206,ฮ,False,False,True,False,False,True
Taviraj-ExtraBold,207,ฯ,False,False,True,False,False,True
Taviraj-ExtraBold,209,ั,True,True,True,False,False,True
Taviraj-ExtraBold,210,า,False,False,True,False,False,True
Taviraj-ExtraBold,212,ิ,True,True,True,False,False,True
Taviraj-ExtraBold,213,ี,True,True,True,False,False,True
Taviraj-ExtraBold,214,ึ,True,True,True,False,False,True
Taviraj-ExtraBold,215,ื,True,True,True,False,False,True
Taviraj-ExtraBold,216,ุ,True,False,True,False,False,True
Taviraj-ExtraBold,217,ู,True,False,True,False,False,True
Taviraj-ExtraBold,224,เ,False,False,True,False,False,True
Taviraj-ExtraBold,225,แ,False,False,True,False,False,True
Taviraj-ExtraBold,226,โ,False,False,True,False,False,True
Taviraj-ExtraBold,227,ใ,False,False,True,False,False,True
Taviraj-ExtraBold,228,ไ,False,False,True,False,False,True
Taviraj-ExtraBold,229,ๅ,False,False,True,False,False,True
Taviraj-ExtraBold,230,ๆ,False,False,True,False,False,True
Taviraj-ExtraBold,231,็,True,True,True,False,False,True
Taviraj-ExtraBold,232,่,True,True,True,False,False,True
Taviraj-ExtraBold,233,้,True,True,True,False,False,True
Taviraj-ExtraBold,234,๊,True,True,True,False,False,True
Taviraj-ExtraBold,236,์,True,True,True,False,False,True
Taviraj-ExtraBold,240,๐,False,False,True,False,False,True
Taviraj-ExtraBold,241,๑,False,False,True,False,False,True
Taviraj-ExtraBold,242,๒,False,False,True,False,False,True
Taviraj-ExtraBold,243,๓,False,False,True,False,False,True
Taviraj-ExtraBold,244,๔,False,False,True,False,False,True
Taviraj-ExtraBold,245,๕,False,False,True,False,False,True
Taviraj-ExtraBold,246,๖,False,False,True,False,False,True
Taviraj-ExtraBold,247,๗,False,False,True,False,False,True
Taviraj-ExtraBold,248,๘,False,False,True,False,False,True
Taviraj-ExtraBold,249,๙,False,False,True,False,False,True
Taviraj-ExtraLight,161,ก,False,False,True,False,False,True
Taviraj-ExtraLight,162,ข,False,False,True,False,False,True
Taviraj-ExtraLight,163,ฃ,False,False,True,False,False,True
Taviraj-ExtraLight,164,ค,False,False,True,False,False,True
Taviraj-ExtraLight,167,ง,False,False,True,False,False,True
Taviraj-ExtraLight,168,จ,False,False,True,False,False,True
Taviraj-ExtraLight,169,ฉ,False,False,True,False,False,True
Taviraj-ExtraLight,170,ช,False,False,True,False,False,True
Taviraj-ExtraLight,171,ซ,False,False,True,False,False,True
Taviraj-ExtraLight,173,ญ,False,False,True,False,False,True
Taviraj-ExtraLight,175,ฏ,False,False,True,False,False,True
Taviraj-ExtraLight,176,ฐ,False,False,True,False,False,True
Taviraj-ExtraLight,177,ฑ,False,False,True,False,False,True
Taviraj-ExtraLight,178,ฒ,False,False,True,False,False,True
Taviraj-ExtraLight,179,ณ,False,False,True,False,False,True
Taviraj-ExtraLight,180,ด,False,False,True,False,False,True
Taviraj-ExtraLight,181,ต,False,False,True,False,False,True
Taviraj-ExtraLight,182,ถ,False,False,True,False,False,True
Taviraj-ExtraLight,183,ท,False,False,True,False,False,True
Taviraj-ExtraLight,184,ธ,False,False,True,False,False,True
Taviraj-ExtraLight,185,น,False,False,True,False,False,True
Taviraj-ExtraLight,186,บ,False,False,True,False,False,True
Taviraj-ExtraLight,187,ป,False,False,True,False,False,True
Taviraj-ExtraLight,188,ผ,False,False,True,False,False,True
Taviraj-ExtraLight,189,ฝ,False,False,True,False,False,True
Taviraj-ExtraLight,190,พ,False,False,True,False,False,True
Taviraj-ExtraLight,191,ฟ,False,False,True,False,False,True
Taviraj-ExtraLight,192,ภ,False,False,True,False,False,True
Taviraj-ExtraLight,193,ม,False,False,True,False,False,True
Taviraj-ExtraLight,194,ย,False,False,True,False,False,True
Taviraj-ExtraLight,195,ร,False,False,True,False,False,True
Taviraj-ExtraLight,196,ฤ,False,False,True,False,False,True
Taviraj-ExtraLight,197,ล,False,False,True,False,False,True
Taviraj-ExtraLight,199,ว,False,False,True,False,False,True
Taviraj-ExtraLight,200,ศ,False,False,True,False,False,True
Taviraj-ExtraLight,201,ษ,False,False,True,False,False,True
Taviraj-ExtraLight,202,ส,False,False,True,False,False,True
Taviraj-ExtraLight,203,ห,False,False,True,False,False,True
Taviraj-ExtraLight,204,ฬ,False,False,True,False,False,True
Taviraj-ExtraLight,205,อ,False,False,True,False,False,True
Taviraj-ExtraLight,206,ฮ,False,False,True,False,False,True
Taviraj-ExtraLight,207,ฯ,False,False,True,False,False,True
Taviraj-ExtraLight,209,ั,True,True,True,False,False,True
Taviraj-ExtraLight,210,า,False,False,True,False,False,True
Taviraj-ExtraLight,212,ิ,True,True,True,False,False,True
Taviraj-ExtraLight,213,ี,True,True,True,False,False,True
Taviraj-ExtraLight,214,ึ,True,True,True,False,False,True
Taviraj-ExtraLight,215,ื,True,True,True,False,False,True
Taviraj-ExtraLight,216,ุ,True,False,True,False,False,True
Taviraj-ExtraLight,217,ู,True,False,True,False,False,True
Taviraj-ExtraLight,224,เ,False,False,True,False,False,True
Taviraj-ExtraLight,225,แ,False,False,True,False,False,True
Taviraj-ExtraLight,226,โ,False,False,True,False,False,True
Taviraj-ExtraLight,227,ใ,False,False,True,False,False,True
Taviraj-ExtraLight,228,ไ,False,False,True,False,False,True
Taviraj-ExtraLight,229,ๅ,False,False,True,False,False,True
Taviraj-ExtraLight,230,ๆ,False,False,True,False,False,True
Taviraj-ExtraLight,231,็,True,True,True,False,False,True
Taviraj-ExtraLight,232,่,True,True,True,False,False,True
Taviraj-ExtraLight,233,้,True,True,True,False,False,True
Taviraj-ExtraLight,234,๊,True,True,True,False,False,True
Taviraj-ExtraLight,236,์,True,True,True,False,False,True
Taviraj-ExtraLight,240,๐,False,False,True,False,False,True
Taviraj-ExtraLight,241,๑,False,False,True,False,False,True
Taviraj-ExtraLight,242,๒,False,False,True,False,False,True
Taviraj-ExtraLight,243,๓,False,False,True,False,False,True
Taviraj-ExtraLight,244,๔,False,False,True,False,False,True
Taviraj-ExtraLight,245,๕,False,False,True,False,False,True
Taviraj-ExtraLight,246,๖,False,False,True,False,False,True
Taviraj-ExtraLight,247,๗,False,False,True,False,False,True
Taviraj-ExtraLight,248,๘,False,False,True,False,False,True
Taviraj-ExtraLight,249,๙,False,False,True,False,False,True
Taviraj-Light,161,ก,False,False,True,False,False,True
Taviraj-Light,162,ข,False,False,True,False,False,True
Taviraj-Light,163,ฃ,False,False,True,False,False,True
Taviraj-Light,164,ค,False,False,True,False,False,True
Taviraj-Light,167,ง,False,False,True,False,False,True
Taviraj-Light,168,จ,False,False,True,False,False,True
Taviraj-Light,169,ฉ,False,False,True,False,False,True
Taviraj-Light,170,ช,False,False,True,False,False,True
Taviraj-Light,171,ซ,False,False,True,False,False,True
Taviraj-Light,173,ญ,False,False,True,False,False,True
Taviraj-Light,175,ฏ,False,False,True,False,False,True
Taviraj-Light,176,ฐ,False,False,True,False,False,True
Taviraj-Light,177,ฑ,False,False,True,False,False,True
Taviraj-Light,178,ฒ,False,False,True,False,False,True
Taviraj-Light,179,ณ,False,False,True,False,False,True
Taviraj-Light,180,ด,False,False,True,False,False,True
Taviraj-Light,181,ต,False,False,True,False,False,True
Taviraj-Light,182,ถ,False,False,True,False,False,True
Taviraj-Light,183,ท,False,False,True,False,False,True
Taviraj-Light,184,ธ,False,False,True,False,False,True
Taviraj-Light,185,น,False,False,True,False,False,True
Taviraj-Light,186,บ,False,False,True,False,False,True
Taviraj-Light,187,ป,False,False,True,False,False,True
Taviraj-Light,188,ผ,False,False,True,False,False,True
Taviraj-Light,189,ฝ,False,False,True,False,False,True
Taviraj-Light,190,พ,False,False,True,False,False,True
Taviraj-Light,191,ฟ,False,False,True,False,False,True
Taviraj-Light,192,ภ,False,False,True,False,False,True
Taviraj-Light,193,ม,False,False,True,False,False,True
Taviraj-Light,194,ย,False,False,True,False,False,True
Taviraj-Light,195,ร,False,False,True,False,False,True
Taviraj-Light,196,ฤ,False,False,True,False,False,True
Taviraj-Light,197,ล,False,False,True,False,False,True
Taviraj-Light,199,ว,False,False,True,False,False,True
Taviraj-Light,200,ศ,False,False,True,False,False,True
Taviraj-Light,201,ษ,False,False,True,False,False,True
Taviraj-Light,202,ส,False,False,True,False,False,True
Taviraj-Light,203,ห,False,False,True,False,False,True
Taviraj-Light,204,ฬ,False,False,True,False,False,True
Taviraj-Light,205,อ,False,False,True,False,False,True
Taviraj-Light,206,ฮ,False,False,True,False,False,True
Taviraj-Light,207,ฯ,False,False,True,False,False,True
Taviraj-Light,209,ั,True,True,True,False,False,True
Taviraj-Light,210,า,False,False,True,False,False,True
Taviraj-Light,212,ิ,True,True,True,False,False,True
Taviraj-Light,213,ี,True,True,True,False,False,True
Taviraj-Light,214,ึ,True,True,True,False,False,True
Taviraj-Light,215,ื,True,True,True,False,False,True
Taviraj-Light,216,ุ,True,False,True,False,False,True
Taviraj-Light,217,ู,True,False,True,False,False,True
Taviraj-Light,224,เ,False,False,True,False,False,True
Taviraj-Light,225,แ,False,False,True,False,False,True
Taviraj-Light,226,โ,False,False,True,False,False,True
Taviraj-Light,227,ใ,False,False,True,False,False,True
Taviraj-Light,228,ไ,False,False,True,False,False,True
Taviraj-Light,229,ๅ,False,False,True,False,False,True
Taviraj-Light,230,ๆ,False,False,True,False,False,True
Taviraj-Light,231,็,True,True,True,False,False,True
Taviraj-Light,232,่,True,True,True,False,False,True
Taviraj-Light,233,้,True,True,True,False,False,True
Taviraj-Light,234,๊,True,True,True,False,False,True
Taviraj-Light,236,์,True,True,True,False,False,True
Taviraj-Light,240,๐,False,False,True,False,False,True
Taviraj-Light,241,๑,False,False,True,False,False,True
Taviraj-Light,242,๒,False,False,True,False,False,True
Taviraj-Light,243,๓,False,False,True,False,False,True
Taviraj-Light,244,๔,False,False,True,False,False,True
Taviraj-Light,245,๕,False,False,True,False,False,True
Taviraj-Light,246,๖,False,False,True,False,False,True
Taviraj-Light,247,๗,False,False,True,False,False,True
Taviraj-Light,248,๘,False,False,True,False,False,True
Taviraj-Light,249,๙,False,False,True,False,False,True
Taviraj-Medium,161,ก,False,False,True,False,False,True
Taviraj-Medium,162,ข,False,False,True,False,False,True
Taviraj-Medium,163,ฃ,False,False,True,False,False,True
Taviraj-Medium,164,ค,False,False,True,False,False,True
Taviraj-Medium,167,ง,False,False,True,False,False,True
Taviraj-Medium,168,จ,False,False,True,False,False,True
Taviraj-Medium,169,ฉ,False,False,True,False,False,True
Taviraj-Medium,170,ช,False,False,True,False,False,True
Taviraj-Medium,171,ซ,False,False,True,False,False,True
Taviraj-Medium,173,ญ,False,False,True,False,False,True
Taviraj-Medium,175,ฏ,False,False,True,False,False,True
Taviraj-Medium,176,ฐ,False,False,True,False,False,True
Taviraj-Medium,177,ฑ,False,False,True,False,False,True
Taviraj-Medium,178,ฒ,False,False,True,False,False,True
Taviraj-Medium,179,ณ,False,False,True,False,False,True
Taviraj-Medium,180,ด,False,False,True,False,False,True
Taviraj-Medium,181,ต,False,False,True,False,False,True
Taviraj-Medium,182,ถ,False,False,True,False,False,True
Taviraj-Medium,183,ท,False,False,True,False,False,True
Taviraj-Medium,184,ธ,False,False,True,False,False,True
Taviraj-Medium,185,น,False,False,True,False,False,True
Taviraj-Medium,186,บ,False,False,True,False,False,True
Taviraj-Medium,187,ป,False,False,True,False,False,True
Taviraj-Medium,188,ผ,False,False,True,False,False,True
Taviraj-Medium,189,ฝ,False,False,True,False,False,True
Taviraj-Medium,190,พ,False,False,True,False,False,True
Taviraj-Medium,191,ฟ,False,False,True,False,False,True
Taviraj-Medium,192,ภ,False,False,True,False,False,True
Taviraj-Medium,193,ม,False,False,True,False,False,True
Taviraj-Medium,194,ย,False,False,True,False,False,True
Taviraj-Medium,195,ร,False,False,True,False,False,True
Taviraj-Medium,196,ฤ,False,False,True,False,False,True
Taviraj-Medium,197,ล,False,False,True,False,False,True
Taviraj-Medium,199,ว,False,False,True,False,False,True
Taviraj-Medium,200,ศ,False,False,True,False,False,True
Taviraj-Medium,201,ษ,False,False,True,False,False,True
Taviraj-Medium,202,ส,False,False,True,False,False,True
Taviraj-Medium,203,ห,False,False,True,False,False,True
Taviraj-Medium,204,ฬ,False,False,True,False,False,True
Taviraj-Medium,205,อ,False,False,True,False,False,True
Taviraj-Medium,206,ฮ,False,False,True,False,False,True
Taviraj-Medium,207,ฯ,False,False,True,False,False,True
Taviraj-Medium,209,ั,True,True,True,False,False,True
Taviraj-Medium,210,า,False,False,True,False,False,True
Taviraj-Medium,212,ิ,True,True,True,False,False,True
Taviraj-Medium,213,ี,True,True,True,False,False,True
Taviraj-Medium,214,ึ,True,True,True,False,False,True
Taviraj-Medium,215,ื,True,True,True,False,False,True
Taviraj-Medium,216,ุ,True,False,True,False,False,True
Taviraj-Medium,217,ู,True,False,True,False,False,True
Taviraj-Medium,224,เ,False,False,True,False,False,True
Taviraj-Medium,225,แ,False,False,True,False,False,True
Taviraj-Medium,226,โ,False,False,True,False,False,True
Taviraj-Medium,227,ใ,False,False,True,False,False,True
Taviraj-Medium,228,ไ,False,False,True,False,False,True
Taviraj-Medium,229,ๅ,False,False,True,False,False,True
Taviraj-Medium,230,ๆ,False,False,True,False,False,True
Taviraj-Medium,231,็,True,True,True,False,False,True
Taviraj-Medium,232,่,True,True,True,False,False,True
Taviraj-Medium,233,้,True,True,True,False,False,True
Taviraj-Medium,234,๊,True,True,True,False,False,True
Taviraj-Medium,236,์,True,True,True,False,False,True
Taviraj-Medium,240,๐,False,False,True,False,False,True
Taviraj-Medium,241,๑,False,False,True,False,False,True
Taviraj-Medium,242,๒,False,False,True,False,False,True
Taviraj-Medium,243,๓,False,False,True,False,False,True
Taviraj-Medium,244,๔,False,False,True,False,False,True
Taviraj-Medium,245,๕,False,False,True,False,False,True
Taviraj-Medium,246,๖,False,False,True,False,False,True
Taviraj-Medium,247,๗,False,False,True,False,False,True
Taviraj-Medium,248,๘,False,False,True,False,False,True
Taviraj-Medium,249,๙,False,False,True,False,False,True
Taviraj-Regular,161,ก,False,False,True,False,False,True
Taviraj-Regular,162,ข,False,False,True,False,False,True
Taviraj-Regular,163,ฃ,False,False,True,False,False,True
Taviraj-Regular,164,ค,False,False,True,False,False,True
Taviraj-Regular,167,ง,False,False,True,False,False,True
Taviraj-Regular,168,จ,False,False,True,False,False,True
Taviraj-Regular,169,ฉ,False,False,True,False,False,True
Taviraj-Regular,170,ช,False,False,True,False,False,True
Taviraj-Regular,171,ซ,False,False,True,False,False,True
Taviraj-Regular,173,ญ,False,False,True,False,False,True
Taviraj-Regular,175,ฏ,False,False,True,False,False,True
Taviraj-Regular,176,ฐ,False,False,True,False,False,True
Taviraj-Regular,177,ฑ,False,False,True,False,False,True
Taviraj-Regular,178,ฒ,False,False,True,False,False,True
Taviraj-Regular,179,ณ,False,False,True,False,False,True
Taviraj-Regular,180,ด,False,False,True,False,False,True
Taviraj-Regular,181,ต,False,False,True,False,False,True
Taviraj-Regular,182,ถ,False,False,True,False,False,True
Taviraj-Regular,183,ท,False,False,True,False,False,True
Taviraj-Regular,184,ธ,False,False,True,False,False,True
Taviraj-Regular,185,น,False,False,True,False,False,True
Taviraj-Regular,186,บ,False,False,True,False,False,True
Taviraj-Regular,187,ป,False,False,True,False,False,True
Taviraj-Regular,188,ผ,False,False,True,False,False,True
Taviraj-Regular,189,ฝ,False,False,True,False,False,True
Taviraj-Regular,190,พ,False,False,True,False,False,True
Taviraj-Regular,191,ฟ,False,False,True,False,False,True
Taviraj-Regular,192,ภ,False,False,True,False,False,True
Taviraj-Regular,193,ม,False,False,True,False,False,True
Taviraj-Regular,194,ย,False,False,True,False,False,True
Taviraj-Regular,195,ร,False,False,True,False,False,True
Taviraj-Regular,196,ฤ,False,False,True,False,False,True
Taviraj-Regular,197,ล,False,False,True,False,False,True
Taviraj-Regular,199,ว,False,False,True,False,False,True
Taviraj-Regular,200,ศ,False,False,True,False,False,True
Taviraj-Regular,201,ษ,False,False,True,False,False,True
Taviraj-Regular,202,ส,False,False,True,False,False,True
Taviraj-Regular,203,ห,False,False,True,False,False,True
Taviraj-Regular,204,ฬ,False,False,True,False,False,True
Taviraj-Regular,205,อ,False,False,True,False,False,True
Taviraj-Regular,206,ฮ,False,False,True,False,False,True
Taviraj-Regular,207,ฯ,False,False,True,False,False,True
Taviraj-Regular,209,ั,True,True,True,False,False,True
Taviraj-Regular,210,า,False,False,True,False,False,True
Taviraj-Regular,212,ิ,True,True,True,False,False,True
Taviraj-Regular,213,ี,True,True,True,False,False,True
Taviraj-Regular,214,ึ,True,True,True,False,False,True
Taviraj-Regular,215,ื,True,True,True,False,False,True
Taviraj-Regular,216,ุ,True,False,True,False,False,True
Taviraj-Regular,217,ู,True,False,True,False,False,True
Taviraj-Regular,224,เ,False,False,True,False,False,True
Taviraj-Regular,225,แ,False,False,True,False,False,True
Taviraj-Regular,226,โ,False,False,True,False,False,True
Taviraj-Regular,227,ใ,False,False,True,False,False,True
Taviraj-Regular,228,ไ,False,False,True,False,False,True
Taviraj-Regular,229,ๅ,False,False,True,False,False,True
Taviraj-Regular,230,ๆ,False,False,True,False,False,True
Taviraj-Regular,231,็,True,True,True,False,False,True
Taviraj-Regular,232,่,True,True,True,False,False,True
Taviraj-Regular,233,้,True,True,True,False,False,True
Taviraj-Regular,234,๊,True,True,True,False,False,True
Taviraj-Regular,236,์,True,True,True,False,False,True
Taviraj-Regular,240,๐,False,False,True,False,False,True
Taviraj-Regular,241,๑,False,False,True,False,False,True
Taviraj-Regular,242,๒,False,False,True,False,False,True
Taviraj-Regular,243,๓,False,False,True,False,False,True
Taviraj-Regular,244,๔,False,False,True,False,False,True
Taviraj-Regular,245,๕,False,False,True,False,False,True
Taviraj-Regular,246,๖,False,False,True,False,False,True
Taviraj-Regular,247,๗,False,False,True,False,False,True
Taviraj-Regular,248,๘,False,False,True,False,False,True
Taviraj-Regular,249,๙,False,False,True,False,False,True
Taviraj-SemiBold,161,ก,False,False,True,False,False,True
Taviraj-SemiBold,162,ข,False,False,True,False,False,True
Taviraj-SemiBold,163,ฃ,False,False,True,False,False,True
Taviraj-SemiBold,164,ค,False,False,True,False,False,True
Taviraj-SemiBold,167,ง,False,False,True,False,False,True
Taviraj-SemiBold,168,จ,False,False,True,False,False,True
Taviraj-SemiBold,169,ฉ,False,False,True,False,False,True
Taviraj-SemiBold,170,ช,False,False,True,False,False,True
Taviraj-SemiBold,171,ซ,False,False,True,False,False,True
Taviraj-SemiBold,173,ญ,False,False,True,False,False,True
Taviraj-SemiBold,175,ฏ,False,False,True,False,False,True
Taviraj-SemiBold,176,ฐ,False,False,True,False,False,True
Taviraj-SemiBold,177,ฑ,False,False,True,False,False,True
Taviraj-SemiBold,178,ฒ,False,False,True,False,False,True
Taviraj-SemiBold,179,ณ,False,False,True,False,False,True
Taviraj-SemiBold,180,ด,False,False,True,False,False,True
Taviraj-SemiBold,181,ต,False,False,True,False,False,True
Taviraj-SemiBold,182,ถ,False,False,True,False,False,True
Taviraj-SemiBold,183,ท,False,False,True,False,False,True
Taviraj-SemiBold,184,ธ,False,False,True,False,False,True
Taviraj-SemiBold,185,น,False,False,True,False,False,True
Taviraj-SemiBold,186,บ,False,False,True,False,False,True
Taviraj-SemiBold,187,ป,False,False,True,False,False,True
Taviraj-SemiBold,188,ผ,False,False,True,False,False,True
Taviraj-SemiBold,189,ฝ,False,False,True,False,False,True
Taviraj-SemiBold,190,พ,False,False,True,False,False,True
Taviraj-SemiBold,191,ฟ,False,False,True,False,False,True
Taviraj-SemiBold,192,ภ,False,False,True,False,False,True
Taviraj-SemiBold,193,ม,False,False,True,False,False,True
Taviraj-SemiBold,194,ย,False,False,True,False,False,True
Taviraj-SemiBold,195,ร,False,False,True,False,False,True
Taviraj-SemiBold,196,ฤ,False,False,True,False,False,True
Taviraj-SemiBold,197,ล,False,False,True,False,False,True
Taviraj-SemiBold,199,ว,False,False,True,False,False,True
Taviraj-SemiBold,200,ศ,False,False,True,False,False,True
Taviraj-SemiBold,201,ษ,False,False,True,False,False,True
Taviraj-SemiBold,202,ส,False,False,True,False,False,True
Taviraj-SemiBold,203,ห,False,False,True,False,False,True
Taviraj-SemiBold,204,ฬ,False,False,True,False,False,True
Taviraj-SemiBold,205,อ,False,False,True,False,False,True
Taviraj-SemiBold,206,ฮ,False,False,True,False,False,True
Taviraj-SemiBold,207,ฯ,False,False,True,False,False,True
Taviraj-SemiBold,209,ั,True,True,True,False,False,True
Taviraj-SemiBold,210,า,False,False,True,False,False,True
Taviraj-SemiBold,212,ิ,True,True,True,False,False,True
Taviraj-SemiBold,213,ี,True,True,True,False,False,True
Taviraj-SemiBold,214,ึ,True,True,True,False,False,True
Taviraj-SemiBold,215,ื,True,True,True,False,False,True
Taviraj-SemiBold,216,ุ,True,False,True,False,False,True
Taviraj-SemiBold,217,ู,True,False,True,False,False,True
Taviraj-SemiBold,224,เ,False,False,True,False,False,True
Taviraj-SemiBold,225,แ,False,False,True,False,False,True
Taviraj-SemiBold,226,โ,False,False,True,False,False,True
Taviraj-SemiBold,227,ใ,False,False,True,False,False,True
Taviraj-SemiBold,228,ไ,False,False,True,False,False,True
Taviraj-SemiBold,229,ๅ,False,False,True,False,False,True
Taviraj-SemiBold,230,ๆ,False,False,True,False,False,True
Taviraj-SemiBold,231,็,True,True,True,False,False,True
Taviraj-SemiBold,232,่,True,True,True,False,False,True
Taviraj-SemiBold,233,้,True,True,True,False,False,True
Taviraj-SemiBold,234,๊,True,True,True,False,False,True
Taviraj-SemiBold,236,์,True,True,True,False,False,True
Taviraj-SemiBold,240,๐,False,False,True,False,False,True
Taviraj-SemiBold,241,๑,False,False,True,False,False,True
Taviraj-SemiBold,242,๒,False,False,True,False,False,True
Taviraj-SemiBold,243,๓,False,False,True,False,False,True
Taviraj-SemiBold,244,๔,False,False,True,False,False,True
Taviraj-SemiBold,245,๕,False,False,True,False,False,True
Taviraj-SemiBold,246,๖,False,False,True,False,False,True
Taviraj-SemiBold,247,๗,False,False,True,False,False,True
Taviraj-SemiBold,248,๘,False,False,True,False,False,True
Taviraj-SemiBold,249,๙,False,False,True,False,False,True
Taviraj-Thin,161,ก,False,False,True,False,False,True
Taviraj-Thin,162,ข,False,False,True,False,False,True
Taviraj-Thin,163,ฃ,False,False,True,False,False,True
Taviraj-Thin,164,ค,False,False,True,False,False,True
Taviraj-Thin,167,ง,False,False,True,False,False,True
Taviraj-Thin,168,จ,False,False,True,False,False,True
Taviraj-Thin,169,ฉ,False,False,True,False,False,True
Taviraj-Thin,170,ช,False,False,True,False,False,True
Taviraj-Thin,171,ซ,False,False,True,False,False,True
Taviraj-Thin,173,ญ,False,False,True,False,False,True
Taviraj-Thin,175,ฏ,False,False,True,False,False,True
Taviraj-Thin,176,ฐ,False,False,True,False,False,True
Taviraj-Thin,177,ฑ,False,False,True,False,False,True
Taviraj-Thin,178,ฒ,False,False,True,False,False,True
Taviraj-Thin,179,ณ,False,False,True,False,False,True
Taviraj-Thin,180,ด,False,False,True,False,False,True
Taviraj-Thin,181,ต,False,False,True,False,False,True
Taviraj-Thin,182,ถ,False,False,True,False,False,True
Taviraj-Thin,183,ท,False,False,True,False,False,True
Taviraj-Thin,184,ธ,False,False,True,False,False,True
Taviraj-Thin,185,น,False,False,True,False,False,True
Taviraj-Thin,186,บ,False,False,True,False,False,True
Taviraj-Thin,187,ป,False,False,True,False,False,True
Taviraj-Thin,188,ผ,False,False,True,False,False,True
Taviraj-Thin,189,ฝ,False,False,True,False,False,True
Taviraj-Thin,190,พ,False,False,True,False,False,True
Taviraj-Thin,191,ฟ,False,False,True,False,False,True
Taviraj-Thin,192,ภ,False,False,True,False,False,True
Taviraj-Thin,193,ม,False,False,True,False,False,True
Taviraj-Thin,194,ย,False,False,True,False,False,True
Taviraj-Thin,195,ร,False,False,True,False,False,True
Taviraj-Thin,196,ฤ,False,False,True,False,False,True
Taviraj-Thin,197,ล,False,False,True,False,False,True
Taviraj-Thin,199,ว,False,False,True,False,False,True
Taviraj-Thin,200,ศ,False,False,True,False,False,True
Taviraj-Thin,201,ษ,False,False,True,False,False,True
Taviraj-Thin,202,ส,False,False,True,False,False,True
Taviraj-Thin,203,ห,False,False,True,False,False,True
Taviraj-Thin,204,ฬ,False,False,True,False,False,True
Taviraj-Thin,205,อ,False,False,True,False,False,True
Taviraj-Thin,206,ฮ,False,False,True,False,False,True
Taviraj-Thin,207,ฯ,False,False,True,False,False,True
Taviraj-Thin,209,ั,True,True,True,False,False,True
Taviraj-Thin,210,า,False,False,True,False,False,True
Taviraj-Thin,212,ิ,True,True,True,False,False,True
Taviraj-Thin,213,ี,True,True,True,False,False,True
Taviraj-Thin,214,ึ,True,True,True,False,False,True
Taviraj-Thin,215,ื,True,True,True,False,False,True
Taviraj-Thin,216,ุ,True,False,True,False,False,True
Taviraj-Thin,217,ู,True,False,True,False,False,True
Taviraj-Thin,224,เ,False,False,True,False,False,True
Taviraj-Thin,225,แ,False,False,True,False,False,True
Taviraj-Thin,226,โ,False,False,True,False,False,True
Taviraj-Thin,227,ใ,False,False,True,False,False,True
Taviraj-Thin,228,ไ,False,False,True,False,False,True
Taviraj-Thin,229,ๅ,False,False,True,False,False,True
Taviraj-Thin,230,ๆ,False,False,True,False,False,True
Taviraj-Thin,231,็,True,True,True,False,False,True
Taviraj-Thin,232,่,True,True,True,False,False,True
Taviraj-Thin,233,้,True,True,True,False,False,True
Taviraj-Thin,234,๊,True,True,True,False,False,True
Taviraj-Thin,236,์,True,True,True,False,False,True
Taviraj-Thin,240,๐,False,False,True,False,False,True
Taviraj-Thin,241,๑,False,False,True,False,False,True
Taviraj-Thin,242,๒,False,False,True,False,False,True
Taviraj-Thin,243,๓,False,False,True,False,False,True
Taviraj-Thin,244,๔,False,False,True,False,False,True
Taviraj-Thin,245,๕,False,False,True,False,False,True
Taviraj-Thin,246,๖,False,False,True,False,False,True
Taviraj-Thin,247,๗,False,False,True,False,False,True
Taviraj-Thin,248,๘,False,False,True,False,False,True
Taviraj-Thin,249,๙,False,False,True,False,False,True
Thasadith-Bold,161,ก,False,False,True,False,False,True
Thasadith-Bold,162,ข,False,False,True,False,False,True
Thasadith-Bold,163,ฃ,False,False,True,False,False,True
Thasadith-Bold,164,ค,False,False,True,False,False,True
Thasadith-Bold,167,ง,False,False,True,False,False,True
Thasadith-Bold,168,จ,False,False,True,False,False,True
Thasadith-Bold,169,ฉ,False,False,True,False,False,True
Thasadith-Bold,170,ช,False,False,True,False,False,True
Thasadith-Bold,171,ซ,False,False,True,False,False,True
Thasadith-Bold,173,ญ,False,False,True,False,False,True
Thasadith-Bold,175,ฏ,False,False,True,False,False,True
Thasadith-Bold,176,ฐ,False,False,True,False,False,True
Thasadith-Bold,177,ฑ,False,False,True,False,False,True
Thasadith-Bold,178,ฒ,False,False,True,False,False,True
Thasadith-Bold,179,ณ,False,False,True,False,False,True
Thasadith-Bold,180,ด,False,False,True,False,False,True
Thasadith-Bold,181,ต,False,False,True,False,False,True
Thasadith-Bold,182,ถ,False,False,True,False,False,True
Thasadith-Bold,183,ท,False,False,True,False,False,True
Thasadith-Bold,184,ธ,False,False,True,False,False,True
Thasadith-Bold,185,น,False,False,True,False,False,True
Thasadith-Bold,186,บ,False,False,True,False,False,True
Thasadith-Bold,187,ป,False,False,True,False,False,True
Thasadith-Bold,188,ผ,False,False,True,False,False,True
Thasadith-Bold,189,ฝ,False,False,True,False,False,True
Thasadith-Bold,190,พ,False,False,True,False,False,True
Thasadith-Bold,191,ฟ,False,False,True,False,False,True
Thasadith-Bold,192,ภ,False,False,True,False,False,True
Thasadith-Bold,193,ม,False,False,True,False,False,True
Thasadith-Bold,194,ย,False,False,True,False,False,True
Thasadith-Bold,195,ร,False,False,True,False,False,True
Thasadith-Bold,196,ฤ,False,False,True,False,False,True
Thasadith-Bold,197,ล,False,False,True,False,False,True
Thasadith-Bold,199,ว,False,False,True,False,False,True
Thasadith-Bold,200,ศ,False,False,True,False,False,True
Thasadith-Bold,201,ษ,False,False,True,False,False,True
Thasadith-Bold,202,ส,False,False,True,False,False,True
Thasadith-Bold,203,ห,False,False,True,False,False,True
Thasadith-Bold,204,ฬ,False,False,True,False,False,True
Thasadith-Bold,205,อ,False,False,True,False,False,True
Thasadith-Bold,206,ฮ,False,False,True,False,False,True
Thasadith-Bold,207,ฯ,False,False,True,False,False,True
Thasadith-Bold,209,ั,True,True,True,False,False,True
Thasadith-Bold,210,า,False,False,True,False,False,True
Thasadith-Bold,212,ิ,True,True,True,False,False,True
Thasadith-Bold,213,ี,True,True,True,False,False,True
Thasadith-Bold,214,ึ,True,True,True,False,False,True
Thasadith-Bold,215,ื,True,True,True,False,False,True
Thasadith-Bold,216,ุ,True,False,True,False,False,True
Thasadith-Bold,217,ู,True,False,True,False,False,True
Thasadith-Bold,224,เ,False,False,True,False,False,True
Thasadith-Bold,225,แ,False,False,True,False,False,True
Thasadith-Bold,226,โ,False,False,True,False,False,True
Thasadith-Bold,227,ใ,False,False,True,False,False,True
Thasadith-Bold,228,ไ,False,False,True,False,False,True
Thasadith-Bold,229,ๅ,False,False,True,False,False,True
Thasadith-Bold,230,ๆ,False,False,True,False,False,True
Thasadith-Bold,231,็,True,True,True,False,False,True
Thasadith-Bold,232,่,True,True,True,False,False,True
Thasadith-Bold,233,้,True,True,True,False,False,True
Thasadith-Bold,234,๊,True,True,True,False,False,True
Thasadith-Bold,236,์,True,True,True,False,False,True
Thasadith-Bold,240,๐,False,False,True,False,False,True
Thasadith-Bold,241,๑,False,False,True,False,False,True
Thasadith-Bold,242,๒,False,False,True,False,False,True
Thasadith-Bold,243,๓,False,False,True,False,False,True
Thasadith-Bold,244,๔,False,False,True,False,False,True
Thasadith-Bold,245,๕,False,False,True,False,False,True
Thasadith-Bold,246,๖,False,False,True,False,False,True
Thasadith-Bold,247,๗,False,False,True,False,False,True
Thasadith-Bold,248,๘,False,False,True,False,False,True
Thasadith-Bold,249,๙,False,False,True,False,False,True
Thasadith-Regular,161,ก,False,False,True,False,False,True
Thasadith-Regular,162,ข,False,False,True,False,False,True
Thasadith-Regular,163,ฃ,False,False,True,False,False,True
Thasadith-Regular,164,ค,False,False,True,False,False,True
Thasadith-Regular,167,ง,False,False,True,False,False,True
Thasadith-Regular,168,จ,False,False,True,False,False,True
Thasadith-Regular,169,ฉ,False,False,True,False,False,True
Thasadith-Regular,170,ช,False,False,True,False,False,True
Thasadith-Regular,171,ซ,False,False,True,False,False,True
Thasadith-Regular,173,ญ,False,False,True,False,False,True
Thasadith-Regular,175,ฏ,False,False,True,False,False,True
Thasadith-Regular,176,ฐ,False,False,True,False,False,True
Thasadith-Regular,177,ฑ,False,False,True,False,False,True
Thasadith-Regular,178,ฒ,False,False,True,False,False,True
Thasadith-Regular,179,ณ,False,False,True,False,False,True
Thasadith-Regular,180,ด,False,False,True,False,False,True
Thasadith-Regular,181,ต,False,False,True,False,False,True
Thasadith-Regular,182,ถ,False,False,True,False,False,True
Thasadith-Regular,183,ท,False,False,True,False,False,True
Thasadith-Regular,184,ธ,False,False,True,False,False,True
Thasadith-Regular,185,น,False,False,True,False,False,True
Thasadith-Regular,186,บ,False,False,True,False,False,True
Thasadith-Regular,187,ป,False,False,True,False,False,True
Thasadith-Regular,188,ผ,False,False,True,False,False,True
Thasadith-Regular,189,ฝ,False,False,True,False,False,True
Thasadith-Regular,190,พ,False,False,True,False,False,True
Thasadith-Regular,191,ฟ,False,False,True,False,False,True
Thasadith-Regular,192,ภ,False,False,True,False,False,True
Thasadith-Regular,193,ม,False,False,True,False,False,True
Thasadith-Regular,194,ย,False,False,True,False,False,True
Thasadith-Regular,195,ร,False,False,True,False,False,True
Thasadith-Regular,196,ฤ,False,False,True,False,False,True
Thasadith-Regular,197,ล,False,False,True,False,False,True
Thasadith-Regular,199,ว,False,False,True,False,False,True
Thasadith-Regular,200,ศ,False,False,True,False,False,True
Thasadith-Regular,201,ษ,False,False,True,False,False,True
Thasadith-Regular,202,ส,False,False,True,False,False,True
Thasadith-Regular,203,ห,False,False,True,False,False,True
Thasadith-Regular,204,ฬ,False,False,True,False,False,True
Thasadith-Regular,205,อ,False,False,True,False,False,True
Thasadith-Regular,206,ฮ,False,False,True,False,False,True
Thasadith-Regular,207,ฯ,False,False,True,False,False,True
Thasadith-Regular,209,ั,True,True,True,False,False,True
Thasadith-Regular,210,า,False,False,True,False,False,True
Thasadith-Regular,212,ิ,True,True,True,False,False,True
Thasadith-Regular,213,ี,True,True,True,False,False,True
Thasadith-Regular,214,ึ,True,True,True,False,False,True
Thasadith-Regular,215,ื,True,True,True,False,False,True
Thasadith-Regular,216,ุ,True,False,True,False,False,True
Thasadith-Regular,217,ู,True,False,True,False,False,True
Thasadith-Regular,224,เ,False,False,True,False,False,True
Thasadith-Regular,225,แ,False,False,True,False,False,True
Thasadith-Regular,226,โ,False,False,True,False,False,True
Thasadith-Regular,227,ใ,False,False,True,False,False,True
Thasadith-Regular,228,ไ,False,False,True,False,False,True
Thasadith-Regular,229,ๅ,False,False,True,False,False,True
Thasadith-Regular,230,ๆ,False,False,True,False,False,True
Thasadith-Regular,231,็,True,True,True,False,False,True
Thasadith-Regular,232,่,True,True,True,False,False,True
Thasadith-Regular,233,้,True,True,True,False,False,True
Thasadith-Regular,234,๊,True,True,True,False,False,True
Thasadith-Regular,236,์,True,True,True,False,False,True
Thasadith-Regular,240,๐,False,False,True,False,False,True
Thasadith-Regular,241,๑,False,False,True,False,False,True
Thasadith-Regular,242,๒,False,False,True,False,False,True
Thasadith-Regular,243,๓,False,False,True,False,False,True
Thasadith-Regular,244,๔,False,False,True,False,False,True
Thasadith-Regular,245,๕,False,False,True,False,False,True
Thasadith-Regular,246,๖,False,False,True,False,False,True
Thasadith-Regular,247,๗,False,False,True,False,False,True
Thasadith-Regular,248,๘,False,False,True,False,False,True
Thasadith-Regular,249,๙,False,False,True,False,False,True
Trirong-Bold,161,ก,False,False,True,False,False,True
Trirong-Bold,162,ข,False,False,True,False,False,True
Trirong-Bold,163,ฃ,False,False,True,False,False,True
Trirong-Bold,164,ค,False,False,True,False,False,True
Trirong-Bold,167,ง,False,False,True,False,False,True
Trirong-Bold,168,จ,False,False,True,False,False,True
Trirong-Bold,169,ฉ,False,False,True,False,False,True
Trirong-Bold,170,ช,False,False,True,False,False,True
Trirong-Bold,171,ซ,False,False,True,False,False,True
Trirong-Bold,173,ญ,False,False,True,False,False,True
Trirong-Bold,175,ฏ,False,False,True,False,False,True
Trirong-Bold,176,ฐ,False,False,True,False,False,True
Trirong-Bold,177,ฑ,False,False,True,False,False,True
Trirong-Bold,178,ฒ,False,False,True,False,False,True
Trirong-Bold,179,ณ,False,False,True,False,False,True
Trirong-Bold,180,ด,False,False,True,False,False,True
Trirong-Bold,181,ต,False,False,True,False,False,True
Trirong-Bold,182,ถ,False,False,True,False,False,True
Trirong-Bold,183,ท,False,False,True,False,False,True
Trirong-Bold,184,ธ,False,False,True,False,False,True
Trirong-Bold,185,น,False,False,True,False,False,True
Trirong-Bold,186,บ,False,False,True,False,False,True
Trirong-Bold,187,ป,False,False,True,False,False,True
Trirong-Bold,188,ผ,False,False,True,False,False,True
Trirong-Bold,189,ฝ,False,False,True,False,False,True
Trirong-Bold,190,พ,False,False,True,False,False,True
Trirong-Bold,191,ฟ,False,False,True,False,False,True
Trirong-Bold,192,ภ,False,False,True,False,False,True
Trirong-Bold,193,ม,False,False,True,False,False,True
Trirong-Bold,194,ย,False,False,True,False,False,True
Trirong-Bold,195,ร,False,False,True,False,False,True
Trirong-Bold,196,ฤ,False,False,True,False,False,True
Trirong-Bold,197,ล,False,False,True,False,False,True
Trirong-Bold,199,ว,False,False,True,False,False,True
Trirong-Bold,200,ศ,False,False,True,False,False,True
Trirong-Bold,201,ษ,False,False,True,False,False,True
Trirong-Bold,202,ส,False,False,True,False,False,True
Trirong-Bold,203,ห,False,False,True,False,False,True
Trirong-Bold,204,ฬ,False,False,True,False,False,True
Trirong-Bold,205,อ,False,False,True,False,False,True
Trirong-Bold,206,ฮ,False,False,True,False,False,True
Trirong-Bold,207,ฯ,False,False,True,False,False,True
Trirong-Bold,209,ั,True,True,True,False,False,True
Trirong-Bold,210,า,False,False,True,False,False,True
Trirong-Bold,212,ิ,True,True,True,False,False,True
Trirong-Bold,213,ี,True,True,True,False,False,True
Trirong-Bold,214,ึ,True,True,True,False,False,True
Trirong-Bold,215,ื,True,True,True,False,False,True
Trirong-Bold,216,ุ,True,False,True,False,False,True
Trirong-Bold,217,ู,True,False,True,False,False,True
Trirong-Bold,224,เ,False,False,True,False,False,True
Trirong-Bold,225,แ,False,False,True,False,False,True
Trirong-Bold,226,โ,False,False,True,False,False,True
Trirong-Bold,227,ใ,False,False,True,False,False,True
Trirong-Bold,228,ไ,False,False,True,False,False,True
Trirong-Bold,229,ๅ,False,False,True,False,False,True
Trirong-Bold,230,ๆ,False,False,True,False,False,True
Trirong-Bold,231,็,True,True,True,False,False,True
Trirong-Bold,232,่,True,True,True,False,False,True
Trirong-Bold,233,้,True,True,True,False,False,True
Trirong-Bold,234,๊,True,True,True,False,False,True
Trirong-Bold,236,์,True,True,True,False,False,True
Trirong-Bold,240,๐,False,False,True,False,False,True
Trirong-Bold,241,๑,False,False,True,False,False,True
Trirong-Bold,242,๒,False,False,True,False,False,True
Trirong-Bold,243,๓,False,False,True,False,False,True
Trirong-Bold,244,๔,False,False,True,False,False,True
Trirong-Bold,245,๕,False,False,True,False,False,True
Trirong-Bold,246,๖,False,False,True,False,False,True
Trirong-Bold,247,๗,False,False,True,False,False,True
Trirong-Bold,248,๘,False,False,True,False,False,True
Trirong-Bold,249,๙,False,False,True,False,False,True
Trirong-ExtraBold,161,ก,False,False,True,False,False,True
Trirong-ExtraBold,162,ข,False,False,True,False,False,True
Trirong-ExtraBold,163,ฃ,False,False,True,False,False,True
Trirong-ExtraBold,164,ค,False,False,True,False,False,True
Trirong-ExtraBold,167,ง,False,False,True,False,False,True
Trirong-ExtraBold,168,จ,False,False,True,False,False,True
Trirong-ExtraBold,169,ฉ,False,False,True,False,False,True
Trirong-ExtraBold,170,ช,False,False,True,False,False,True
Trirong-ExtraBold,171,ซ,False,False,True,False,False,True
Trirong-ExtraBold,173,ญ,False,False,True,False,False,True
Trirong-ExtraBold,175,ฏ,False,False,True,False,False,True
Trirong-ExtraBold,176,ฐ,False,False,True,False,False,True
Trirong-ExtraBold,177,ฑ,False,False,True,False,False,True
Trirong-ExtraBold,178,ฒ,False,False,True,False,False,True
Trirong-ExtraBold,179,ณ,False,False,True,False,False,True
Trirong-ExtraBold,180,ด,False,False,True,False,False,True
Trirong-ExtraBold,181,ต,False,False,True,False,False,True
Trirong-ExtraBold,182,ถ,False,False,True,False,False,True
Trirong-ExtraBold,183,ท,False,False,True,False,False,True
Trirong-ExtraBold,184,ธ,False,False,True,False,False,True
Trirong-ExtraBold,185,น,False,False,True,False,False,True
Trirong-ExtraBold,186,บ,False,False,True,False,False,True
Trirong-ExtraBold,187,ป,False,False,True,False,False,True
Trirong-ExtraBold,188,ผ,False,False,True,False,False,True
Trirong-ExtraBold,189,ฝ,False,False,True,False,False,True
Trirong-ExtraBold,190,พ,False,False,True,False,False,True
Trirong-ExtraBold,191,ฟ,False,False,True,False,False,True
Trirong-ExtraBold,192,ภ,False,False,True,False,False,True
Trirong-ExtraBold,193,ม,False,False,True,False,False,True
Trirong-ExtraBold,194,ย,False,False,True,False,False,True
Trirong-ExtraBold,195,ร,False,False,True,False,False,True
Trirong-ExtraBold,196,ฤ,False,False,True,False,False,True
Trirong-ExtraBold,197,ล,False,False,True,False,False,True
Trirong-ExtraBold,199,ว,False,False,True,False,False,True
Trirong-ExtraBold,200,ศ,False,False,True,False,False,True
Trirong-ExtraBold,201,ษ,False,False,True,False,False,True
Trirong-ExtraBold,202,ส,False,False,True,False,False,True
Trirong-ExtraBold,203,ห,False,False,True,False,False,True
Trirong-ExtraBold,204,ฬ,False,False,True,False,False,True
Trirong-ExtraBold,205,อ,False,False,True,False,False,True
Trirong-ExtraBold,206,ฮ,False,False,True,False,False,True
Trirong-ExtraBold,207,ฯ,False,False,True,False,False,True
Trirong-ExtraBold,209,ั,True,True,True,False,False,True
Trirong-ExtraBold,210,า,False,False,True,False,False,True
Trirong-ExtraBold,212,ิ,True,True,True,False,False,True
Trirong-ExtraBold,213,ี,True,True,True,False,False,True
Trirong-ExtraBold,214,ึ,True,True,True,False,False,True
Trirong-ExtraBold,215,ื,True,True,True,False,False,True
Trirong-ExtraBold,216,ุ,True,False,True,False,False,True
Trirong-ExtraBold,217,ู,True,False,True,False,False,True
Trirong-ExtraBold,224,เ,False,False,True,False,False,True
Trirong-ExtraBold,225,แ,False,False,True,False,False,True
Trirong-ExtraBold,226,โ,False,False,True,False,False,True
Trirong-ExtraBold,227,ใ,False,False,True,False,False,True
Trirong-ExtraBold,228,ไ,False,False,True,False,False,True
Trirong-ExtraBold,229,ๅ,False,False,True,False,False,True
Trirong-ExtraBold,230,ๆ,False,False,True,False,False,True
Trirong-ExtraBold,231,็,True,True,True,False,False,True
Trirong-ExtraBold,232,่,True,True,True,False,False,True
Trirong-ExtraBold,233,้,True,True,True,False,False,True
Trirong-ExtraBold,234,๊,True,True,True,False,False,True
Trirong-ExtraBold,236,์,True,True,True,False,False,True
Trirong-ExtraBold,240,๐,False,False,True,False,False,True
Trirong-ExtraBold,241,๑,False,False,True,False,False,True
Trirong-ExtraBold,242,๒,False,False,True,False,False,True
Trirong-ExtraBold,243,๓,False,False,True,False,False,True
Trirong-ExtraBold,244,๔,False,False,True,False,False,True
Trirong-ExtraBold,245,๕,False,False,True,False,False,True
Trirong-ExtraBold,246,๖,False,False,True,False,False,True
Trirong-ExtraBold,247,๗,False,False,True,False,False,True
Trirong-ExtraBold,248,๘,False,False,True,False,False,True
Trirong-ExtraBold,249,๙,False,False,True,False,False,True
Trirong-ExtraLight,161,ก,False,False,True,False,False,True
Trirong-ExtraLight,162,ข,False,False,True,False,False,True
Trirong-ExtraLight,163,ฃ,False,False,True,False,False,True
Trirong-ExtraLight,164,ค,False,False,True,False,False,True
Trirong-ExtraLight,167,ง,False,False,True,False,False,True
Trirong-ExtraLight,168,จ,False,False,True,False,False,True
Trirong-ExtraLight,169,ฉ,False,False,True,False,False,True
Trirong-ExtraLight,170,ช,False,False,True,False,False,True
Trirong-ExtraLight,171,ซ,False,False,True,False,False,True
Trirong-ExtraLight,173,ญ,False,False,True,False,False,True
Trirong-ExtraLight,175,ฏ,False,False,True,False,False,True
Trirong-ExtraLight,176,ฐ,False,False,True,False,False,True
Trirong-ExtraLight,177,ฑ,False,False,True,False,False,True
Trirong-ExtraLight,178,ฒ,False,False,True,False,False,True
Trirong-ExtraLight,179,ณ,False,False,True,False,False,True
Trirong-ExtraLight,180,ด,False,False,True,False,False,True
Trirong-ExtraLight,181,ต,False,False,True,False,False,True
Trirong-ExtraLight,182,ถ,False,False,True,False,False,True
Trirong-ExtraLight,183,ท,False,False,True,False,False,True
Trirong-ExtraLight,184,ธ,False,False,True,False,False,True
Trirong-ExtraLight,185,น,False,False,True,False,False,True
Trirong-ExtraLight,186,บ,False,False,True,False,False,True
Trirong-ExtraLight,187,ป,False,False,True,False,False,True
Trirong-ExtraLight,188,ผ,False,False,True,False,False,True
Trirong-ExtraLight,189,ฝ,False,False,True,False,False,True
Trirong-ExtraLight,190,พ,False,False,True,False,False,True
Trirong-ExtraLight,191,ฟ,False,False,True,False,False,True
Trirong-ExtraLight,192,ภ,False,False,True,False,False,True
Trirong-ExtraLight,193,ม,False,False,True,False,False,True
Trirong-ExtraLight,194,ย,False,False,True,False,False,True
Trirong-ExtraLight,195,ร,False,False,True,False,False,True
Trirong-ExtraLight,196,ฤ,False,False,True,False,False,True
Trirong-ExtraLight,197,ล,False,False,True,False,False,True
Trirong-ExtraLight,199,ว,False,False,True,False,False,True
Trirong-ExtraLight,200,ศ,False,False,True,False,False,True
Trirong-ExtraLight,201,ษ,False,False,True,False,False,True
Trirong-ExtraLight,202,ส,False,False,True,False,False,True
Trirong-ExtraLight,203,ห,False,False,True,False,False,True
Trirong-ExtraLight,204,ฬ,False,False,True,False,False,True
Trirong-ExtraLight,205,อ,False,False,True,False,False,True
Trirong-ExtraLight,206,ฮ,False,False,True,False,False,True
Trirong-ExtraLight,207,ฯ,False,False,True,False,False,True
Trirong-ExtraLight,209,ั,True,True,True,False,False,True
Trirong-ExtraLight,210,า,False,False,True,False,False,True
Trirong-ExtraLight,212,ิ,True,True,True,False,False,True
Trirong-ExtraLight,213,ี,True,True,True,False,False,True
Trirong-ExtraLight,214,ึ,True,True,True,False,False,True
Trirong-ExtraLight,215,ื,True,True,True,False,False,True
Trirong-ExtraLight,216,ุ,True,False,True,False,False,True
Trirong-ExtraLight,217,ู,True,False,True,False,False,True
Trirong-ExtraLight,224,เ,False,False,True,False,False,True
Trirong-ExtraLight,225,แ,False,False,True,False,False,True
Trirong-ExtraLight,226,โ,False,False,True,False,False,True
Trirong-ExtraLight,227,ใ,False,False,True,False,False,True
Trirong-ExtraLight,228,ไ,False,False,True,False,False,True
Trirong-ExtraLight,229,ๅ,False,False,True,False,False,True
Trirong-ExtraLight,230,ๆ,False,False,True,False,False,True
Trirong-ExtraLight,231,็,True,True,True,False,False,True
Trirong-ExtraLight,232,่,True,True,True,False,False,True
Trirong-ExtraLight,233,้,True,True,True,False,False,True
Trirong-ExtraLight,234,๊,True,True,True,False,False,True
Trirong-ExtraLight,236,์,True,True,True,False,False,True
Trirong-ExtraLight,240,๐,False,False,True,False,False,True
Trirong-ExtraLight,241,๑,False,False,True,False,False,True
Trirong-ExtraLight,242,๒,False,False,True,False,False,True
Trirong-ExtraLight,243,๓,False,False,True,False,False,True
Trirong-ExtraLight,244,๔,False,False,True,False,False,True
Trirong-ExtraLight,245,๕,False,False,True,False,False,True
Trirong-ExtraLight,246,๖,False,False,True,False,False,True
Trirong-ExtraLight,247,๗,False,False,True,False,False,True
Trirong-ExtraLight,248,๘,False,False,True,False,False,True
Trirong-ExtraLight,249,๙,False,False,True,False,False,True
Trirong-Light,161,ก,False,False,True,False,False,True
Trirong-Light,162,ข,False,False,True,False,False,True
Trirong-Light,163,ฃ,False,False,True,False,False,True
Trirong-Light,164,ค,False,False,True,False,False,True
Trirong-Light,167,ง,False,False,True,False,False,True
Trirong-Light,168,จ,False,False,True,False,False,True
Trirong-Light,169,ฉ,False,False,True,False,False,True
Trirong-Light,170,ช,False,False,True,False,False,True
Trirong-Light,171,ซ,False,False,True,False,False,True
Trirong-Light,173,ญ,False,False,True,False,False,True
Trirong-Light,175,ฏ,False,False,True,False,False,True
Trirong-Light,176,ฐ,False,False,True,False,False,True
Trirong-Light,177,ฑ,False,False,True,False,False,True
Trirong-Light,178,ฒ,False,False,True,False,False,True
Trirong-Light,179,ณ,False,False,True,False,False,True
Trirong-Light,180,ด,False,False,True,False,False,True
Trirong-Light,181,ต,False,False,True,False,False,True
Trirong-Light,182,ถ,False,False,True,False,False,True
Trirong-Light,183,ท,False,False,True,False,False,True
Trirong-Light,184,ธ,False,False,True,False,False,True
Trirong-Light,185,น,False,False,True,False,False,True
Trirong-Light,186,บ,False,False,True,False,False,True
Trirong-Light,187,ป,False,False,True,False,False,True
Trirong-Light,188,ผ,False,False,True,False,False,True
Trirong-Light,189,ฝ,False,False,True,False,False,True
Trirong-Light,190,พ,False,False,True,False,False,True
Trirong-Light,191,ฟ,False,False,True,False,False,True
Trirong-Light,192,ภ,False,False,True,False,False,True
Trirong-Light,193,ม,False,False,True,False,False,True
Trirong-Light,194,ย,False,False,True,False,False,True
Trirong-Light,195,ร,False,False,True,False,False,True
Trirong-Light,196,ฤ,False,False,True,False,False,True
Trirong-Light,197,ล,False,False,True,False,False,True
Trirong-Light,199,ว,False,False,True,False,False,True
Trirong-Light,200,ศ,False,False,True,False,False,True
Trirong-Light,201,ษ,False,False,True,False,False,True
Trirong-Light,202,ส,False,False,True,False,False,True
Trirong-Light,203,ห,False,False,True,False,False,True
Trirong-Light,204,ฬ,False,False,True,False,False,True
Trirong-Light,205,อ,False,False,True,False,False,True
Trirong-Light,206,ฮ,False,False,True,False,False,True
Trirong-Light,207,ฯ,False,False,True,False,False,True
Trirong-Light,209,ั,True,True,True,False,False,True
Trirong-Light,210,า,False,False,True,False,False,True
Trirong-Light,212,ิ,True,True,True,False,False,True
Trirong-Light,213,ี,True,True,True,False,False,True
Trirong-Light,214,ึ,True,True,True,False,False,True
Trirong-Light,215,ื,True,True,True,False,False,True
Trirong-Light,216,ุ,True,False,True,False,False,True
Trirong-Light,217,ู,True,False,True,False,False,True
Trirong-Light,224,เ,False,False,True,False,False,True
Trirong-Light,225,แ,False,False,True,False,False,True
Trirong-Light,226,โ,False,False,True,False,False,True
Trirong-Light,227,ใ,False,False,True,False,False,True
Trirong-Light,228,ไ,False,False,True,False,False,True
Trirong-Light,229,ๅ,False,False,True,False,False,True
Trirong-Light,230,ๆ,False,False,True,False,False,True
Trirong-Light,231,็,True,True,True,False,False,True
Trirong-Light,232,่,True,True,True,False,False,True
Trirong-Light,233,้,True,True,True,False,False,True
Trirong-Light,234,๊,True,True,True,False,False,True
Trirong-Light,236,์,True,True,True,False,False,True
Trirong-Light,240,๐,False,False,True,False,False,True
Trirong-Light,241,๑,False,False,True,False,False,True
Trirong-Light,242,๒,False,False,True,False,False,True
Trirong-Light,243,๓,False,False,True,False,False,True
Trirong-Light,244,๔,False,False,True,False,False,True
Trirong-Light,245,๕,False,False,True,False,False,True
Trirong-Light,246,๖,False,False,True,False,False,True
Trirong-Light,247,๗,False,False,True,False,False,True
Trirong-Light,248,๘,False,False,True,False,False,True
Trirong-Light,249,๙,False,False,True,False,False,True
Trirong-Medium,161,ก,False,False,True,False,False,True
Trirong-Medium,162,ข,False,False,True,False,False,True
Trirong-Medium,163,ฃ,False,False,True,False,False,True
Trirong-Medium,164,ค,False,False,True,False,False,True
Trirong-Medium,167,ง,False,False,True,False,False,True
Trirong-Medium,168,จ,False,False,True,False,False,True
Trirong-Medium,169,ฉ,False,False,True,False,False,True
Trirong-Medium,170,ช,False,False,True,False,False,True
Trirong-Medium,171,ซ,False,False,True,False,False,True
Trirong-Medium,173,ญ,False,False,True,False,False,True
Trirong-Medium,175,ฏ,False,False,True,False,False,True
Trirong-Medium,176,ฐ,False,False,True,False,False,True
Trirong-Medium,177,ฑ,False,False,True,False,False,True
Trirong-Medium,178,ฒ,False,False,True,False,False,True
Trirong-Medium,179,ณ,False,False,True,False,False,True
Trirong-Medium,180,ด,False,False,True,False,False,True
Trirong-Medium,181,ต,False,False,True,False,False,True
Trirong-Medium,182,ถ,False,False,True,False,False,True
Trirong-Medium,183,ท,False,False,True,False,False,True
Trirong-Medium,184,ธ,False,False,True,False,False,True
Trirong-Medium,185,น,False,False,True,False,False,True
Trirong-Medium,186,บ,False,False,True,False,False,True
Trirong-Medium,187,ป,False,False,True,False,False,True
Trirong-Medium,188,ผ,False,False,True,False,False,True
Trirong-Medium,189,ฝ,False,False,True,False,False,True
Trirong-Medium,190,พ,False,False,True,False,False,True
Trirong-Medium,191,ฟ,False,False,True,False,False,True
Trirong-Medium,192,ภ,False,False,True,False,False,True
Trirong-Medium,193,ม,False,False,True,False,False,True
Trirong-Medium,194,ย,False,False,True,False,False,True
Trirong-Medium,195,ร,False,False,True,False,False,True
Trirong-Medium,196,ฤ,False,False,True,False,False,True
Trirong-Medium,197,ล,False,False,True,False,False,True
Trirong-Medium,199,ว,False,False,True,False,False,True
Trirong-Medium,200,ศ,False,False,True,False,False,True
Trirong-Medium,201,ษ,False,False,True,False,False,True
Trirong-Medium,202,ส,False,False,True,False,False,True
Trirong-Medium,203,ห,False,False,True,False,False,True
Trirong-Medium,204,ฬ,False,False,True,False,False,True
Trirong-Medium,205,อ,False,False,True,False,False,True
Trirong-Medium,206,ฮ,False,False,True,False,False,True
Trirong-Medium,207,ฯ,False,False,True,False,False,True
Trirong-Medium,209,ั,True,True,True,False,False,True
Trirong-Medium,210,า,False,False,True,False,False,True
Trirong-Medium,212,ิ,True,True,True,False,False,True
Trirong-Medium,213,ี,True,True,True,False,False,True
Trirong-Medium,214,ึ,True,True,True,False,False,True
Trirong-Medium,215,ื,True,True,True,False,False,True
Trirong-Medium,216,ุ,True,False,True,False,False,True
Trirong-Medium,217,ู,True,False,True,False,False,True
Trirong-Medium,224,เ,False,False,True,False,False,True
Trirong-Medium,225,แ,False,False,True,False,False,True
Trirong-Medium,226,โ,False,False,True,False,False,True
Trirong-Medium,227,ใ,False,False,True,False,False,True
Trirong-Medium,228,ไ,False,False,True,False,False,True
Trirong-Medium,229,ๅ,False,False,True,False,False,True
Trirong-Medium,230,ๆ,False,False,True,False,False,True
Trirong-Medium,231,็,True,True,True,False,False,True
Trirong-Medium,232,่,True,True,True,False,False,True
Trirong-Medium,233,้,True,True,True,False,False,True
Trirong-Medium,234,๊,True,True,True,False,False,True
Trirong-Medium,236,์,True,True,True,False,False,True
Trirong-Medium,240,๐,False,False,True,False,False,True
Trirong-Medium,241,๑,False,False,True,False,False,True
Trirong-Medium,242,๒,False,False,True,False,False,True
Trirong-Medium,243,๓,False,False,True,False,False,True
Trirong-Medium,244,๔,False,False,True,False,False,True
Trirong-Medium,245,๕,False,False,True,False,False,True
Trirong-Medium,246,๖,False,False,True,False,False,True
Trirong-Medium,247,๗,False,False,True,False,False,True
Trirong-Medium,248,๘,False,False,True,False,False,True
Trirong-Medium,249,๙,False,False,True,False,False,True
Trirong-Regular,161,ก,False,False,True,False,False,True
Trirong-Regular,162,ข,False,False,True,False,False,True
Trirong-Regular,163,ฃ,False,False,True,False,False,True
Trirong-Regular,164,ค,False,False,True,False,False,True
Trirong-Regular,167,ง,False,False,True,False,False,True
Trirong-Regular,168,จ,False,False,True,False,False,True
Trirong-Regular,169,ฉ,False,False,True,False,False,True
Trirong-Regular,170,ช,False,False,True,False,False,True
Trirong-Regular,171,ซ,False,False,True,False,False,True
Trirong-Regular,173,ญ,False,False,True,False,False,True
Trirong-Regular,175,ฏ,False,False,True,False,False,True
Trirong-Regular,176,ฐ,False,False,True,False,False,True
Trirong-Regular,177,ฑ,False,False,True,False,False,True
Trirong-Regular,178,ฒ,False,False,True,False,False,True
Trirong-Regular,179,ณ,False,False,True,False,False,True
Trirong-Regular,180,ด,False,False,True,False,False,True
Trirong-Regular,181,ต,False,False,True,False,False,True
Trirong-Regular,182,ถ,False,False,True,False,False,True
Trirong-Regular,183,ท,False,False,True,False,False,True
Trirong-Regular,184,ธ,False,False,True,False,False,True
Trirong-Regular,185,น,False,False,True,False,False,True
Trirong-Regular,186,บ,False,False,True,False,False,True
Trirong-Regular,187,ป,False,False,True,False,False,True
Trirong-Regular,188,ผ,False,False,True,False,False,True
Trirong-Regular,189,ฝ,False,False,True,False,False,True
Trirong-Regular,190,พ,False,False,True,False,False,True
Trirong-Regular,191,ฟ,False,False,True,False,False,True
Trirong-Regular,192,ภ,False,False,True,False,False,True
Trirong-Regular,193,ม,False,False,True,False,False,True
Trirong-Regular,194,ย,False,False,True,False,False,True
Trirong-Regular,195,ร,False,False,True,False,False,True
Trirong-Regular,196,ฤ,False,False,True,False,False,True
Trirong-Regular,197,ล,False,False,True,False,False,True
Trirong-Regular,199,ว,False,False,True,False,False,True
Trirong-Regular,200,ศ,False,False,True,False,False,True
Trirong-Regular,201,ษ,False,False,True,False,False,True
Trirong-Regular,202,ส,False,False,True,False,False,True
Trirong-Regular,203,ห,False,False,True,False,False,True
Trirong-Regular,204,ฬ,False,False,True,False,False,True
Trirong-Regular,205,อ,False,False,True,False,False,True
Trirong-Regular,206,ฮ,False,False,True,False,False,True
Trirong-Regular,207,ฯ,False,False,True,False,False,True
Trirong-Regular,209,ั,True,True,True,False,False,True
Trirong-Regular,210,า,False,False,True,False,False,True
Trirong-Regular,212,ิ,True,True,True,False,False,True
Trirong-Regular,213,ี,True,True,True,False,False,True
Trirong-Regular,214,ึ,True,True,True,False,False,True
Trirong-Regular,215,ื,True,True,True,False,False,True
Trirong-Regular,216,ุ,True,False,True,False,False,True
Trirong-Regular,217,ู,True,False,True,False,False,True
Trirong-Regular,224,เ,False,False,True,False,False,True
Trirong-Regular,225,แ,False,False,True,False,False,True
Trirong-Regular,226,โ,False,False,True,False,False,True
Trirong-Regular,227,ใ,False,False,True,False,False,True
Trirong-Regular,228,ไ,False,False,True,False,False,True
Trirong-Regular,229,ๅ,False,False,True,False,False,True
Trirong-Regular,230,ๆ,False,False,True,False,False,True
Trirong-Regular,231,็,True,True,True,False,False,True
Trirong-Regular,232,่,True,True,True,False,False,True
Trirong-Regular,233,้,True,True,True,False,False,True
Trirong-Regular,234,๊,True,True,True,False,False,True
Trirong-Regular,236,์,True,True,True,False,False,True
Trirong-Regular,240,๐,False,False,True,False,False,True
Trirong-Regular,241,๑,False,False,True,False,False,True
Trirong-Regular,242,๒,False,False,True,False,False,True
Trirong-Regular,243,๓,False,False,True,False,False,True
Trirong-Regular,244,๔,False,False,True,False,False,True
Trirong-Regular,245,๕,False,False,True,False,False,True
Trirong-Regular,246,๖,False,False,True,False,False,True
Trirong-Regular,247,๗,False,False,True,False,False,True
Trirong-Regular,248,๘,False,False,True,False,False,True
Trirong-Regular,249,๙,False,False,True,False,False,True
Trirong-SemiBold,161,ก,False,False,True,False,False,True
Trirong-SemiBold,162,ข,False,False,True,False,False,True
Trirong-SemiBold,163,ฃ,False,False,True,False,False,True
Trirong-SemiBold,164,ค,False,False,True,False,False,True
Trirong-SemiBold,167,ง,False,False,True,False,False,True
Trirong-SemiBold,168,จ,False,False,True,False,False,True
Trirong-SemiBold,169,ฉ,False,False,True,False,False,True
Trirong-SemiBold,170,ช,False,False,True,False,False,True
Trirong-SemiBold,171,ซ,False,False,True,False,False,True
Trirong-SemiBold,173,ญ,False,False,True,False,False,True
Trirong-SemiBold,175,ฏ,False,False,True,False,False,True
Trirong-SemiBold,176,ฐ,False,False,True,False,False,True
Trirong-SemiBold,177,ฑ,False,False,True,False,False,True
Trirong-SemiBold,178,ฒ,False,False,True,False,False,True
Trirong-SemiBold,179,ณ,False,False,True,False,False,True
Trirong-SemiBold,180,ด,False,False,True,False,False,True
Trirong-SemiBold,181,ต,False,False,True,False,False,True
Trirong-SemiBold,182,ถ,False,False,True,False,False,True
Trirong-SemiBold,183,ท,False,False,True,False,False,True
Trirong-SemiBold,184,ธ,False,False,True,False,False,True
Trirong-SemiBold,185,น,False,False,True,False,False,True
Trirong-SemiBold,186,บ,False,False,True,False,False,True
Trirong-SemiBold,187,ป,False,False,True,False,False,True
Trirong-SemiBold,188,ผ,False,False,True,False,False,True
Trirong-SemiBold,189,ฝ,False,False,True,False,False,True
Trirong-SemiBold,190,พ,False,False,True,False,False,True
Trirong-SemiBold,191,ฟ,False,False,True,False,False,True
Trirong-SemiBold,192,ภ,False,False,True,False,False,True
Trirong-SemiBold,193,ม,False,False,True,False,False,True
Trirong-SemiBold,194,ย,False,False,True,False,False,True
Trirong-SemiBold,195,ร,False,False,True,False,False,True
Trirong-SemiBold,196,ฤ,False,False,True,False,False,True
Trirong-SemiBold,197,ล,False,False,True,False,False,True
Trirong-SemiBold,199,ว,False,False,True,False,False,True
Trirong-SemiBold,200,ศ,False,False,True,False,False,True
Trirong-SemiBold,201,ษ,False,False,True,False,False,True
Trirong-SemiBold,202,ส,False,False,True,False,False,True
Trirong-SemiBold,203,ห,False,False,True,False,False,True
Trirong-SemiBold,204,ฬ,False,False,True,False,False,True
Trirong-SemiBold,205,อ,False,False,True,False,False,True
Trirong-SemiBold,206,ฮ,False,False,True,False,False,True
Trirong-SemiBold,207,ฯ,False,False,True,False,False,True
Trirong-SemiBold,209,ั,True,True,True,False,False,True
Trirong-SemiBold,210,า,False,False,True,False,False,True
Trirong-SemiBold,212,ิ,True,True,True,False,False,True
Trirong-SemiBold,213,ี,True,True,True,False,False,True
Trirong-SemiBold,214,ึ,True,True,True,False,False,True
Trirong-SemiBold,215,ื,True,True,True,False,False,True
Trirong-SemiBold,216,ุ,True,False,True,False,False,True
Trirong-SemiBold,217,ู,True,False,True,False,False,True
Trirong-SemiBold,224,เ,False,False,True,False,False,True
Trirong-SemiBold,225,แ,False,False,True,False,False,True
Trirong-SemiBold,226,โ,False,False,True,False,False,True
Trirong-SemiBold,227,ใ,False,False,True,False,False,True
Trirong-SemiBold,228,ไ,False,False,True,False,False,True
Trirong-SemiBold,229,ๅ,False,False,True,False,False,True
Trirong-SemiBold,230,ๆ,False,False,True,False,False,True
Trirong-SemiBold,231,็,True,True,True,False,False,True
Trirong-SemiBold,232,่,True,True,True,False,False,True
Trirong-SemiBold,233,้,True,True,True,False,False,True
Trirong-SemiBold,234,๊,True,True,True,False,False,True
Trirong-SemiBold,236,์,True,True,True,False,False,True
Trirong-SemiBold,240,๐,False,False,True,False,False,True
Trirong-SemiBold,241,๑,False,False,True,False,False,True
Trirong-SemiBold,242,๒,False,False,True,False,False,True
Trirong-SemiBold,243,๓,False,False,True,False,False,True
Trirong-SemiBold,244,๔,False,False,True,False,False,True
Trirong-SemiBold,245,๕,False,False,True,False,False,True
Trirong-SemiBold,246,๖,False,False,True,False,False,True
Trirong-SemiBold,247,๗,False,False,True,False,False,True
Trirong-SemiBold,248,๘,False,False,True,False,False,True
Trirong-SemiBold,249,๙,False,False,True,False,False,True
Trirong-Thin,161,ก,False,False,True,False,False,True
Trirong-Thin,162,ข,False,False,True,False,False,True
Trirong-Thin,163,ฃ,False,False,True,False,False,True
Trirong-Thin,164,ค,False,False,True,False,False,True
Trirong-Thin,167,ง,False,False,True,False,False,True
Trirong-Thin,168,จ,False,False,True,False,False,True
Trirong-Thin,169,ฉ,False,False,True,False,False,True
Trirong-Thin,170,ช,False,False,True,False,False,True
Trirong-Thin,171,ซ,False,False,True,False,False,True
Trirong-Thin,173,ญ,False,False,True,False,False,True
Trirong-Thin,175,ฏ,False,False,True,False,False,True
Trirong-Thin,176,ฐ,False,False,True,False,False,True
Trirong-Thin,177,ฑ,False,False,True,False,False,True
Trirong-Thin,178,ฒ,False,False,True,False,False,True
Trirong-Thin,179,ณ,False,False,True,False,False,True
Trirong-Thin,180,ด,False,False,True,False,False,True
Trirong-Thin,181,ต,False,False,True,False,False,True
Trirong-Thin,182,ถ,False,False,True,False,False,True
Trirong-Thin,183,ท,False,False,True,False,False,True
Trirong-Thin,184,ธ,False,False,True,False,False,True
Trirong-Thin,185,น,False,False,True,False,False,True
Trirong-Thin,186,บ,False,False,True,False,False,True
Trirong-Thin,187,ป,False,False,True,False,False,True
Trirong-Thin,188,ผ,False,False,True,False,False,True
Trirong-Thin,189,ฝ,False,False,True,False,False,True
Trirong-Thin,190,พ,False,False,True,False,False,True
Trirong-Thin,191,ฟ,False,False,True,False,False,True
Trirong-Thin,192,ภ,False,False,True,False,False,True
Trirong-Thin,193,ม,False,False,True,False,False,True
Trirong-Thin,194,ย,False,False,True,False,False,True
Trirong-Thin,195,ร,False,False,True,False,False,True
Trirong-Thin,196,ฤ,False,False,True,False,False,True
Trirong-Thin,197,ล,False,False,True,False,False,True
Trirong-Thin,199,ว,False,False,True,False,False,True
Trirong-Thin,200,ศ,False,False,True,False,False,True
Trirong-Thin,201,ษ,False,False,True,False,False,True
Trirong-Thin,202,ส,False,False,True,False,False,True
Trirong-Thin,203,ห,False,False,True,False,False,True
Trirong-Thin,204,ฬ,False,False,True,False,False,True
Trirong-Thin,205,อ,False,False,True,False,False,True
Trirong-Thin,206,ฮ,False,False,True,False,False,True
Trirong-Thin,207,ฯ,False,False,True,False,False,True
Trirong-Thin,209,ั,True,True,True,False,False,True
Trirong-Thin,210,า,False,False,True,False,False,True
Trirong-Thin,212,ิ,True,True,True,False,False,True
Trirong-Thin,213,ี,True,True,True,False,False,True
Trirong-Thin,214,ึ,True,True,True,False,False,True
Trirong-Thin,215,ื,True,True,True,False,False,True
Trirong-Thin,216,ุ,True,False,True,False,False,True
Trirong-Thin,217,ู,True,False,True,False,False,True
Trirong-Thin,224,เ,False,False,True,False,False,True
Trirong-Thin,225,แ,False,False,True,False,False,True
Trirong-Thin,226,โ,False,False,True,False,False,True
Trirong-Thin,227,ใ,False,False,True,False,False,True
Trirong-Thin,228,ไ,False,False,True,False,False,True
Trirong-Thin,229,ๅ,False,False,True,False,False,True
Trirong-Thin,230,ๆ,False,False,True,False,False,True
Trirong-Thin,231,็,True,True,True,False,False,True
Trirong-Thin,232,่,True,True,True,False,False,True
Trirong-Thin,233,้,True,True,True,False,False,True
Trirong-Thin,234,๊,True,True,True,False,False,True
Trirong-Thin,236,์,True,True,True,False,False,True
Trirong-Thin,240,๐,False,False,True,False,False,True
Trirong-Thin,241,๑,False,False,True,False,False,True
Trirong-Thin,242,๒,False,False,True,False,False,True
Trirong-Thin,243,๓,False,False,True,False,False,True
Trirong-Thin,244,๔,False,False,True,False,False,True
Trirong-Thin,245,๕,False,False,True,False,False,True
Trirong-Thin,246,๖,False,False,True,False,False,True
Trirong-Thin,247,๗,False,False,True,False,False,True
Trirong-Thin,248,๘,False,False,True,False,False,True
Trirong-Thin,249,๙,False,False,True,False,False,True
leelawad,161,ก,False,False,True,False,False,True
leelawad,162,ข,False,False,True,False,False,True
leelawad,163,ฃ,False,False,True,False,False,True
leelawad,164,ค,False,False,True,False,False,True
leelawad,167,ง,False,False,True,False,False,True
leelawad,168,จ,False,False,True,False,False,True
leelawad,169,ฉ,False,False,True,False,False,True
leelawad,170,ช,False,False,True,False,False,True
leelawad,171,ซ,False,False,True,False,False,True
leelawad,173,ญ,False,False,True,False,False,True
leelawad,175,ฏ,False,False,True,False,False,True
leelawad,176,ฐ,False,False,True,False,False,True
leelawad,177,ฑ,False,False,True,False,False,True
leelawad,178,ฒ,False,False,True,False,False,True
leelawad,179,ณ,False,False,True,False,False,True
leelawad,180,ด,False,False,True,False,False,True
leelawad,181,ต,False,False,True,False,False,True
leelawad,182,ถ,False,False,True,False,False,True
leelawad,183,ท,False,False,True,False,False,True
leelawad,184,ธ,False,False,True,False,False,True
leelawad,185,น,False,False,True,False,False,True
leelawad,186,บ,False,False,True,False,False,True
leelawad,187,ป,False,False,True,False,False,True
leelawad,188,ผ,False,False,True,False,False,True
leelawad,189,ฝ,False,False,True,False,False,True
leelawad,190,พ,False,False,True,False,False,True
leelawad,191,ฟ,False,False,True,False,False,True
leelawad,192,ภ,False,False,True,False,False,True
leelawad,193,ม,False,False,True,False,False,True
leelawad,194,ย,False,False,True,False,False,True
leelawad,195,ร,False,False,True,False,False,True
leelawad,196,ฤ,False,False,True,False,False,True
leelawad,197,ล,False,False,True,False,False,True
leelawad,199,ว,False,False,True,False,False,True
leelawad,200,ศ,False,False,True,False,False,True
leelawad,201,ษ,False,False,True,False,False,True
leelawad,202,ส,False,False,True,False,False,True
leelawad,203,ห,False,False,True,False,False,True
leelawad,204,ฬ,False,False,True,False,False,True
leelawad,205,อ,False,False,True,False,False,True
leelawad,206,ฮ,False,False,True,False,False,True
leelawad,207,ฯ,False,False,True,False,False,True
leelawad,209,ั,True,True,True,False,False,True
leelawad,210,า,False,False,True,False,False,True
leelawad,212,ิ,True,True,True,False,False,True
leelawad,213,ี,True,True,True,False,False,True
leelawad,214,ึ,True,True,True,False,False,True
leelawad,215,ื,True,True,True,False,False,True
leelawad,216,ุ,True,False,True,False,False,True
leelawad,217,ู,True,False,True,False,False,True
leelawad,224,เ,False,False,True,False,False,True
leelawad,225,แ,False,False,True,False,False,True
leelawad,226,โ,False,False,True,False,False,True
leelawad,227,ใ,False,False,True,False,False,True
leelawad,228,ไ,False,False,True,False,False,True
leelawad,229,ๅ,False,False,True,False,False,True
leelawad,230,ๆ,False,False,True,False,False,True
leelawad,231,็,True,True,True,False,False,True
leelawad,232,่,True,True,True,False,False,True
leelawad,233,้,True,True,True,False,False,True
leelawad,234,๊,True,True,True,False,False,True
leelawad,236,์,True,True,True,False,False,True
leelawad,240,๐,False,False,True,False,False,True
leelawad,241,๑,False,False,True,False,False,True
leelawad,242,๒,False,False,True,False,False,True
leelawad,243,๓,False,False,True,False,False,True
leelawad,244,๔,False,False,True,False,False,True
leelawad,245,๕,False,False,True,False,False,True
leelawad,246,๖,False,False,True,False,False,True
leelawad,247,๗,False,False,True,False,False,True
leelawad,248,๘,False,False,True,False,False,True
leelawad,249,๙,False,False,True,False,False,True
leelawdb,161,ก,False,False,True,False,False,True
leelawdb,162,ข,False,False,True,False,False,True
leelawdb,163,ฃ,False,False,True,False,False,True
leelawdb,164,ค,False,False,True,False,False,True
leelawdb,167,ง,False,False,True,False,False,True
leelawdb,168,จ,False,False,True,False,False,True
leelawdb,169,ฉ,False,False,True,False,False,True
leelawdb,170,ช,False,False,True,False,False,True
leelawdb,171,ซ,False,False,True,False,False,True
leelawdb,173,ญ,False,False,True,False,False,True
leelawdb,175,ฏ,False,False,True,False,False,True
leelawdb,176,ฐ,False,False,True,False,False,True
leelawdb,177,ฑ,False,False,True,False,False,True
leelawdb,178,ฒ,False,False,True,False,False,True
leelawdb,179,ณ,False,False,True,False,False,True
leelawdb,180,ด,False,False,True,False,False,True
leelawdb,181,ต,False,False,True,False,False,True
leelawdb,182,ถ,False,False,True,False,False,True
leelawdb,183,ท,False,False,True,False,False,True
leelawdb,184,ธ,False,False,True,False,False,True
leelawdb,185,น,False,False,True,False,False,True
leelawdb,186,บ,False,False,True,False,False,True
leelawdb,187,ป,False,False,True,False,False,True
leelawdb,188,ผ,False,False,True,False,False,True
leelawdb,189,ฝ,False,False,True,False,False,True
leelawdb,190,พ,False,False,True,False,False,True
leelawdb,191,ฟ,False,False,True,False,False,True
leelawdb,192,ภ,False,False,True,False,False,True
leelawdb,193,ม,False,False,True,False,False,True
leelawdb,194,ย,False,False,True,False,False,True
leelawdb,195,ร,False,False,True,False,False,True
leelawdb,196,ฤ,False,False,True,False,False,True
leelawdb,197,ล,False,False,True,False,False,True
leelawdb,199,ว,False,False,True,False,False,True
leelawdb,200,ศ,False,False,True,False,False,True
leelawdb,201,ษ,False,False,True,False,False,True
leelawdb,202,ส,False,False,True,False,False,True
leelawdb,203,ห,False,False,True,False,False,True
leelawdb,204,ฬ,False,False,True,False,False,True
leelawdb,205,อ,False,False,True,False,False,True
leelawdb,206,ฮ,False,False,True,False,False,True
leelawdb,207,ฯ,False,False,True,False,False,True
leelawdb,209,ั,True,True,True,False,False,True
leelawdb,210,า,False,False,True,False,False,True
leelawdb,212,ิ,True,True,True,False,False,True
leelawdb,213,ี,True,True,True,False,False,True
leelawdb,214,ึ,True,True,True,False,False,True
leelawdb,215,ื,True,True,True,False,False,True
leelawdb,216,ุ,True,False,True,False,False,True
leelawdb,217,ู,True,False,True,False,False,True
leelawdb,224,เ,False,False,True,False,False,True
leelawdb,225,แ,False,False,True,False,False,True
leelawdb,226,โ,False,False,True,False,False,True
leelawdb,227,ใ,False,False,True,False,False,True
leelawdb,228,ไ,False,False,True,False,False,True
leelawdb,229,ๅ,False,False,True,False,False,True
leelawdb,230,ๆ,False,False,True,False,False,True
leelawdb,231,็,True,True,True,False,False,True
leelawdb,232,่,True,True,True,False,False,True
leelawdb,233,้,True,True,True,False,False,True
leelawdb,234,๊,True,True,True,False,False,True
leelawdb,236,์,True,True,True,False,False,True
leelawdb,240,๐,False,False,True,False,False,True
leelawdb,241,๑,False,False,True,False,False,True
leelawdb,242,๒,False,False,True,False,False,True
leelawdb,243,๓,False,False,True,False,False,True
leelawdb,244,๔,False,False,True,False,False,True
leelawdb,245,๕,False,False,True,False,False,True
leelawdb,246,๖,False,False,True,False,False,True
leelawdb,247,๗,False,False,True,False,False,True
leelawdb,248,๘,False,False,True,False,False,True
leelawdb,249,๙,False,False,True,False,False,True
tahoma,161,ก,False,False,True,False,False,True
tahoma,162,ข,False,False,True,False,False,True
tahoma,163,ฃ,False,False,True,False,False,True
tahoma,164,ค,False,False,True,False,False,True
tahoma,167,ง,False,False,True,False,False,True
tahoma,168,จ,False,False,True,False,False,True
tahoma,169,ฉ,False,False,True,False,False,True
tahoma,170,ช,False,False,True,False,False,True
tahoma,171,ซ,False,False,True,False,False,True
tahoma,173,ญ,False,False,True,False,False,True
tahoma,175,ฏ,False,False,True,False,False,True
tahoma,176,ฐ,False,False,True,False,False,True
tahoma,177,ฑ,False,False,True,False,False,True
tahoma,178,ฒ,False,False,True,False,False,True
tahoma,179,ณ,False,False,True,False,False,True
tahoma,180,ด,False,False,True,False,False,True
tahoma,181,ต,False,False,True,False,False,True
tahoma,182,ถ,False,False,True,False,False,True
tahoma,183,ท,False,False,True,False,False,True
tahoma,184,ธ,False,False,True,False,False,True
tahoma,185,น,False,False,True,False,False,True
tahoma,186,บ,False,False,True,False,False,True
tahoma,187,ป,False,False,True,False,False,True
tahoma,188,ผ,False,False,True,False,False,True
tahoma,189,ฝ,False,False,True,False,False,True
tahoma,190,พ,False,False,True,False,False,True
tahoma,191,ฟ,False,False,True,False,False,True
tahoma,192,ภ,False,False,True,False,False,True
tahoma,193,ม,False,False,True,False,False,True
tahoma,194,ย,False,False,True,False,False,True
tahoma,195,ร,False,False,True,False,False,True
tahoma,196,ฤ,False,False,True,False,False,True
tahoma,197,ล,False,False,True,False,False,True
tahoma,199,ว,False,False,True,False,False,True
tahoma,200,ศ,False,False,True,False,False,True
tahoma,201,ษ,False,False,True,False,False,True
tahoma,202,ส,False,False,True,False,False,True
tahoma,203,ห,False,False,True,False,False,True
tahoma,204,ฬ,False,False,True,False,False,True
tahoma,205,อ,False,False,True,False,False,True
tahoma,206,ฮ,False,False,True,False,False,True
tahoma,207,ฯ,False,False,True,False,False,True
tahoma,209,ั,True,True,True,False,False,True
tahoma,210,า,False,False,True,False,False,True
tahoma,212,ิ,True,True,True,False,False,True
tahoma,213,ี,True,True,True,False,False,True
tahoma,214,ึ,True,True,True,False,False,True
tahoma,215,ื,True,True,True,False,False,True
tahoma,216,ุ,True,False,True,False,False,True
tahoma,217,ู,True,False,True,False,False,True
tahoma,224,เ,False,False,True,False,False,True
tahoma,225,แ,False,False,True,False,False,True
tahoma,226,โ,False,False,True,False,False,True
tahoma,227,ใ,False,False,True,False,False,True
tahoma,228,ไ,False,False,True,False,False,True
tahoma,229,ๅ,False,False,True,False,False,True
tahoma,230,ๆ,False,False,True,False,False,True
tahoma,231,็,True,True,True,False,False,True
tahoma,232,่,True,True,True,False,False,True
tahoma,233,้,True,True,True,False,False,True
tahoma,234,๊,True,True,True,False,False,True
tahoma,236,์,True,True,True,False,False,True
tahoma,240,๐,False,False,True,False,False,True
tahoma,241,๑,False,False,True,False,False,True
tahoma,242,๒,False,False,True,False,False,True
tahoma,243,๓,False,False,True,False,False,True
tahoma,244,๔,False,False,True,False,False,True
tahoma,245,๕,False,False,True,False,False,True
tahoma,246,๖,False,False,True,False,False,True
tahoma,247,๗,False,False,True,False,False,True
tahoma,248,๘,False,False,True,False,False,True
tahoma,249,๙,False,False,True,False,False,True
tahomabd,161,ก,False,False,True,False,False,True
tahomabd,162,ข,False,False,True,False,False,True
tahomabd,163,ฃ,False,False,True,False,False,True
tahomabd,164,ค,False,False,True,False,False,True
tahomabd,167,ง,False,False,True,False,False,True
tahomabd,168,จ,False,False,True,False,False,True
tahomabd,169,ฉ,False,False,True,False,False,True
tahomabd,170,ช,False,False,True,False,False,True
tahomabd,171,ซ,False,False,True,False,False,True
tahomabd,173,ญ,False,False,True,False,False,True
tahomabd,175,ฏ,False,False,True,False,False,True
tahomabd,176,ฐ,False,False,True,False,False,True
tahomabd,177,ฑ,False,False,True,False,False,True
tahomabd,178,ฒ,False,False,True,False,False,True
tahomabd,179,ณ,False,False,True,False,False,True
tahomabd,180,ด,False,False,True,False,False,True
tahomabd,181,ต,False,False,True,False,False,True
tahomabd,182,ถ,False,False,True,False,False,True
tahomabd,183,ท,False,False,True,False,False,True
tahomabd,184,ธ,False,False,True,False,False,True
tahomabd,185,น,False,False,True,False,False,True
tahomabd,186,บ,False,False,True,False,False,True
tahomabd,187,ป,False,False,True,False,False,True
tahomabd,188,ผ,False,False,True,False,False,True
tahomabd,189,ฝ,False,False,True,False,False,True
tahomabd,190,พ,False,False,True,False,False,True
tahomabd,191,ฟ,False,False,True,False,False,True
tahomabd,192,ภ,False,False,True,False,False,True
tahomabd,193,ม,False,False,True,False,False,True
tahomabd,194,ย,False,False,True,False,False,True
tahomabd,195,ร,False,False,True,False,False,True
tahomabd,196,ฤ,False,False,True,False,False,True
tahomabd,197,ล,False,False,True,False,False,True
tahomabd,199,ว,False,False,True,False,False,True
tahomabd,200,ศ,False,False,True,False,False,True
tahomabd,201,ษ,False,False,True,False,False,True
tahomabd,202,ส,False,False,True,False,False,True
tahomabd,203,ห,False,False,True,False,False,True
tahomabd,204,ฬ,False,False,True,False,False,True
tahomabd,205,อ,False,False,True,False,False,True
tahomabd,206,ฮ,False,False,True,False,False,True
tahomabd,207,ฯ,False,False,True,False,False,True
tahomabd,209,ั,True,True,True,False,False,True
tahomabd,210,า,False,False,True,False,False,True
tahomabd,212,ิ,True,True,True,False,False,True
tahomabd,213,ี,True,True,True,False,False,True
tahomabd,214,ึ,True,True,True,False,False,True
tahomabd,215,ื,True,True,True,False,False,True
tahomabd,216,ุ,True,False,True,False,False,True
tahomabd,217,ู,True,False,True,False,False,True
tahomabd,224,เ,False,False,True,False,False,True
tahomabd,225,แ,False,False,True,False,False,True
tahomabd,226,โ,False,False,True,False,False,True
tahomabd,227,ใ,False,False,True,False,False,True
tahomabd,228,ไ,False,False,True,False,False,True
tahomabd,229,ๅ,False,False,True,False,False,True
tahomabd,230,ๆ,False,False,True,False,False,True
tahomabd,231,็,True,True,True,False,False,True
tahomabd,232,่,True,True,True,False,False,True
tahomabd,233,้,True,True,True,False,False,True
tahomabd,234,๊,True,True,True,False,False,True
tahomabd,236,์,True,True,True,False,False,True
tahomabd,240,๐,False,False,True,False,False,True
tahomabd,241,๑,False,False,True,False,False,True
tahomabd,242,๒,False,False,True,False,False,True
tahomabd,243,๓,False,False,True,False,False,True
tahomabd,244,๔,False,False,True,False,False,True
tahomabd,245,๕,False,False,True,False,False,True
tahomabd,246,๖,False,False,True,False,False,True
tahomabd,247,๗,False,False,True,False,False,True
tahomabd,248,๘,False,False,True,False,False,True
tahomabd,249,๙,False,False,True,False,False,True
upcdb,161,ก,False,False,True,False,False,True
upcdb,162,ข,False,False,True,False,False,True
upcdb,163,ฃ,False,False,True,False,False,True
upcdb,164,ค,False,False,True,False,False,True
upcdb,167,ง,False,False,True,False,False,True
upcdb,168,จ,False,False,True,False,False,True
upcdb,169,ฉ,False,False,True,False,False,True
upcdb,170,ช,False,False,True,False,False,True
upcdb,171,ซ,False,False,True,False,False,True
upcdb,173,ญ,False,False,True,False,False,True
upcdb,175,ฏ,False,False,True,False,False,True
upcdb,176,ฐ,False,False,True,False,False,True
upcdb,177,ฑ,False,False,True,False,False,True
upcdb,178,ฒ,False,False,True,False,False,True
upcdb,179,ณ,False,False,True,False,False,True
upcdb,180,ด,False,False,True,False,False,True
upcdb,181,ต,False,False,True,False,False,True
upcdb,182,ถ,False,False,True,False,False,True
upcdb,183,ท,False,False,True,False,False,True
upcdb,184,ธ,False,False,True,False,False,True
upcdb,185,น,False,False,True,False,False,True
upcdb,186,บ,False,False,True,False,False,True
upcdb,187,ป,False,False,True,False,False,True
upcdb,188,ผ,False,False,True,False,False,True
upcdb,189,ฝ,False,False,True,False,False,True
upcdb,190,พ,False,False,True,False,False,True
upcdb,191,ฟ,False,False,True,False,False,True
upcdb,192,ภ,False,False,True,False,False,True
upcdb,193,ม,False,False,True,False,False,True
upcdb,194,ย,False,False,True,False,False,True
upcdb,195,ร,False,False,True,False,False,True
upcdb,196,ฤ,False,False,True,False,False,True
upcdb,197,ล,False,False,True,False,False,True
upcdb,199,ว,False,False,True,False,False,True
upcdb,200,ศ,False,False,True,False,False,True
upcdb,201,ษ,False,False,True,False,False,True
upcdb,202,ส,False,False,True,False,False,True
upcdb,203,ห,False,False,True,False,False,True
upcdb,204,ฬ,False,False,True,False,False,True
upcdb,205,อ,False,False,True,False,False,True
upcdb,206,ฮ,False,False,True,False,False,True
upcdb,207,ฯ,False,False,True,False,False,True
upcdb,209,ั,True,True,True,False,False,True
upcdb,210,า,False,False,True,False,False,True
upcdb,212,ิ,True,True,True,False,False,True
upcdb,213,ี,True,True,True,False,False,True
upcdb,214,ึ,True,True,True,False,False,True
upcdb,215,ื,True,True,True,False,False,True
upcdb,216,ุ,True,False,True,False,False,True
upcdb,217,ู,True,False,True,False,False,True
upcdb,224,เ,False,False,True,False,False,True
upcdb,225,แ,False,False,True,False,False,True
upcdb,226,โ,False,False,True,False,False,True
upcdb,227,ใ,False,False,True,False,False,True
upcdb,228,ไ,False,False,True,False,False,True
upcdb,229,ๅ,False,False,True,False,False,True
upcdb,230,ๆ,False,False,True,False,False,True
upcdb,231,็,True,True,True,False,False,True
upcdb,232,่,True,True,True,False,False,True
upcdb,233,้,True,True,True,False,False,True
upcdb,234,๊,True,True,True,False,False,True
upcdb,236,์,True,True,True,False,False,True
upcdb,240,๐,False,False,True,False,False,True
upcdb,241,๑,False,False,True,False,False,True
upcdb,242,๒,False,False,True,False,False,True
upcdb,243,๓,False,False,True,False,False,True
upcdb,244,๔,False,False,True,False,False,True
upcdb,245,๕,False,False,True,False,False,True
upcdb,246,๖,False,False,True,False,False,True
upcdb,247,๗,False,False,True,False,False,True
upcdb,248,๘,False,False,True,False,False,True
upcdb,249,๙,False,False,True,False,False,True
upcdbi,161,ก,False,False,True,False,False,True
upcdbi,162,ข,False,False,True,False,False,True
upcdbi,163,ฃ,False,False,True,False,False,True
upcdbi,164,ค,False,False,True,False,False,True
upcdbi,167,ง,False,False,True,False,False,True
upcdbi,168,จ,False,False,True,False,False,True
upcdbi,169,ฉ,False,False,True,False,False,True
upcdbi,170,ช,False,False,True,False,False,True
upcdbi,171,ซ,False,False,True,False,False,True
upcdbi,173,ญ,False,False,True,False,False,True
upcdbi,175,ฏ,False,False,True,False,False,True
upcdbi,176,ฐ,False,False,True,False,False,True
upcdbi,177,ฑ,False,False,True,False,False,True
upcdbi,178,ฒ,False,False,True,False,False,True
upcdbi,179,ณ,False,False,True,False,False,True
upcdbi,180,ด,False,False,True,False,False,True
upcdbi,181,ต,False,False,True,False,False,True
upcdbi,182,ถ,False,False,True,False,False,True
upcdbi,183,ท,False,False,True,False,False,True
upcdbi,184,ธ,False,False,True,False,False,True
upcdbi,185,น,False,False,True,False,False,True
upcdbi,186,บ,False,False,True,False,False,True
upcdbi,187,ป,False,False,True,False,False,True
upcdbi,188,ผ,False,False,True,False,False,True
upcdbi,189,ฝ,False,False,True,False,False,True
upcdbi,190,พ,False,False,True,False,False,True
upcdbi,191,ฟ,False,False,True,False,False,True
upcdbi,192,ภ,False,False,True,False,False,True
upcdbi,193,ม,False,False,True,False,False,True
upcdbi,194,ย,False,False,True,False,False,True
upcdbi,195,ร,False,False,True,False,False,True
upcdbi,196,ฤ,False,False,True,False,False,True
upcdbi,197,ล,False,False,True,False,False,True
upcdbi,199,ว,False,False,True,False,False,True
upcdbi,200,ศ,False,False,True,False,False,True
upcdbi,201,ษ,False,False,True,False,False,True
upcdbi,202,ส,False,False,True,False,False,True
upcdbi,203,ห,False,False,True,False,False,True
upcdbi,204,ฬ,False,False,True,False,False,True
upcdbi,205,อ,False,False,True,False,False,True
upcdbi,206,ฮ,False,False,True,False,False,True
upcdbi,207,ฯ,False,False,True,False,False,True
upcdbi,209,ั,True,True,True,False,False,True
upcdbi,210,า,False,False,True,False,False,True
upcdbi,212,ิ,True,True,True,False,False,True
upcdbi,213,ี,True,True,True,False,False,True
upcdbi,214,ึ,True,True,True,False,False,True
upcdbi,215,ื,True,True,True,False,False,True
upcdbi,216,ุ,True,False,True,False,False,True
upcdbi,217,ู,True,False,True,False,False,True
upcdbi,224,เ,False,False,True,False,False,True
upcdbi,225,แ,False,False,True,False,False,True
upcdbi,226,โ,False,False,True,False,False,True
upcdbi,227,ใ,False,False,True,False,False,True
upcdbi,228,ไ,False,False,True,False,False,True
upcdbi,229,ๅ,False,False,True,False,False,True
upcdbi,230,ๆ,False,False,True,False,False,True
upcdbi,231,็,True,True,True,False,False,True
upcdbi,232,่,True,True,True,False,False,True
upcdbi,233,้,True,True,True,False,False,True
upcdbi,234,๊,True,True,True,False,False,True
upcdbi,236,์,True,True,True,False,False,True
upcdbi,240,๐,False,False,True,False,False,True
upcdbi,241,๑,False,False,True,False,False,True
upcdbi,242,๒,False,False,True,False,False,True
upcdbi,243,๓,False,False,True,False,False,True
upcdbi,244,๔,False,False,True,False,False,True
upcdbi,245,๕,False,False,True,False,False,True
upcdbi,246,๖,False,False,True,False,False,True
upcdbi,247,๗,False,False,True,False,False,True
upcdbi,248,๘,False,False,True,False,False,True
upcdbi,249,๙,False,False,True,False,False,True
upcdi,161,ก,False,False,True,False,False,True
upcdi,162,ข,False,False,True,False,False,True
upcdi,163,ฃ,False,False,True,False,False,True
upcdi,164,ค,False,False,True,False,False,True
upcdi,167,ง,False,False,True,False,False,True
upcdi,168,จ,False,False,True,False,False,True
upcdi,169,ฉ,False,False,True,False,False,True
upcdi,170,ช,False,False,True,False,False,True
upcdi,171,ซ,False,False,True,False,False,True
upcdi,173,ญ,False,False,True,False,False,True
upcdi,175,ฏ,False,False,True,False,False,True
upcdi,176,ฐ,False,False,True,False,False,True
upcdi,177,ฑ,False,False,True,False,False,True
upcdi,178,ฒ,False,False,True,False,False,True
upcdi,179,ณ,False,False,True,False,False,True
upcdi,180,ด,False,False,True,False,False,True
upcdi,181,ต,False,False,True,False,False,True
upcdi,182,ถ,False,False,True,False,False,True
upcdi,183,ท,False,False,True,False,False,True
upcdi,184,ธ,False,False,True,False,False,True
upcdi,185,น,False,False,True,False,False,True
upcdi,186,บ,False,False,True,False,False,True
upcdi,187,ป,False,False,True,False,False,True
upcdi,188,ผ,False,False,True,False,False,True
upcdi,189,ฝ,False,False,True,False,False,True
upcdi,190,พ,False,False,True,False,False,True
upcdi,191,ฟ,False,False,True,False,False,True
upcdi,192,ภ,False,False,True,False,False,True
upcdi,193,ม,False,False,True,False,False,True
upcdi,194,ย,False,False,True,False,False,True
upcdi,195,ร,False,False,True,False,False,True
upcdi,196,ฤ,False,False,True,False,False,True
upcdi,197,ล,False,False,True,False,False,True
upcdi,199,ว,False,False,True,False,False,True
upcdi,200,ศ,False,False,True,False,False,True
upcdi,201,ษ,False,False,True,False,False,True
upcdi,202,ส,False,False,True,False,False,True
upcdi,203,ห,False,False,True,False,False,True
upcdi,204,ฬ,False,False,True,False,False,True
upcdi,205,อ,False,False,True,False,False,True
upcdi,206,ฮ,False,False,True,False,False,True
upcdi,207,ฯ,False,False,True,False,False,True
upcdi,209,ั,True,True,True,False,False,True
upcdi,210,า,False,False,True,False,False,True
upcdi,212,ิ,True,True,True,False,False,True
upcdi,213,ี,True,True,True,False,False,True
upcdi,214,ึ,True,True,True,False,False,True
upcdi,215,ื,True,True,True,False,False,True
upcdi,216,ุ,True,False,True,False,False,True
upcdi,217,ู,True,False,True,False,False,True
upcdi,224,เ,False,False,True,False,False,True
upcdi,225,แ,False,False,True,False,False,True
upcdi,226,โ,False,False,True,False,False,True
upcdi,227,ใ,False,False,True,False,False,True
upcdi,228,ไ,False,False,True,False,False,True
upcdi,229,ๅ,False,False,True,False,False,True
upcdi,230,ๆ,False,False,True,False,False,True
upcdi,231,็,True,True,True,False,False,True
upcdi,232,่,True,True,True,False,False,True
upcdi,233,้,True,True,True,False,False,True
upcdi,234,๊,True,True,True,False,False,True
upcdi,236,์,True,True,True,False,False,True
upcdi,240,๐,False,False,True,False,False,True
upcdi,241,๑,False,False,True,False,False,True
upcdi,242,๒,False,False,True,False,False,True
upcdi,243,๓,False,False,True,False,False,True
upcdi,244,๔,False,False,True,False,False,True
upcdi,245,๕,False,False,True,False,False,True
upcdi,246,๖,False,False,True,False,False,True
upcdi,247,๗,False,False,True,False,False,True
upcdi,248,๘,False,False,True,False,False,True
upcdi,249,๙,False,False,True,False,False,True
upcdl,161,ก,False,False,True,False,False,True
upcdl,162,ข,False,False,True,False,False,True
upcdl,163,ฃ,False,False,True,False,False,True
upcdl,164,ค,False,False,True,False,False,True
upcdl,167,ง,False,False,True,False,False,True
upcdl,168,จ,False,False,True,False,False,True
upcdl,169,ฉ,False,False,True,False,False,True
upcdl,170,ช,False,False,True,False,False,True
upcdl,171,ซ,False,False,True,False,False,True
upcdl,173,ญ,False,False,True,False,False,True
upcdl,175,ฏ,False,False,True,False,False,True
upcdl,176,ฐ,False,False,True,False,False,True
upcdl,177,ฑ,False,False,True,False,False,True
upcdl,178,ฒ,False,False,True,False,False,True
upcdl,179,ณ,False,False,True,False,False,True
upcdl,180,ด,False,False,True,False,False,True
upcdl,181,ต,False,False,True,False,False,True
upcdl,182,ถ,False,False,True,False,False,True
upcdl,183,ท,False,False,True,False,False,True
upcdl,184,ธ,False,False,True,False,False,True
upcdl,185,น,False,False,True,False,False,True
upcdl,186,บ,False,False,True,False,False,True
upcdl,187,ป,False,False,True,False,False,True
upcdl,188,ผ,False,False,True,False,False,True
upcdl,189,ฝ,False,False,True,False,False,True
upcdl,190,พ,False,False,True,False,False,True
upcdl,191,ฟ,False,False,True,False,False,True
upcdl,192,ภ,False,False,True,False,False,True
upcdl,193,ม,False,False,True,False,False,True
upcdl,194,ย,False,False,True,False,False,True
upcdl,195,ร,False,False,True,False,False,True
upcdl,196,ฤ,False,False,True,False,False,True
upcdl,197,ล,False,False,True,False,False,True
upcdl,199,ว,False,False,True,False,False,True
upcdl,200,ศ,False,False,True,False,False,True
upcdl,201,ษ,False,False,True,False,False,True
upcdl,202,ส,False,False,True,False,False,True
upcdl,203,ห,False,False,True,False,False,True
upcdl,204,ฬ,False,False,True,False,False,True
upcdl,205,อ,False,False,True,False,False,True
upcdl,206,ฮ,False,False,True,False,False,True
upcdl,207,ฯ,False,False,True,False,False,True
upcdl,209,ั,True,True,True,False,False,True
upcdl,210,า,False,False,True,False,False,True
upcdl,212,ิ,True,True,True,False,False,True
upcdl,213,ี,True,True,True,False,False,True
upcdl,214,ึ,True,True,True,False,False,True
upcdl,215,ื,True,True,True,False,False,True
upcdl,216,ุ,True,False,True,False,False,True
upcdl,217,ู,True,False,True,False,False,True
upcdl,224,เ,False,False,True,False,False,True
upcdl,225,แ,False,False,True,False,False,True
upcdl,226,โ,False,False,True,False,False,True
upcdl,227,ใ,False,False,True,False,False,True
upcdl,228,ไ,False,False,True,False,False,True
upcdl,229,ๅ,False,False,True,False,False,True
upcdl,230,ๆ,False,False,True,False,False,True
upcdl,231,็,True,True,True,False,False,True
upcdl,232,่,True,True,True,False,False,True
upcdl,233,้,True,True,True,False,False,True
upcdl,234,๊,True,True,True,False,False,True
upcdl,236,์,True,True,True,False,False,True
upcdl,240,๐,False,False,True,False,False,True
upcdl,241,๑,False,False,True,False,False,True
upcdl,242,๒,False,False,True,False,False,True
upcdl,243,๓,False,False,True,False,False,True
upcdl,244,๔,False,False,True,False,False,True
upcdl,245,๕,False,False,True,False,False,True
upcdl,246,๖,False,False,True,False,False,True
upcdl,247,๗,False,False,True,False,False,True
upcdl,248,๘,False,False,True,False,False,True
upcdl,249,๙,False,False,True,False,False,True
upceb,161,ก,False,False,True,False,False,True
upceb,162,ข,False,False,True,False,False,True
upceb,163,ฃ,False,False,True,False,False,True
upceb,164,ค,False,False,True,False,False,True
upceb,167,ง,False,False,True,False,False,True
upceb,168,จ,False,False,True,False,False,True
upceb,169,ฉ,False,False,True,False,False,True
upceb,170,ช,False,False,True,False,False,True
upceb,171,ซ,False,False,True,False,False,True
upceb,173,ญ,False,False,True,False,False,True
upceb,175,ฏ,False,False,True,False,False,True
upceb,176,ฐ,False,False,True,False,False,True
upceb,177,ฑ,False,False,True,False,False,True
upceb,178,ฒ,False,False,True,False,False,True
upceb,179,ณ,False,False,True,False,False,True
upceb,180,ด,False,False,True,False,False,True
upceb,181,ต,False,False,True,False,False,True
upceb,182,ถ,False,False,True,False,False,True
upceb,183,ท,False,False,True,False,False,True
upceb,184,ธ,False,False,True,False,False,True
upceb,185,น,False,False,True,False,False,True
upceb,186,บ,False,False,True,False,False,True
upceb,187,ป,False,False,True,False,False,True
upceb,188,ผ,False,False,True,False,False,True
upceb,189,ฝ,False,False,True,False,False,True
upceb,190,พ,False,False,True,False,False,True
upceb,191,ฟ,False,False,True,False,False,True
upceb,192,ภ,False,False,True,False,False,True
upceb,193,ม,False,False,True,False,False,True
upceb,194,ย,False,False,True,False,False,True
upceb,195,ร,False,False,True,False,False,True
upceb,196,ฤ,False,False,True,False,False,True
upceb,197,ล,False,False,True,False,False,True
upceb,199,ว,False,False,True,False,False,True
upceb,200,ศ,False,False,True,False,False,True
upceb,201,ษ,False,False,True,False,False,True
upceb,202,ส,False,False,True,False,False,True
upceb,203,ห,False,False,True,False,False,True
upceb,204,ฬ,False,False,True,False,False,True
upceb,205,อ,False,False,True,False,False,True
upceb,206,ฮ,False,False,True,False,False,True
upceb,207,ฯ,False,False,True,False,False,True
upceb,209,ั,True,True,True,False,False,True
upceb,210,า,False,False,True,False,False,True
upceb,212,ิ,True,True,True,False,False,True
upceb,213,ี,True,True,True,False,False,True
upceb,214,ึ,True,True,True,False,False,True
upceb,215,ื,True,True,True,False,False,True
upceb,216,ุ,True,False,True,False,False,True
upceb,217,ู,True,False,True,False,False,True
upceb,224,เ,False,False,True,False,False,True
upceb,225,แ,False,False,True,False,False,True
upceb,226,โ,False,False,True,False,False,True
upceb,227,ใ,False,False,True,False,False,True
upceb,228,ไ,False,False,True,False,False,True
upceb,229,ๅ,False,False,True,False,False,True
upceb,230,ๆ,False,False,True,False,False,True
upceb,231,็,True,True,True,False,False,True
upceb,232,่,True,True,True,False,False,True
upceb,233,้,True,True,True,False,False,True
upceb,234,๊,True,True,True,False,False,True
upceb,236,์,True,True,True,False,False,True
upceb,240,๐,False,False,True,False,False,True
upceb,241,๑,False,False,True,False,False,True
upceb,242,๒,False,False,True,False,False,True
upceb,243,๓,False,False,True,False,False,True
upceb,244,๔,False,False,True,False,False,True
upceb,245,๕,False,False,True,False,False,True
upceb,246,๖,False,False,True,False,False,True
upceb,247,๗,False,False,True,False,False,True
upceb,248,๘,False,False,True,False,False,True
upceb,249,๙,False,False,True,False,False,True
upcebi,161,ก,False,False,True,False,False,True
upcebi,162,ข,False,False,True,False,False,True
upcebi,163,ฃ,False,False,True,False,False,True
upcebi,164,ค,False,False,True,False,False,True
upcebi,167,ง,False,False,True,False,False,True
upcebi,168,จ,False,False,True,False,False,True
upcebi,169,ฉ,False,False,True,False,False,True
upcebi,170,ช,False,False,True,False,False,True
upcebi,171,ซ,False,False,True,False,False,True
upcebi,173,ญ,False,False,True,False,False,True
upcebi,175,ฏ,False,False,True,False,False,True
upcebi,176,ฐ,False,False,True,False,False,True
upcebi,177,ฑ,False,False,True,False,False,True
upcebi,178,ฒ,False,False,True,False,False,True
upcebi,179,ณ,False,False,True,False,False,True
upcebi,180,ด,False,False,True,False,False,True
upcebi,181,ต,False,False,True,False,False,True
upcebi,182,ถ,False,False,True,False,False,True
upcebi,183,ท,False,False,True,False,False,True
upcebi,184,ธ,False,False,True,False,False,True
upcebi,185,น,False,False,True,False,False,True
upcebi,186,บ,False,False,True,False,False,True
upcebi,187,ป,False,False,True,False,False,True
upcebi,188,ผ,False,False,True,False,False,True
upcebi,189,ฝ,False,False,True,False,False,True
upcebi,190,พ,False,False,True,False,False,True
upcebi,191,ฟ,False,False,True,False,False,True
upcebi,192,ภ,False,False,True,False,False,True
upcebi,193,ม,False,False,True,False,False,True
upcebi,194,ย,False,False,True,False,False,True
upcebi,195,ร,False,False,True,False,False,True
upcebi,196,ฤ,False,False,True,False,False,True
upcebi,197,ล,False,False,True,False,False,True
upcebi,199,ว,False,False,True,False,False,True
upcebi,200,ศ,False,False,True,False,False,True
upcebi,201,ษ,False,False,True,False,False,True
upcebi,202,ส,False,False,True,False,False,True
upcebi,203,ห,False,False,True,False,False,True
upcebi,204,ฬ,False,False,True,False,False,True
upcebi,205,อ,False,False,True,False,False,True
upcebi,206,ฮ,False,False,True,False,False,True
upcebi,207,ฯ,False,False,True,False,False,True
upcebi,209,ั,True,True,True,False,False,True
upcebi,210,า,False,False,True,False,False,True
upcebi,212,ิ,True,True,True,False,False,True
upcebi,213,ี,True,True,True,False,False,True
upcebi,214,ึ,True,True,True,False,False,True
upcebi,215,ื,True,True,True,False,False,True
upcebi,216,ุ,True,False,True,False,False,True
upcebi,217,ู,True,False,True,False,False,True
upcebi,224,เ,False,False,True,False,False,True
upcebi,225,แ,False,False,True,False,False,True
upcebi,226,โ,False,False,True,False,False,True
upcebi,227,ใ,False,False,True,False,False,True
upcebi,228,ไ,False,False,True,False,False,True
upcebi,229,ๅ,False,False,True,False,False,True
upcebi,230,ๆ,False,False,True,False,False,True
upcebi,231,็,True,True,True,False,False,True
upcebi,232,่,True,True,True,False,False,True
upcebi,233,้,True,True,True,False,False,True
upcebi,234,๊,True,True,True,False,False,True
upcebi,236,์,True,True,True,False,False,True
upcebi,240,๐,False,False,True,False,False,True
upcebi,241,๑,False,False,True,False,False,True
upcebi,242,๒,False,False,True,False,False,True
upcebi,243,๓,False,False,True,False,False,True
upcebi,244,๔,False,False,True,False,False,True
upcebi,245,๕,False,False,True,False,False,True
upcebi,246,๖,False,False,True,False,False,True
upcebi,247,๗,False,False,True,False,False,True
upcebi,248,๘,False,False,True,False,False,True
upcebi,249,๙,False,False,True,False,False,True
upcei,161,ก,False,False,True,False,False,True
upcei,162,ข,False,False,True,False,False,True
upcei,163,ฃ,False,False,True,False,False,True
upcei,164,ค,False,False,True,False,False,True
upcei,167,ง,False,False,True,False,False,True
upcei,168,จ,False,False,True,False,False,True
upcei,169,ฉ,False,False,True,False,False,True
upcei,170,ช,False,False,True,False,False,True
upcei,171,ซ,False,False,True,False,False,True
upcei,173,ญ,False,False,True,False,False,True
upcei,175,ฏ,False,False,True,False,False,True
upcei,176,ฐ,False,False,True,False,False,True
upcei,177,ฑ,False,False,True,False,False,True
upcei,178,ฒ,False,False,True,False,False,True
upcei,179,ณ,False,False,True,False,False,True
upcei,180,ด,False,False,True,False,False,True
upcei,181,ต,False,False,True,False,False,True
upcei,182,ถ,False,False,True,False,False,True
upcei,183,ท,False,False,True,False,False,True
upcei,184,ธ,False,False,True,False,False,True
upcei,185,น,False,False,True,False,False,True
upcei,186,บ,False,False,True,False,False,True
upcei,187,ป,False,False,True,False,False,True
upcei,188,ผ,False,False,True,False,False,True
upcei,189,ฝ,False,False,True,False,False,True
upcei,190,พ,False,False,True,False,False,True
upcei,191,ฟ,False,False,True,False,False,True
upcei,192,ภ,False,False,True,False,False,True
upcei,193,ม,False,False,True,False,False,True
upcei,194,ย,False,False,True,False,False,True
upcei,195,ร,False,False,True,False,False,True
upcei,196,ฤ,False,False,True,False,False,True
upcei,197,ล,False,False,True,False,False,True
upcei,199,ว,False,False,True,False,False,True
upcei,200,ศ,False,False,True,False,False,True
upcei,201,ษ,False,False,True,False,False,True
upcei,202,ส,False,False,True,False,False,True
upcei,203,ห,False,False,True,False,False,True
upcei,204,ฬ,False,False,True,False,False,True
upcei,205,อ,False,False,True,False,False,True
upcei,206,ฮ,False,False,True,False,False,True
upcei,207,ฯ,False,False,True,False,False,True
upcei,209,ั,True,True,True,False,False,True
upcei,210,า,False,False,True,False,False,True
upcei,212,ิ,True,True,True,False,False,True
upcei,213,ี,True,True,True,False,False,True
upcei,214,ึ,True,True,True,False,False,True
upcei,215,ื,True,True,True,False,False,True
upcei,216,ุ,True,False,True,False,False,True
upcei,217,ู,True,False,True,False,False,True
upcei,224,เ,False,False,True,False,False,True
upcei,225,แ,False,False,True,False,False,True
upcei,226,โ,False,False,True,False,False,True
upcei,227,ใ,False,False,True,False,False,True
upcei,228,ไ,False,False,True,False,False,True
upcei,229,ๅ,False,False,True,False,False,True
upcei,230,ๆ,False,False,True,False,False,True
upcei,231,็,True,True,True,False,False,True
upcei,232,่,True,True,True,False,False,True
upcei,233,้,True,True,True,False,False,True
upcei,234,๊,True,True,True,False,False,True
upcei,236,์,True,True,True,False,False,True
upcei,240,๐,False,False,True,False,False,True
upcei,241,๑,False,False,True,False,False,True
upcei,242,๒,False,False,True,False,False,True
upcei,243,๓,False,False,True,False,False,True
upcei,244,๔,False,False,True,False,False,True
upcei,245,๕,False,False,True,False,False,True
upcei,246,๖,False,False,True,False,False,True
upcei,247,๗,False,False,True,False,False,True
upcei,248,๘,False,False,True,False,False,True
upcei,249,๙,False,False,True,False,False,True
upcel,161,ก,False,False,True,False,False,True
upcel,162,ข,False,False,True,False,False,True
upcel,163,ฃ,False,False,True,False,False,True
upcel,164,ค,False,False,True,False,False,True
upcel,167,ง,False,False,True,False,False,True
upcel,168,จ,False,False,True,False,False,True
upcel,169,ฉ,False,False,True,False,False,True
upcel,170,ช,False,False,True,False,False,True
upcel,171,ซ,False,False,True,False,False,True
upcel,173,ญ,False,False,True,False,False,True
upcel,175,ฏ,False,False,True,False,False,True
upcel,176,ฐ,False,False,True,False,False,True
upcel,177,ฑ,False,False,True,False,False,True
upcel,178,ฒ,False,False,True,False,False,True
upcel,179,ณ,False,False,True,False,False,True
upcel,180,ด,False,False,True,False,False,True
upcel,181,ต,False,False,True,False,False,True
upcel,182,ถ,False,False,True,False,False,True
upcel,183,ท,False,False,True,False,False,True
upcel,184,ธ,False,False,True,False,False,True
upcel,185,น,False,False,True,False,False,True
upcel,186,บ,False,False,True,False,False,True
upcel,187,ป,False,False,True,False,False,True
upcel,188,ผ,False,False,True,False,False,True
upcel,189,ฝ,False,False,True,False,False,True
upcel,190,พ,False,False,True,False,False,True
upcel,191,ฟ,False,False,True,False,False,True
upcel,192,ภ,False,False,True,False,False,True
upcel,193,ม,False,False,True,False,False,True
upcel,194,ย,False,False,True,False,False,True
upcel,195,ร,False,False,True,False,False,True
upcel,196,ฤ,False,False,True,False,False,True
upcel,197,ล,False,False,True,False,False,True
upcel,199,ว,False,False,True,False,False,True
upcel,200,ศ,False,False,True,False,False,True
upcel,201,ษ,False,False,True,False,False,True
upcel,202,ส,False,False,True,False,False,True
upcel,203,ห,False,False,True,False,False,True
upcel,204,ฬ,False,False,True,False,False,True
upcel,205,อ,False,False,True,False,False,True
upcel,206,ฮ,False,False,True,False,False,True
upcel,207,ฯ,False,False,True,False,False,True
upcel,209,ั,True,True,True,False,False,True
upcel,210,า,False,False,True,False,False,True
upcel,212,ิ,True,True,True,False,False,True
upcel,213,ี,True,True,True,False,False,True
upcel,214,ึ,True,True,True,False,False,True
upcel,215,ื,True,True,True,False,False,True
upcel,216,ุ,True,False,True,False,False,True
upcel,217,ู,True,False,True,False,False,True
upcel,224,เ,False,False,True,False,False,True
upcel,225,แ,False,False,True,False,False,True
upcel,226,โ,False,False,True,False,False,True
upcel,227,ใ,False,False,True,False,False,True
upcel,228,ไ,False,False,True,False,False,True
upcel,229,ๅ,False,False,True,False,False,True
upcel,230,ๆ,False,False,True,False,False,True
upcel,231,็,True,True,True,False,False,True
upcel,232,่,True,True,True,False,False,True
upcel,233,้,True,True,True,False,False,True
upcel,234,๊,True,True,True,False,False,True
upcel,236,์,True,True,True,False,False,True
upcel,240,๐,False,False,True,False,False,True
upcel,241,๑,False,False,True,False,False,True
upcel,242,๒,False,False,True,False,False,True
upcel,243,๓,False,False,True,False,False,True
upcel,244,๔,False,False,True,False,False,True
upcel,245,๕,False,False,True,False,False,True
upcel,246,๖,False,False,True,False,False,True
upcel,247,๗,False,False,True,False,False,True
upcel,248,๘,False,False,True,False,False,True
upcel,249,๙,False,False,True,False,False,True
upcfb,161,ก,False,False,True,False,False,True
upcfb,162,ข,False,False,True,False,False,True
upcfb,163,ฃ,False,False,True,False,False,True
upcfb,164,ค,False,False,True,False,False,True
upcfb,167,ง,False,False,True,False,False,True
upcfb,168,จ,False,False,True,False,False,True
upcfb,169,ฉ,False,False,True,False,False,True
upcfb,170,ช,False,False,True,False,False,True
upcfb,171,ซ,False,False,True,False,False,True
upcfb,173,ญ,False,False,True,False,False,True
upcfb,175,ฏ,False,False,True,False,False,True
upcfb,176,ฐ,False,False,True,False,False,True
upcfb,177,ฑ,False,False,True,False,False,True
upcfb,178,ฒ,False,False,True,False,False,True
upcfb,179,ณ,False,False,True,False,False,True
upcfb,180,ด,False,False,True,False,False,True
upcfb,181,ต,False,False,True,False,False,True
upcfb,182,ถ,False,False,True,False,False,True
upcfb,183,ท,False,False,True,False,False,True
upcfb,184,ธ,False,False,True,False,False,True
upcfb,185,น,False,False,True,False,False,True
upcfb,186,บ,False,False,True,False,False,True
upcfb,187,ป,False,False,True,False,False,True
upcfb,188,ผ,False,False,True,False,False,True
upcfb,189,ฝ,False,False,True,False,False,True
upcfb,190,พ,False,False,True,False,False,True
upcfb,191,ฟ,False,False,True,False,False,True
upcfb,192,ภ,False,False,True,False,False,True
upcfb,193,ม,False,False,True,False,False,True
upcfb,194,ย,False,False,True,False,False,True
upcfb,195,ร,False,False,True,False,False,True
upcfb,196,ฤ,False,False,True,False,False,True
upcfb,197,ล,False,False,True,False,False,True
upcfb,199,ว,False,False,True,False,False,True
upcfb,200,ศ,False,False,True,False,False,True
upcfb,201,ษ,False,False,True,False,False,True
upcfb,202,ส,False,False,True,False,False,True
upcfb,203,ห,False,False,True,False,False,True
upcfb,204,ฬ,False,False,True,False,False,True
upcfb,205,อ,False,False,True,False,False,True
upcfb,206,ฮ,False,False,True,False,False,True
upcfb,207,ฯ,False,False,True,False,False,True
upcfb,209,ั,True,True,True,False,False,True
upcfb,210,า,False,False,True,False,False,True
upcfb,212,ิ,True,True,True,False,False,True
upcfb,213,ี,True,True,True,False,False,True
upcfb,214,ึ,True,True,True,False,False,True
upcfb,215,ื,True,True,True,False,False,True
upcfb,216,ุ,True,False,True,False,False,True
upcfb,217,ู,True,False,True,False,False,True
upcfb,224,เ,False,False,True,False,False,True
upcfb,225,แ,False,False,True,False,False,True
upcfb,226,โ,False,False,True,False,False,True
upcfb,227,ใ,False,False,True,False,False,True
upcfb,228,ไ,False,False,True,False,False,True
upcfb,229,ๅ,False,False,True,False,False,True
upcfb,230,ๆ,False,False,True,False,False,True
upcfb,231,็,True,True,True,False,False,True
upcfb,232,่,True,True,True,False,False,True
upcfb,233,้,True,True,True,False,False,True
upcfb,234,๊,True,True,True,False,False,True
upcfb,236,์,True,True,True,False,False,True
upcfb,240,๐,False,False,True,False,False,True
upcfb,241,๑,False,False,True,False,False,True
upcfb,242,๒,False,False,True,False,False,True
upcfb,243,๓,False,False,True,False,False,True
upcfb,244,๔,False,False,True,False,False,True
upcfb,245,๕,False,False,True,False,False,True
upcfb,246,๖,False,False,True,False,False,True
upcfb,247,๗,False,False,True,False,False,True
upcfb,248,๘,False,False,True,False,False,True
upcfb,249,๙,False,False,True,False,False,True
upcfbi,161,ก,False,False,True,False,False,True
upcfbi,162,ข,False,False,True,False,False,True
upcfbi,163,ฃ,False,False,True,False,False,True
upcfbi,164,ค,False,False,True,False,False,True
upcfbi,167,ง,False,False,True,False,False,True
upcfbi,168,จ,False,False,True,False,False,True
upcfbi,169,ฉ,False,False,True,False,False,True
upcfbi,170,ช,False,False,True,False,False,True
upcfbi,171,ซ,False,False,True,False,False,True
upcfbi,173,ญ,False,False,True,False,False,True
upcfbi,175,ฏ,False,False,True,False,False,True
upcfbi,176,ฐ,False,False,True,False,False,True
upcfbi,177,ฑ,False,False,True,False,False,True
upcfbi,178,ฒ,False,False,True,False,False,True
upcfbi,179,ณ,False,False,True,False,False,True
upcfbi,180,ด,False,False,True,False,False,True
upcfbi,181,ต,False,False,True,False,False,True
upcfbi,182,ถ,False,False,True,False,False,True
upcfbi,183,ท,False,False,True,False,False,True
upcfbi,184,ธ,False,False,True,False,False,True
upcfbi,185,น,False,False,True,False,False,True
upcfbi,186,บ,False,False,True,False,False,True
upcfbi,187,ป,False,False,True,False,False,True
upcfbi,188,ผ,False,False,True,False,False,True
upcfbi,189,ฝ,False,False,True,False,False,True
upcfbi,190,พ,False,False,True,False,False,True
upcfbi,191,ฟ,False,False,True,False,False,True
upcfbi,192,ภ,False,False,True,False,False,True
upcfbi,193,ม,False,False,True,False,False,True
upcfbi,194,ย,False,False,True,False,False,True
upcfbi,195,ร,False,False,True,False,False,True
upcfbi,196,ฤ,False,False,True,False,False,True
upcfbi,197,ล,False,False,True,False,False,True
upcfbi,199,ว,False,False,True,False,False,True
upcfbi,200,ศ,False,False,True,False,False,True
upcfbi,201,ษ,False,False,True,False,False,True
upcfbi,202,ส,False,False,True,False,False,True
upcfbi,203,ห,False,False,True,False,False,True
upcfbi,204,ฬ,False,False,True,False,False,True
upcfbi,205,อ,False,False,True,False,False,True
upcfbi,206,ฮ,False,False,True,False,False,True
upcfbi,207,ฯ,False,False,True,False,False,True
upcfbi,209,ั,True,True,True,False,False,True
upcfbi,210,า,False,False,True,False,False,True
upcfbi,212,ิ,True,True,True,False,False,True
upcfbi,213,ี,True,True,True,False,False,True
upcfbi,214,ึ,True,True,True,False,False,True
upcfbi,215,ื,True,True,True,False,False,True
upcfbi,216,ุ,True,False,True,False,False,True
upcfbi,217,ู,True,False,True,False,False,True
upcfbi,224,เ,False,False,True,False,False,True
upcfbi,225,แ,False,False,True,False,False,True
upcfbi,226,โ,False,False,True,False,False,True
upcfbi,227,ใ,False,False,True,False,False,True
upcfbi,228,ไ,False,False,True,False,False,True
upcfbi,229,ๅ,False,False,True,False,False,True
upcfbi,230,ๆ,False,False,True,False,False,True
upcfbi,231,็,True,True,True,False,False,True
upcfbi,232,่,True,True,True,False,False,True
upcfbi,233,้,True,True,True,False,False,True
upcfbi,234,๊,True,True,True,False,False,True
upcfbi,236,์,True,True,True,False,False,True
upcfbi,240,๐,False,False,True,False,False,True
upcfbi,241,๑,False,False,True,False,False,True
upcfbi,242,๒,False,False,True,False,False,True
upcfbi,243,๓,False,False,True,False,False,True
upcfbi,244,๔,False,False,True,False,False,True
upcfbi,245,๕,False,False,True,False,False,True
upcfbi,246,๖,False,False,True,False,False,True
upcfbi,247,๗,False,False,True,False,False,True
upcfbi,248,๘,False,False,True,False,False,True
upcfbi,249,๙,False,False,True,False,False,True
upcfi,161,ก,False,False,True,False,False,True
upcfi,162,ข,False,False,True,False,False,True
upcfi,163,ฃ,False,False,True,False,False,True
upcfi,164,ค,False,False,True,False,False,True
upcfi,167,ง,False,False,True,False,False,True
upcfi,168,จ,False,False,True,False,False,True
upcfi,169,ฉ,False,False,True,False,False,True
upcfi,170,ช,False,False,True,False,False,True
upcfi,171,ซ,False,False,True,False,False,True
upcfi,173,ญ,False,False,True,False,False,True
upcfi,175,ฏ,False,False,True,False,False,True
upcfi,176,ฐ,False,False,True,False,False,True
upcfi,177,ฑ,False,False,True,False,False,True
upcfi,178,ฒ,False,False,True,False,False,True
upcfi,179,ณ,False,False,True,False,False,True
upcfi,180,ด,False,False,True,False,False,True
upcfi,181,ต,False,False,True,False,False,True
upcfi,182,ถ,False,False,True,False,False,True
upcfi,183,ท,False,False,True,False,False,True
upcfi,184,ธ,False,False,True,False,False,True
upcfi,185,น,False,False,True,False,False,True
upcfi,186,บ,False,False,True,False,False,True
upcfi,187,ป,False,False,True,False,False,True
upcfi,188,ผ,False,False,True,False,False,True
upcfi,189,ฝ,False,False,True,False,False,True
upcfi,190,พ,False,False,True,False,False,True
upcfi,191,ฟ,False,False,True,False,False,True
upcfi,192,ภ,False,False,True,False,False,True
upcfi,193,ม,False,False,True,False,False,True
upcfi,194,ย,False,False,True,False,False,True
upcfi,195,ร,False,False,True,False,False,True
upcfi,196,ฤ,False,False,True,False,False,True
upcfi,197,ล,False,False,True,False,False,True
upcfi,199,ว,False,False,True,False,False,True
upcfi,200,ศ,False,False,True,False,False,True
upcfi,201,ษ,False,False,True,False,False,True
upcfi,202,ส,False,False,True,False,False,True
upcfi,203,ห,False,False,True,False,False,True
upcfi,204,ฬ,False,False,True,False,False,True
upcfi,205,อ,False,False,True,False,False,True
upcfi,206,ฮ,False,False,True,False,False,True
upcfi,207,ฯ,False,False,True,False,False,True
upcfi,209,ั,True,True,True,False,False,True
upcfi,210,า,False,False,True,False,False,True
upcfi,212,ิ,True,True,True,False,False,True
upcfi,213,ี,True,True,True,False,False,True
upcfi,214,ึ,True,True,True,False,False,True
upcfi,215,ื,True,True,True,False,False,True
upcfi,216,ุ,True,False,True,False,False,True
upcfi,217,ู,True,False,True,False,False,True
upcfi,224,เ,False,False,True,False,False,True
upcfi,225,แ,False,False,True,False,False,True
upcfi,226,โ,False,False,True,False,False,True
upcfi,227,ใ,False,False,True,False,False,True
upcfi,228,ไ,False,False,True,False,False,True
upcfi,229,ๅ,False,False,True,False,False,True
upcfi,230,ๆ,False,False,True,False,False,True
upcfi,231,็,True,True,True,False,False,True
upcfi,232,่,True,True,True,False,False,True
upcfi,233,้,True,True,True,False,False,True
upcfi,234,๊,True,True,True,False,False,True
upcfi,236,์,True,True,True,False,False,True
upcfi,240,๐,False,False,True,False,False,True
upcfi,241,๑,False,False,True,False,False,True
upcfi,242,๒,False,False,True,False,False,True
upcfi,243,๓,False,False,True,False,False,True
upcfi,244,๔,False,False,True,False,False,True
upcfi,245,๕,False,False,True,False,False,True
upcfi,246,๖,False,False,True,False,False,True
upcfi,247,๗,False,False,True,False,False,True
upcfi,248,๘,False,False,True,False,False,True
upcfi,249,๙,False,False,True,False,False,True
upcfl,161,ก,False,False,True,False,False,True
upcfl,162,ข,False,False,True,False,False,True
upcfl,163,ฃ,False,False,True,False,False,True
upcfl,164,ค,False,False,True,False,False,True
upcfl,167,ง,False,False,True,False,False,True
upcfl,168,จ,False,False,True,False,False,True
upcfl,169,ฉ,False,False,True,False,False,True
upcfl,170,ช,False,False,True,False,False,True
upcfl,171,ซ,False,False,True,False,False,True
upcfl,173,ญ,False,False,True,False,False,True
upcfl,175,ฏ,False,False,True,False,False,True
upcfl,176,ฐ,False,False,True,False,False,True
upcfl,177,ฑ,False,False,True,False,False,True
upcfl,178,ฒ,False,False,True,False,False,True
upcfl,179,ณ,False,False,True,False,False,True
upcfl,180,ด,False,False,True,False,False,True
upcfl,181,ต,False,False,True,False,False,True
upcfl,182,ถ,False,False,True,False,False,True
upcfl,183,ท,False,False,True,False,False,True
upcfl,184,ธ,False,False,True,False,False,True
upcfl,185,น,False,False,True,False,False,True
upcfl,186,บ,False,False,True,False,False,True
upcfl,187,ป,False,False,True,False,False,True
upcfl,188,ผ,False,False,True,False,False,True
upcfl,189,ฝ,False,False,True,False,False,True
upcfl,190,พ,False,False,True,False,False,True
upcfl,191,ฟ,False,False,True,False,False,True
upcfl,192,ภ,False,False,True,False,False,True
upcfl,193,ม,False,False,True,False,False,True
upcfl,194,ย,False,False,True,False,False,True
upcfl,195,ร,False,False,True,False,False,True
upcfl,196,ฤ,False,False,True,False,False,True
upcfl,197,ล,False,False,True,False,False,True
upcfl,199,ว,False,False,True,False,False,True
upcfl,200,ศ,False,False,True,False,False,True
upcfl,201,ษ,False,False,True,False,False,True
upcfl,202,ส,False,False,True,False,False,True
upcfl,203,ห,False,False,True,False,False,True
upcfl,204,ฬ,False,False,True,False,False,True
upcfl,205,อ,False,False,True,False,False,True
upcfl,206,ฮ,False,False,True,False,False,True
upcfl,207,ฯ,False,False,True,False,False,True
upcfl,209,ั,True,True,True,False,False,True
upcfl,210,า,False,False,True,False,False,True
upcfl,212,ิ,True,True,True,False,False,True
upcfl,213,ี,True,True,True,False,False,True
upcfl,214,ึ,True,True,True,False,False,True
upcfl,215,ื,True,True,True,False,False,True
upcfl,216,ุ,True,False,True,False,False,True
upcfl,217,ู,True,False,True,False,False,True
upcfl,224,เ,False,False,True,False,False,True
upcfl,225,แ,False,False,True,False,False,True
upcfl,226,โ,False,False,True,False,False,True
upcfl,227,ใ,False,False,True,False,False,True
upcfl,228,ไ,False,False,True,False,False,True
upcfl,229,ๅ,False,False,True,False,False,True
upcfl,230,ๆ,False,False,True,False,False,True
upcfl,231,็,True,True,True,False,False,True
upcfl,232,่,True,True,True,False,False,True
upcfl,233,้,True,True,True,False,False,True
upcfl,234,๊,True,True,True,False,False,True
upcfl,236,์,True,True,True,False,False,True
upcfl,240,๐,False,False,True,False,False,True
upcfl,241,๑,False,False,True,False,False,True
upcfl,242,๒,False,False,True,False,False,True
upcfl,243,๓,False,False,True,False,False,True
upcfl,244,๔,False,False,True,False,False,True
upcfl,245,๕,False,False,True,False,False,True
upcfl,246,๖,False,False,True,False,False,True
upcfl,247,๗,False,False,True,False,False,True
upcfl,248,๘,False,False,True,False,False,True
upcfl,249,๙,False,False,True,False,False,True
upcib,161,ก,False,False,True,False,False,True
upcib,162,ข,False,False,True,False,False,True
upcib,163,ฃ,False,False,True,False,False,True
upcib,164,ค,False,False,True,False,False,True
upcib,167,ง,False,False,True,False,False,True
upcib,168,จ,False,False,True,False,False,True
upcib,169,ฉ,False,False,True,False,False,True
upcib,170,ช,False,False,True,False,False,True
upcib,171,ซ,False,False,True,False,False,True
upcib,173,ญ,False,False,True,False,False,True
upcib,175,ฏ,False,False,True,False,False,True
upcib,176,ฐ,False,False,True,False,False,True
upcib,177,ฑ,False,False,True,False,False,True
upcib,178,ฒ,False,False,True,False,False,True
upcib,179,ณ,False,False,True,False,False,True
upcib,180,ด,False,False,True,False,False,True
upcib,181,ต,False,False,True,False,False,True
upcib,182,ถ,False,False,True,False,False,True
upcib,183,ท,False,False,True,False,False,True
upcib,184,ธ,False,False,True,False,False,True
upcib,185,น,False,False,True,False,False,True
upcib,186,บ,False,False,True,False,False,True
upcib,187,ป,False,False,True,False,False,True
upcib,188,ผ,False,False,True,False,False,True
upcib,189,ฝ,False,False,True,False,False,True
upcib,190,พ,False,False,True,False,False,True
upcib,191,ฟ,False,False,True,False,False,True
upcib,192,ภ,False,False,True,False,False,True
upcib,193,ม,False,False,True,False,False,True
upcib,194,ย,False,False,True,False,False,True
upcib,195,ร,False,False,True,False,False,True
upcib,196,ฤ,False,False,True,False,False,True
upcib,197,ล,False,False,True,False,False,True
upcib,199,ว,False,False,True,False,False,True
upcib,200,ศ,False,False,True,False,False,True
upcib,201,ษ,False,False,True,False,False,True
upcib,202,ส,False,False,True,False,False,True
upcib,203,ห,False,False,True,False,False,True
upcib,204,ฬ,False,False,True,False,False,True
upcib,205,อ,False,False,True,False,False,True
upcib,206,ฮ,False,False,True,False,False,True
upcib,207,ฯ,False,False,True,False,False,True
upcib,209,ั,True,True,True,False,False,True
upcib,210,า,False,False,True,False,False,True
upcib,212,ิ,True,True,True,False,False,True
upcib,213,ี,True,True,True,False,False,True
upcib,214,ึ,True,True,True,False,False,True
upcib,215,ื,True,True,True,False,False,True
upcib,216,ุ,True,False,True,False,False,True
upcib,217,ู,True,False,True,False,False,True
upcib,224,เ,False,False,True,False,False,True
upcib,225,แ,False,False,True,False,False,True
upcib,226,โ,False,False,True,False,False,True
upcib,227,ใ,False,False,True,False,False,True
upcib,228,ไ,False,False,True,False,False,True
upcib,229,ๅ,False,False,True,False,False,True
upcib,230,ๆ,False,False,True,False,False,True
upcib,231,็,True,True,True,False,False,True
upcib,232,่,True,True,True,False,False,True
upcib,233,้,True,True,True,False,False,True
upcib,234,๊,True,True,True,False,False,True
upcib,236,์,True,True,True,False,False,True
upcib,240,๐,False,False,True,False,False,True
upcib,241,๑,False,False,True,False,False,True
upcib,242,๒,False,False,True,False,False,True
upcib,243,๓,False,False,True,False,False,True
upcib,244,๔,False,False,True,False,False,True
upcib,245,๕,False,False,True,False,False,True
upcib,246,๖,False,False,True,False,False,True
upcib,247,๗,False,False,True,False,False,True
upcib,248,๘,False,False,True,False,False,True
upcib,249,๙,False,False,True,False,False,True
upcibi,161,ก,False,False,True,False,False,True
upcibi,162,ข,False,False,True,False,False,True
upcibi,163,ฃ,False,False,True,False,False,True
upcibi,164,ค,False,False,True,False,False,True
upcibi,167,ง,False,False,True,False,False,True
upcibi,168,จ,False,False,True,False,False,True
upcibi,169,ฉ,False,False,True,False,False,True
upcibi,170,ช,False,False,True,False,False,True
upcibi,171,ซ,False,False,True,False,False,True
upcibi,173,ญ,False,False,True,False,False,True
upcibi,175,ฏ,False,False,True,False,False,True
upcibi,176,ฐ,False,False,True,False,False,True
upcibi,177,ฑ,False,False,True,False,False,True
upcibi,178,ฒ,False,False,True,False,False,True
upcibi,179,ณ,False,False,True,False,False,True
upcibi,180,ด,False,False,True,False,False,True
upcibi,181,ต,False,False,True,False,False,True
upcibi,182,ถ,False,False,True,False,False,True
upcibi,183,ท,False,False,True,False,False,True
upcibi,184,ธ,False,False,True,False,False,True
upcibi,185,น,False,False,True,False,False,True
upcibi,186,บ,False,False,True,False,False,True
upcibi,187,ป,False,False,True,False,False,True
upcibi,188,ผ,False,False,True,False,False,True
upcibi,189,ฝ,False,False,True,False,False,True
upcibi,190,พ,False,False,True,False,False,True
upcibi,191,ฟ,False,False,True,False,False,True
upcibi,192,ภ,False,False,True,False,False,True
upcibi,193,ม,False,False,True,False,False,True
upcibi,194,ย,False,False,True,False,False,True
upcibi,195,ร,False,False,True,False,False,True
upcibi,196,ฤ,False,False,True,False,False,True
upcibi,197,ล,False,False,True,False,False,True
upcibi,199,ว,False,False,True,False,False,True
upcibi,200,ศ,False,False,True,False,False,True
upcibi,201,ษ,False,False,True,False,False,True
upcibi,202,ส,False,False,True,False,False,True
upcibi,203,ห,False,False,True,False,False,True
upcibi,204,ฬ,False,False,True,False,False,True
upcibi,205,อ,False,False,True,False,False,True
upcibi,206,ฮ,False,False,True,False,False,True
upcibi,207,ฯ,False,False,True,False,False,True
upcibi,209,ั,True,True,True,False,False,True
upcibi,210,า,False,False,True,False,False,True
upcibi,212,ิ,True,True,True,False,False,True
upcibi,213,ี,True,True,True,False,False,True
upcibi,214,ึ,True,True,True,False,False,True
upcibi,215,ื,True,True,True,False,False,True
upcibi,216,ุ,True,False,True,False,False,True
upcibi,217,ู,True,False,True,False,False,True
upcibi,224,เ,False,False,True,False,False,True
upcibi,225,แ,False,False,True,False,False,True
upcibi,226,โ,False,False,True,False,False,True
upcibi,227,ใ,False,False,True,False,False,True
upcibi,228,ไ,False,False,True,False,False,True
upcibi,229,ๅ,False,False,True,False,False,True
upcibi,230,ๆ,False,False,True,False,False,True
upcibi,231,็,True,True,True,False,False,True
upcibi,232,่,True,True,True,False,False,True
upcibi,233,้,True,True,True,False,False,True
upcibi,234,๊,True,True,True,False,False,True
upcibi,236,์,True,True,True,False,False,True
upcibi,240,๐,False,False,True,False,False,True
upcibi,241,๑,False,False,True,False,False,True
upcibi,242,๒,False,False,True,False,False,True
upcibi,243,๓,False,False,True,False,False,True
upcibi,244,๔,False,False,True,False,False,True
upcibi,245,๕,False,False,True,False,False,True
upcibi,246,๖,False,False,True,False,False,True
upcibi,247,๗,False,False,True,False,False,True
upcibi,248,๘,False,False,True,False,False,True
upcibi,249,๙,False,False,True,False,False,True
upcii,161,ก,False,False,True,False,False,True
upcii,162,ข,False,False,True,False,False,True
upcii,163,ฃ,False,False,True,False,False,True
upcii,164,ค,False,False,True,False,False,True
upcii,167,ง,False,False,True,False,False,True
upcii,168,จ,False,False,True,False,False,True
upcii,169,ฉ,False,False,True,False,False,True
upcii,170,ช,False,False,True,False,False,True
upcii,171,ซ,False,False,True,False,False,True
upcii,173,ญ,False,False,True,False,False,True
upcii,175,ฏ,False,False,True,False,False,True
upcii,176,ฐ,False,False,True,False,False,True
upcii,177,ฑ,False,False,True,False,False,True
upcii,178,ฒ,False,False,True,False,False,True
upcii,179,ณ,False,False,True,False,False,True
upcii,180,ด,False,False,True,False,False,True
upcii,181,ต,False,False,True,False,False,True
upcii,182,ถ,False,False,True,False,False,True
upcii,183,ท,False,False,True,False,False,True
upcii,184,ธ,False,False,True,False,False,True
upcii,185,น,False,False,True,False,False,True
upcii,186,บ,False,False,True,False,False,True
upcii,187,ป,False,False,True,False,False,True
upcii,188,ผ,False,False,True,False,False,True
upcii,189,ฝ,False,False,True,False,False,True
upcii,190,พ,False,False,True,False,False,True
upcii,191,ฟ,False,False,True,False,False,True
upcii,192,ภ,False,False,True,False,False,True
upcii,193,ม,False,False,True,False,False,True
upcii,194,ย,False,False,True,False,False,True
upcii,195,ร,False,False,True,False,False,True
upcii,196,ฤ,False,False,True,False,False,True
upcii,197,ล,False,False,True,False,False,True
upcii,199,ว,False,False,True,False,False,True
upcii,200,ศ,False,False,True,False,False,True
upcii,201,ษ,False,False,True,False,False,True
upcii,202,ส,False,False,True,False,False,True
upcii,203,ห,False,False,True,False,False,True
upcii,204,ฬ,False,False,True,False,False,True
upcii,205,อ,False,False,True,False,False,True
upcii,206,ฮ,False,False,True,False,False,True
upcii,207,ฯ,False,False,True,False,False,True
upcii,209,ั,True,True,True,False,False,True
upcii,210,า,False,False,True,False,False,True
upcii,212,ิ,True,True,True,False,False,True
upcii,213,ี,True,True,True,False,False,True
upcii,214,ึ,True,True,True,False,False,True
upcii,215,ื,True,True,True,False,False,True
upcii,216,ุ,True,False,True,False,False,True
upcii,217,ู,True,False,True,False,False,True
upcii,224,เ,False,False,True,False,False,True
upcii,225,แ,False,False,True,False,False,True
upcii,226,โ,False,False,True,False,False,True
upcii,227,ใ,False,False,True,False,False,True
upcii,228,ไ,False,False,True,False,False,True
upcii,229,ๅ,False,False,True,False,False,True
upcii,230,ๆ,False,False,True,False,False,True
upcii,231,็,True,True,True,False,False,True
upcii,232,่,True,True,True,False,False,True
upcii,233,้,True,True,True,False,False,True
upcii,234,๊,True,True,True,False,False,True
upcii,236,์,True,True,True,False,False,True
upcii,240,๐,False,False,True,False,False,True
upcii,241,๑,False,False,True,False,False,True
upcii,242,๒,False,False,True,False,False,True
upcii,243,๓,False,False,True,False,False,True
upcii,244,๔,False,False,True,False,False,True
upcii,245,๕,False,False,True,False,False,True
upcii,246,๖,False,False,True,False,False,True
upcii,247,๗,False,False,True,False,False,True
upcii,248,๘,False,False,True,False,False,True
upcii,249,๙,False,False,True,False,False,True
upcil,161,ก,False,False,True,False,False,True
upcil,162,ข,False,False,True,False,False,True
upcil,163,ฃ,False,False,True,False,False,True
upcil,164,ค,False,False,True,False,False,True
upcil,167,ง,False,False,True,False,False,True
upcil,168,จ,False,False,True,False,False,True
upcil,169,ฉ,False,False,True,False,False,True
upcil,170,ช,False,False,True,False,False,True
upcil,171,ซ,False,False,True,False,False,True
upcil,173,ญ,False,False,True,False,False,True
upcil,175,ฏ,False,False,True,False,False,True
upcil,176,ฐ,False,False,True,False,False,True
upcil,177,ฑ,False,False,True,False,False,True
upcil,178,ฒ,False,False,True,False,False,True
upcil,179,ณ,False,False,True,False,False,True
upcil,180,ด,False,False,True,False,False,True
upcil,181,ต,False,False,True,False,False,True
upcil,182,ถ,False,False,True,False,False,True
upcil,183,ท,False,False,True,False,False,True
upcil,184,ธ,False,False,True,False,False,True
upcil,185,น,False,False,True,False,False,True
upcil,186,บ,False,False,True,False,False,True
upcil,187,ป,False,False,True,False,False,True
upcil,188,ผ,False,False,True,False,False,True
upcil,189,ฝ,False,False,True,False,False,True
upcil,190,พ,False,False,True,False,False,True
upcil,191,ฟ,False,False,True,False,False,True
upcil,192,ภ,False,False,True,False,False,True
upcil,193,ม,False,False,True,False,False,True
upcil,194,ย,False,False,True,False,False,True
upcil,195,ร,False,False,True,False,False,True
upcil,196,ฤ,False,False,True,False,False,True
upcil,197,ล,False,False,True,False,False,True
upcil,199,ว,False,False,True,False,False,True
upcil,200,ศ,False,False,True,False,False,True
upcil,201,ษ,False,False,True,False,False,True
upcil,202,ส,False,False,True,False,False,True
upcil,203,ห,False,False,True,False,False,True
upcil,204,ฬ,False,False,True,False,False,True
upcil,205,อ,False,False,True,False,False,True
upcil,206,ฮ,False,False,True,False,False,True
upcil,207,ฯ,False,False,True,False,False,True
upcil,209,ั,True,True,True,False,False,True
upcil,210,า,False,False,True,False,False,True
upcil,212,ิ,True,True,True,False,False,True
upcil,213,ี,True,True,True,False,False,True
upcil,214,ึ,True,True,True,False,False,True
upcil,215,ื,True,True,True,False,False,True
upcil,216,ุ,True,False,True,False,False,True
upcil,217,ู,True,False,True,False,False,True
upcil,224,เ,False,False,True,False,False,True
upcil,225,แ,False,False,True,False,False,True
upcil,226,โ,False,False,True,False,False,True
upcil,227,ใ,False,False,True,False,False,True
upcil,228,ไ,False,False,True,False,False,True
upcil,229,ๅ,False,False,True,False,False,True
upcil,230,ๆ,False,False,True,False,False,True
upcil,231,็,True,True,True,False,False,True
upcil,232,่,True,True,True,False,False,True
upcil,233,้,True,True,True,False,False,True
upcil,234,๊,True,True,True,False,False,True
upcil,236,์,True,True,True,False,False,True
upcil,240,๐,False,False,True,False,False,True
upcil,241,๑,False,False,True,False,False,True
upcil,242,๒,False,False,True,False,False,True
upcil,243,๓,False,False,True,False,False,True
upcil,244,๔,False,False,True,False,False,True
upcil,245,๕,False,False,True,False,False,True
upcil,246,๖,False,False,True,False,False,True
upcil,247,๗,False,False,True,False,False,True
upcil,248,๘,False,False,True,False,False,True
upcil,249,๙,False,False,True,False,False,True
upcjb,161,ก,False,False,True,False,False,True
upcjb,162,ข,False,False,True,False,False,True
upcjb,163,ฃ,False,False,True,False,False,True
upcjb,164,ค,False,False,True,False,False,True
upcjb,167,ง,False,False,True,False,False,True
upcjb,168,จ,False,False,True,False,False,True
upcjb,169,ฉ,False,False,True,False,False,True
upcjb,170,ช,False,False,True,False,False,True
upcjb,171,ซ,False,False,True,False,False,True
upcjb,173,ญ,False,False,True,False,False,True
upcjb,175,ฏ,False,False,True,False,False,True
upcjb,176,ฐ,False,False,True,False,False,True
upcjb,177,ฑ,False,False,True,False,False,True
upcjb,178,ฒ,False,False,True,False,False,True
upcjb,179,ณ,False,False,True,False,False,True
upcjb,180,ด,False,False,True,False,False,True
upcjb,181,ต,False,False,True,False,False,True
upcjb,182,ถ,False,False,True,False,False,True
upcjb,183,ท,False,False,True,False,False,True
upcjb,184,ธ,False,False,True,False,False,True
upcjb,185,น,False,False,True,False,False,True
upcjb,186,บ,False,False,True,False,False,True
upcjb,187,ป,False,False,True,False,False,True
upcjb,188,ผ,False,False,True,False,False,True
upcjb,189,ฝ,False,False,True,False,False,True
upcjb,190,พ,False,False,True,False,False,True
upcjb,191,ฟ,False,False,True,False,False,True
upcjb,192,ภ,False,False,True,False,False,True
upcjb,193,ม,False,False,True,False,False,True
upcjb,194,ย,False,False,True,False,False,True
upcjb,195,ร,False,False,True,False,False,True
upcjb,196,ฤ,False,False,True,False,False,True
upcjb,197,ล,False,False,True,False,False,True
upcjb,199,ว,False,False,True,False,False,True
upcjb,200,ศ,False,False,True,False,False,True
upcjb,201,ษ,False,False,True,False,False,True
upcjb,202,ส,False,False,True,False,False,True
upcjb,203,ห,False,False,True,False,False,True
upcjb,204,ฬ,False,False,True,False,False,True
upcjb,205,อ,False,False,True,False,False,True
upcjb,206,ฮ,False,False,True,False,False,True
upcjb,207,ฯ,False,False,True,False,False,True
upcjb,209,ั,True,True,True,False,False,True
upcjb,210,า,False,False,True,False,False,True
upcjb,212,ิ,True,True,True,False,False,True
upcjb,213,ี,True,True,True,False,False,True
upcjb,214,ึ,True,True,True,False,False,True
upcjb,215,ื,True,True,True,False,False,True
upcjb,216,ุ,True,False,True,False,False,True
upcjb,217,ู,True,False,True,False,False,True
upcjb,224,เ,False,False,True,False,False,True
upcjb,225,แ,False,False,True,False,False,True
upcjb,226,โ,False,False,True,False,False,True
upcjb,227,ใ,False,False,True,False,False,True
upcjb,228,ไ,False,False,True,False,False,True
upcjb,229,ๅ,False,False,True,False,False,True
upcjb,230,ๆ,False,False,True,False,False,True
upcjb,231,็,True,True,True,False,False,True
upcjb,232,่,True,True,True,False,False,True
upcjb,233,้,True,True,True,False,False,True
upcjb,234,๊,True,True,True,False,False,True
upcjb,236,์,True,True,True,False,False,True
upcjb,240,๐,False,False,True,False,False,True
upcjb,241,๑,False,False,True,False,False,True
upcjb,242,๒,False,False,True,False,False,True
upcjb,243,๓,False,False,True,False,False,True
upcjb,244,๔,False,False,True,False,False,True
upcjb,245,๕,False,False,True,False,False,True
upcjb,246,๖,False,False,True,False,False,True
upcjb,247,๗,False,False,True,False,False,True
upcjb,248,๘,False,False,True,False,False,True
upcjb,249,๙,False,False,True,False,False,True
upcjbi,161,ก,False,False,True,False,False,True
upcjbi,162,ข,False,False,True,False,False,True
upcjbi,163,ฃ,False,False,True,False,False,True
upcjbi,164,ค,False,False,True,False,False,True
upcjbi,167,ง,False,False,True,False,False,True
upcjbi,168,จ,False,False,True,False,False,True
upcjbi,169,ฉ,False,False,True,False,False,True
upcjbi,170,ช,False,False,True,False,False,True
upcjbi,171,ซ,False,False,True,False,False,True
upcjbi,173,ญ,False,False,True,False,False,True
upcjbi,175,ฏ,False,False,True,False,False,True
upcjbi,176,ฐ,False,False,True,False,False,True
upcjbi,177,ฑ,False,False,True,False,False,True
upcjbi,178,ฒ,False,False,True,False,False,True
upcjbi,179,ณ,False,False,True,False,False,True
upcjbi,180,ด,False,False,True,False,False,True
upcjbi,181,ต,False,False,True,False,False,True
upcjbi,182,ถ,False,False,True,False,False,True
upcjbi,183,ท,False,False,True,False,False,True
upcjbi,184,ธ,False,False,True,False,False,True
upcjbi,185,น,False,False,True,False,False,True
upcjbi,186,บ,False,False,True,False,False,True
upcjbi,187,ป,False,False,True,False,False,True
upcjbi,188,ผ,False,False,True,False,False,True
upcjbi,189,ฝ,False,False,True,False,False,True
upcjbi,190,พ,False,False,True,False,False,True
upcjbi,191,ฟ,False,False,True,False,False,True
upcjbi,192,ภ,False,False,True,False,False,True
upcjbi,193,ม,False,False,True,False,False,True
upcjbi,194,ย,False,False,True,False,False,True
upcjbi,195,ร,False,False,True,False,False,True
upcjbi,196,ฤ,False,False,True,False,False,True
upcjbi,197,ล,False,False,True,False,False,True
upcjbi,199,ว,False,False,True,False,False,True
upcjbi,200,ศ,False,False,True,False,False,True
upcjbi,201,ษ,False,False,True,False,False,True
upcjbi,202,ส,False,False,True,False,False,True
upcjbi,203,ห,False,False,True,False,False,True
upcjbi,204,ฬ,False,False,True,False,False,True
upcjbi,205,อ,False,False,True,False,False,True
upcjbi,206,ฮ,False,False,True,False,False,True
upcjbi,207,ฯ,False,False,True,False,False,True
upcjbi,209,ั,True,True,True,False,False,True
upcjbi,210,า,False,False,True,False,False,True
upcjbi,212,ิ,True,True,True,False,False,True
upcjbi,213,ี,True,True,True,False,False,True
upcjbi,214,ึ,True,True,True,False,False,True
upcjbi,215,ื,True,True,True,False,False,True
upcjbi,216,ุ,True,False,True,False,False,True
upcjbi,217,ู,True,False,True,False,False,True
upcjbi,224,เ,False,False,True,False,False,True
upcjbi,225,แ,False,False,True,False,False,True
upcjbi,226,โ,False,False,True,False,False,True
upcjbi,227,ใ,False,False,True,False,False,True
upcjbi,228,ไ,False,False,True,False,False,True
upcjbi,229,ๅ,False,False,True,False,False,True
upcjbi,230,ๆ,False,False,True,False,False,True
upcjbi,231,็,True,True,True,False,False,True
upcjbi,232,่,True,True,True,False,False,True
upcjbi,233,้,True,True,True,False,False,True
upcjbi,234,๊,True,True,True,False,False,True
upcjbi,236,์,True,True,True,False,False,True
upcjbi,240,๐,False,False,True,False,False,True
upcjbi,241,๑,False,False,True,False,False,True
upcjbi,242,๒,False,False,True,False,False,True
upcjbi,243,๓,False,False,True,False,False,True
upcjbi,244,๔,False,False,True,False,False,True
upcjbi,245,๕,False,False,True,False,False,True
upcjbi,246,๖,False,False,True,False,False,True
upcjbi,247,๗,False,False,True,False,False,True
upcjbi,248,๘,False,False,True,False,False,True
upcjbi,249,๙,False,False,True,False,False,True
upcji,161,ก,False,False,True,False,False,True
upcji,162,ข,False,False,True,False,False,True
upcji,163,ฃ,False,False,True,False,False,True
upcji,164,ค,False,False,True,False,False,True
upcji,167,ง,False,False,True,False,False,True
upcji,168,จ,False,False,True,False,False,True
upcji,169,ฉ,False,False,True,False,False,True
upcji,170,ช,False,False,True,False,False,True
upcji,171,ซ,False,False,True,False,False,True
upcji,173,ญ,False,False,True,False,False,True
upcji,175,ฏ,False,False,True,False,False,True
upcji,176,ฐ,False,False,True,False,False,True
upcji,177,ฑ,False,False,True,False,False,True
upcji,178,ฒ,False,False,True,False,False,True
upcji,179,ณ,False,False,True,False,False,True
upcji,180,ด,False,False,True,False,False,True
upcji,181,ต,False,False,True,False,False,True
upcji,182,ถ,False,False,True,False,False,True
upcji,183,ท,False,False,True,False,False,True
upcji,184,ธ,False,False,True,False,False,True
upcji,185,น,False,False,True,False,False,True
upcji,186,บ,False,False,True,False,False,True
upcji,187,ป,False,False,True,False,False,True
upcji,188,ผ,False,False,True,False,False,True
upcji,189,ฝ,False,False,True,False,False,True
upcji,190,พ,False,False,True,False,False,True
upcji,191,ฟ,False,False,True,False,False,True
upcji,192,ภ,False,False,True,False,False,True
upcji,193,ม,False,False,True,False,False,True
upcji,194,ย,False,False,True,False,False,True
upcji,195,ร,False,False,True,False,False,True
upcji,196,ฤ,False,False,True,False,False,True
upcji,197,ล,False,False,True,False,False,True
upcji,199,ว,False,False,True,False,False,True
upcji,200,ศ,False,False,True,False,False,True
upcji,201,ษ,False,False,True,False,False,True
upcji,202,ส,False,False,True,False,False,True
upcji,203,ห,False,False,True,False,False,True
upcji,204,ฬ,False,False,True,False,False,True
upcji,205,อ,False,False,True,False,False,True
upcji,206,ฮ,False,False,True,False,False,True
upcji,207,ฯ,False,False,True,False,False,True
upcji,209,ั,True,True,True,False,False,True
upcji,210,า,False,False,True,False,False,True
upcji,212,ิ,True,True,True,False,False,True
upcji,213,ี,True,True,True,False,False,True
upcji,214,ึ,True,True,True,False,False,True
upcji,215,ื,True,True,True,False,False,True
upcji,216,ุ,True,False,True,False,False,True
upcji,217,ู,True,False,True,False,False,True
upcji,224,เ,False,False,True,False,False,True
upcji,225,แ,False,False,True,False,False,True
upcji,226,โ,False,False,True,False,False,True
upcji,227,ใ,False,False,True,False,False,True
upcji,228,ไ,False,False,True,False,False,True
upcji,229,ๅ,False,False,True,False,False,True
upcji,230,ๆ,False,False,True,False,False,True
upcji,231,็,True,True,True,False,False,True
upcji,232,่,True,True,True,False,False,True
upcji,233,้,True,True,True,False,False,True
upcji,234,๊,True,True,True,False,False,True
upcji,236,์,True,True,True,False,False,True
upcji,240,๐,False,False,True,False,False,True
upcji,241,๑,False,False,True,False,False,True
upcji,242,๒,False,False,True,False,False,True
upcji,243,๓,False,False,True,False,False,True
upcji,244,๔,False,False,True,False,False,True
upcji,245,๕,False,False,True,False,False,True
upcji,246,๖,False,False,True,False,False,True
upcji,247,๗,False,False,True,False,False,True
upcji,248,๘,False,False,True,False,False,True
upcji,249,๙,False,False,True,False,False,True
upcjl,161,ก,False,False,True,False,False,True
upcjl,162,ข,False,False,True,False,False,True
upcjl,163,ฃ,False,False,True,False,False,True
upcjl,164,ค,False,False,True,False,False,True
upcjl,167,ง,False,False,True,False,False,True
upcjl,168,จ,False,False,True,False,False,True
upcjl,169,ฉ,False,False,True,False,False,True
upcjl,170,ช,False,False,True,False,False,True
upcjl,171,ซ,False,False,True,False,False,True
upcjl,173,ญ,False,False,True,False,False,True
upcjl,175,ฏ,False,False,True,False,False,True
upcjl,176,ฐ,False,False,True,False,False,True
upcjl,177,ฑ,False,False,True,False,False,True
upcjl,178,ฒ,False,False,True,False,False,True
upcjl,179,ณ,False,False,True,False,False,True
upcjl,180,ด,False,False,True,False,False,True
upcjl,181,ต,False,False,True,False,False,True
upcjl,182,ถ,False,False,True,False,False,True
upcjl,183,ท,False,False,True,False,False,True
upcjl,184,ธ,False,False,True,False,False,True
upcjl,185,น,False,False,True,False,False,True
upcjl,186,บ,False,False,True,False,False,True
upcjl,187,ป,False,False,True,False,False,True
upcjl,188,ผ,False,False,True,False,False,True
upcjl,189,ฝ,False,False,True,False,False,True
upcjl,190,พ,False,False,True,False,False,True
upcjl,191,ฟ,False,False,True,False,False,True
upcjl,192,ภ,False,False,True,False,False,True
upcjl,193,ม,False,False,True,False,False,True
upcjl,194,ย,False,False,True,False,False,True
upcjl,195,ร,False,False,True,False,False,True
upcjl,196,ฤ,False,False,True,False,False,True
upcjl,197,ล,False,False,True,False,False,True
upcjl,199,ว,False,False,True,False,False,True
upcjl,200,ศ,False,False,True,False,False,True
upcjl,201,ษ,False,False,True,False,False,True
upcjl,202,ส,False,False,True,False,False,True
upcjl,203,ห,False,False,True,False,False,True
upcjl,204,ฬ,False,False,True,False,False,True
upcjl,205,อ,False,False,True,False,False,True
upcjl,206,ฮ,False,False,True,False,False,True
upcjl,207,ฯ,False,False,True,False,False,True
upcjl,209,ั,True,True,True,False,False,True
upcjl,210,า,False,False,True,False,False,True
upcjl,212,ิ,True,True,True,False,False,True
upcjl,213,ี,True,True,True,False,False,True
upcjl,214,ึ,True,True,True,False,False,True
upcjl,215,ื,True,True,True,False,False,True
upcjl,216,ุ,True,False,True,False,False,True
upcjl,217,ู,True,False,True,False,False,True
upcjl,224,เ,False,False,True,False,False,True
upcjl,225,แ,False,False,True,False,False,True
upcjl,226,โ,False,False,True,False,False,True
upcjl,227,ใ,False,False,True,False,False,True
upcjl,228,ไ,False,False,True,False,False,True
upcjl,229,ๅ,False,False,True,False,False,True
upcjl,230,ๆ,False,False,True,False,False,True
upcjl,231,็,True,True,True,False,False,True
upcjl,232,่,True,True,True,False,False,True
upcjl,233,้,True,True,True,False,False,True
upcjl,234,๊,True,True,True,False,False,True
upcjl,236,์,True,True,True,False,False,True
upcjl,240,๐,False,False,True,False,False,True
upcjl,241,๑,False,False,True,False,False,True
upcjl,242,๒,False,False,True,False,False,True
upcjl,243,๓,False,False,True,False,False,True
upcjl,244,๔,False,False,True,False,False,True
upcjl,245,๕,False,False,True,False,False,True
upcjl,246,๖,False,False,True,False,False,True
upcjl,247,๗,False,False,True,False,False,True
upcjl,248,๘,False,False,True,False,False,True
upcjl,249,๙,False,False,True,False,False,True
upckb,161,ก,False,False,True,False,False,True
upckb,162,ข,False,False,True,False,False,True
upckb,163,ฃ,False,False,True,False,False,True
upckb,164,ค,False,False,True,False,False,True
upckb,167,ง,False,False,True,False,False,True
upckb,168,จ,False,False,True,False,False,True
upckb,169,ฉ,False,False,True,False,False,True
upckb,170,ช,False,False,True,False,False,True
upckb,171,ซ,False,False,True,False,False,True
upckb,173,ญ,False,False,True,False,False,True
upckb,175,ฏ,False,False,True,False,False,True
upckb,176,ฐ,False,False,True,False,False,True
upckb,177,ฑ,False,False,True,False,False,True
upckb,178,ฒ,False,False,True,False,False,True
upckb,179,ณ,False,False,True,False,False,True
upckb,180,ด,False,False,True,False,False,True
upckb,181,ต,False,False,True,False,False,True
upckb,182,ถ,False,False,True,False,False,True
upckb,183,ท,False,False,True,False,False,True
upckb,184,ธ,False,False,True,False,False,True
upckb,185,น,False,False,True,False,False,True
upckb,186,บ,False,False,True,False,False,True
upckb,187,ป,False,False,True,False,False,True
upckb,188,ผ,False,False,True,False,False,True
upckb,189,ฝ,False,False,True,False,False,True
upckb,190,พ,False,False,True,False,False,True
upckb,191,ฟ,False,False,True,False,False,True
upckb,192,ภ,False,False,True,False,False,True
upckb,193,ม,False,False,True,False,False,True
upckb,194,ย,False,False,True,False,False,True
upckb,195,ร,False,False,True,False,False,True
upckb,196,ฤ,False,False,True,False,False,True
upckb,197,ล,False,False,True,False,False,True
upckb,199,ว,False,False,True,False,False,True
upckb,200,ศ,False,False,True,False,False,True
upckb,201,ษ,False,False,True,False,False,True
upckb,202,ส,False,False,True,False,False,True
upckb,203,ห,False,False,True,False,False,True
upckb,204,ฬ,False,False,True,False,False,True
upckb,205,อ,False,False,True,False,False,True
upckb,206,ฮ,False,False,True,False,False,True
upckb,207,ฯ,False,False,True,False,False,True
upckb,209,ั,True,True,True,False,False,True
upckb,210,า,False,False,True,False,False,True
upckb,212,ิ,True,True,True,False,False,True
upckb,213,ี,True,True,True,False,False,True
upckb,214,ึ,True,True,True,False,False,True
upckb,215,ื,True,True,True,False,False,True
upckb,216,ุ,True,False,True,False,False,True
upckb,217,ู,True,False,True,False,False,True
upckb,224,เ,False,False,True,False,False,True
upckb,225,แ,False,False,True,False,False,True
upckb,226,โ,False,False,True,False,False,True
upckb,227,ใ,False,False,True,False,False,True
upckb,228,ไ,False,False,True,False,False,True
upckb,229,ๅ,False,False,True,False,False,True
upckb,230,ๆ,False,False,True,False,False,True
upckb,231,็,True,True,True,False,False,True
upckb,232,่,True,True,True,False,False,True
upckb,233,้,True,True,True,False,False,True
upckb,234,๊,True,True,True,False,False,True
upckb,236,์,True,True,True,False,False,True
upckb,240,๐,False,False,True,False,False,True
upckb,241,๑,False,False,True,False,False,True
upckb,242,๒,False,False,True,False,False,True
upckb,243,๓,False,False,True,False,False,True
upckb,244,๔,False,False,True,False,False,True
upckb,245,๕,False,False,True,False,False,True
upckb,246,๖,False,False,True,False,False,True
upckb,247,๗,False,False,True,False,False,True
upckb,248,๘,False,False,True,False,False,True
upckb,249,๙,False,False,True,False,False,True
upckbi,161,ก,False,False,True,False,False,True
upckbi,162,ข,False,False,True,False,False,True
upckbi,163,ฃ,False,False,True,False,False,True
upckbi,164,ค,False,False,True,False,False,True
upckbi,167,ง,False,False,True,False,False,True
upckbi,168,จ,False,False,True,False,False,True
upckbi,169,ฉ,False,False,True,False,False,True
upckbi,170,ช,False,False,True,False,False,True
upckbi,171,ซ,False,False,True,False,False,True
upckbi,173,ญ,False,False,True,False,False,True
upckbi,175,ฏ,False,False,True,False,False,True
upckbi,176,ฐ,False,False,True,False,False,True
upckbi,177,ฑ,False,False,True,False,False,True
upckbi,178,ฒ,False,False,True,False,False,True
upckbi,179,ณ,False,False,True,False,False,True
upckbi,180,ด,False,False,True,False,False,True
upckbi,181,ต,False,False,True,False,False,True
upckbi,182,ถ,False,False,True,False,False,True
upckbi,183,ท,False,False,True,False,False,True
upckbi,184,ธ,False,False,True,False,False,True
upckbi,185,น,False,False,True,False,False,True
upckbi,186,บ,False,False,True,False,False,True
upckbi,187,ป,False,False,True,False,False,True
upckbi,188,ผ,False,False,True,False,False,True
upckbi,189,ฝ,False,False,True,False,False,True
upckbi,190,พ,False,False,True,False,False,True
upckbi,191,ฟ,False,False,True,False,False,True
upckbi,192,ภ,False,False,True,False,False,True
upckbi,193,ม,False,False,True,False,False,True
upckbi,194,ย,False,False,True,False,False,True
upckbi,195,ร,False,False,True,False,False,True
upckbi,196,ฤ,False,False,True,False,False,True
upckbi,197,ล,False,False,True,False,False,True
upckbi,199,ว,False,False,True,False,False,True
upckbi,200,ศ,False,False,True,False,False,True
upckbi,201,ษ,False,False,True,False,False,True
upckbi,202,ส,False,False,True,False,False,True
upckbi,203,ห,False,False,True,False,False,True
upckbi,204,ฬ,False,False,True,False,False,True
upckbi,205,อ,False,False,True,False,False,True
upckbi,206,ฮ,False,False,True,False,False,True
upckbi,207,ฯ,False,False,True,False,False,True
upckbi,209,ั,True,True,True,False,False,True
upckbi,210,า,False,False,True,False,False,True
upckbi,212,ิ,True,True,True,False,False,True
upckbi,213,ี,True,True,True,False,False,True
upckbi,214,ึ,True,True,True,False,False,True
upckbi,215,ื,True,True,True,False,False,True
upckbi,216,ุ,True,False,True,False,False,True
upckbi,217,ู,True,False,True,False,False,True
upckbi,224,เ,False,False,True,False,False,True
upckbi,225,แ,False,False,True,False,False,True
upckbi,226,โ,False,False,True,False,False,True
upckbi,227,ใ,False,False,True,False,False,True
upckbi,228,ไ,False,False,True,False,False,True
upckbi,229,ๅ,False,False,True,False,False,True
upckbi,230,ๆ,False,False,True,False,False,True
upckbi,231,็,True,True,True,False,False,True
upckbi,232,่,True,True,True,False,False,True
upckbi,233,้,True,True,True,False,False,True
upckbi,234,๊,True,True,True,False,False,True
upckbi,236,์,True,True,True,False,False,True
upckbi,240,๐,False,False,True,False,False,True
upckbi,241,๑,False,False,True,False,False,True
upckbi,242,๒,False,False,True,False,False,True
upckbi,243,๓,False,False,True,False,False,True
upckbi,244,๔,False,False,True,False,False,True
upckbi,245,๕,False,False,True,False,False,True
upckbi,246,๖,False,False,True,False,False,True
upckbi,247,๗,False,False,True,False,False,True
upckbi,248,๘,False,False,True,False,False,True
upckbi,249,๙,False,False,True,False,False,True
upcki,161,ก,False,False,True,False,False,True
upcki,162,ข,False,False,True,False,False,True
upcki,163,ฃ,False,False,True,False,False,True
upcki,164,ค,False,False,True,False,False,True
upcki,167,ง,False,False,True,False,False,True
upcki,168,จ,False,False,True,False,False,True
upcki,169,ฉ,False,False,True,False,False,True
upcki,170,ช,False,False,True,False,False,True
upcki,171,ซ,False,False,True,False,False,True
upcki,173,ญ,False,False,True,False,False,True
upcki,175,ฏ,False,False,True,False,False,True
upcki,176,ฐ,False,False,True,False,False,True
upcki,177,ฑ,False,False,True,False,False,True
upcki,178,ฒ,False,False,True,False,False,True
upcki,179,ณ,False,False,True,False,False,True
upcki,180,ด,False,False,True,False,False,True
upcki,181,ต,False,False,True,False,False,True
upcki,182,ถ,False,False,True,False,False,True
upcki,183,ท,False,False,True,False,False,True
upcki,184,ธ,False,False,True,False,False,True
upcki,185,น,False,False,True,False,False,True
upcki,186,บ,False,False,True,False,False,True
upcki,187,ป,False,False,True,False,False,True
upcki,188,ผ,False,False,True,False,False,True
upcki,189,ฝ,False,False,True,False,False,True
upcki,190,พ,False,False,True,False,False,True
upcki,191,ฟ,False,False,True,False,False,True
upcki,192,ภ,False,False,True,False,False,True
upcki,193,ม,False,False,True,False,False,True
upcki,194,ย,False,False,True,False,False,True
upcki,195,ร,False,False,True,False,False,True
upcki,196,ฤ,False,False,True,False,False,True
upcki,197,ล,False,False,True,False,False,True
upcki,199,ว,False,False,True,False,False,True
upcki,200,ศ,False,False,True,False,False,True
upcki,201,ษ,False,False,True,False,False,True
upcki,202,ส,False,False,True,False,False,True
upcki,203,ห,False,False,True,False,False,True
upcki,204,ฬ,False,False,True,False,False,True
upcki,205,อ,False,False,True,False,False,True
upcki,206,ฮ,False,False,True,False,False,True
upcki,207,ฯ,False,False,True,False,False,True
upcki,209,ั,True,True,True,False,False,True
upcki,210,า,False,False,True,False,False,True
upcki,212,ิ,True,True,True,False,False,True
upcki,213,ี,True,True,True,False,False,True
upcki,214,ึ,True,True,True,False,False,True
upcki,215,ื,True,True,True,False,False,True
upcki,216,ุ,True,False,True,False,False,True
upcki,217,ู,True,False,True,False,False,True
upcki,224,เ,False,False,True,False,False,True
upcki,225,แ,False,False,True,False,False,True
upcki,226,โ,False,False,True,False,False,True
upcki,227,ใ,False,False,True,False,False,True
upcki,228,ไ,False,False,True,False,False,True
upcki,229,ๅ,False,False,True,False,False,True
upcki,230,ๆ,False,False,True,False,False,True
upcki,231,็,True,True,True,False,False,True
upcki,232,่,True,True,True,False,False,True
upcki,233,้,True,True,True,False,False,True
upcki,234,๊,True,True,True,False,False,True
upcki,236,์,True,True,True,False,False,True
upcki,240,๐,False,False,True,False,False,True
upcki,241,๑,False,False,True,False,False,True
upcki,242,๒,False,False,True,False,False,True
upcki,243,๓,False,False,True,False,False,True
upcki,244,๔,False,False,True,False,False,True
upcki,245,๕,False,False,True,False,False,True
upcki,246,๖,False,False,True,False,False,True
upcki,247,๗,False,False,True,False,False,True
upcki,248,๘,False,False,True,False,False,True
upcki,249,๙,False,False,True,False,False,True
upckl,161,ก,False,False,True,False,False,True
upckl,162,ข,False,False,True,False,False,True
upckl,163,ฃ,False,False,True,False,False,True
upckl,164,ค,False,False,True,False,False,True
upckl,167,ง,False,False,True,False,False,True
upckl,168,จ,False,False,True,False,False,True
upckl,169,ฉ,False,False,True,False,False,True
upckl,170,ช,False,False,True,False,False,True
upckl,171,ซ,False,False,True,False,False,True
upckl,173,ญ,False,False,True,False,False,True
upckl,175,ฏ,False,False,True,False,False,True
upckl,176,ฐ,False,False,True,False,False,True
upckl,177,ฑ,False,False,True,False,False,True
upckl,178,ฒ,False,False,True,False,False,True
upckl,179,ณ,False,False,True,False,False,True
upckl,180,ด,False,False,True,False,False,True
upckl,181,ต,False,False,True,False,False,True
upckl,182,ถ,False,False,True,False,False,True
upckl,183,ท,False,False,True,False,False,True
upckl,184,ธ,False,False,True,False,False,True
upckl,185,น,False,False,True,False,False,True
upckl,186,บ,False,False,True,False,False,True
upckl,187,ป,False,False,True,False,False,True
upckl,188,ผ,False,False,True,False,False,True
upckl,189,ฝ,False,False,True,False,False,True
upckl,190,พ,False,False,True,False,False,True
upckl,191,ฟ,False,False,True,False,False,True
upckl,192,ภ,False,False,True,False,False,True
upckl,193,ม,False,False,True,False,False,True
upckl,194,ย,False,False,True,False,False,True
upckl,195,ร,False,False,True,False,False,True
upckl,196,ฤ,False,False,True,False,False,True
upckl,197,ล,False,False,True,False,False,True
upckl,199,ว,False,False,True,False,False,True
upckl,200,ศ,False,False,True,False,False,True
upckl,201,ษ,False,False,True,False,False,True
upckl,202,ส,False,False,True,False,False,True
upckl,203,ห,False,False,True,False,False,True
upckl,204,ฬ,False,False,True,False,False,True
upckl,205,อ,False,False,True,False,False,True
upckl,206,ฮ,False,False,True,False,False,True
upckl,207,ฯ,False,False,True,False,False,True
upckl,209,ั,True,True,True,False,False,True
upckl,210,า,False,False,True,False,False,True
upckl,212,ิ,True,True,True,False,False,True
upckl,213,ี,True,True,True,False,False,True
upckl,214,ึ,True,True,True,False,False,True
upckl,215,ื,True,True,True,False,False,True
upckl,216,ุ,True,False,True,False,False,True
upckl,217,ู,True,False,True,False,False,True
upckl,224,เ,False,False,True,False,False,True
upckl,225,แ,False,False,True,False,False,True
upckl,226,โ,False,False,True,False,False,True
upckl,227,ใ,False,False,True,False,False,True
upckl,228,ไ,False,False,True,False,False,True
upckl,229,ๅ,False,False,True,False,False,True
upckl,230,ๆ,False,False,True,False,False,True
upckl,231,็,True,True,True,False,False,True
upckl,232,่,True,True,True,False,False,True
upckl,233,้,True,True,True,False,False,True
upckl,234,๊,True,True,True,False,False,True
upckl,236,์,True,True,True,False,False,True
upckl,240,๐,False,False,True,False,False,True
upckl,241,๑,False,False,True,False,False,True
upckl,242,๒,False,False,True,False,False,True
upckl,243,๓,False,False,True,False,False,True
upckl,244,๔,False,False,True,False,False,True
upckl,245,๕,False,False,True,False,False,True
upckl,246,๖,False,False,True,False,False,True
upckl,247,๗,False,False,True,False,False,True
upckl,248,๘,False,False,True,False,False,True
upckl,249,๙,False,False,True,False,False,True
upclb,161,ก,False,False,True,False,False,True
upclb,162,ข,False,False,True,False,False,True
upclb,163,ฃ,False,False,True,False,False,True
upclb,164,ค,False,False,True,False,False,True
upclb,167,ง,False,False,True,False,False,True
upclb,168,จ,False,False,True,False,False,True
upclb,169,ฉ,False,False,True,False,False,True
upclb,170,ช,False,False,True,False,False,True
upclb,171,ซ,False,False,True,False,False,True
upclb,173,ญ,False,False,True,False,False,True
upclb,175,ฏ,False,False,True,False,False,True
upclb,176,ฐ,False,False,True,False,False,True
upclb,177,ฑ,False,False,True,False,False,True
upclb,178,ฒ,False,False,True,False,False,True
upclb,179,ณ,False,False,True,False,False,True
upclb,180,ด,False,False,True,False,False,True
upclb,181,ต,False,False,True,False,False,True
upclb,182,ถ,False,False,True,False,False,True
upclb,183,ท,False,False,True,False,False,True
upclb,184,ธ,False,False,True,False,False,True
upclb,185,น,False,False,True,False,False,True
upclb,186,บ,False,False,True,False,False,True
upclb,187,ป,False,False,True,False,False,True
upclb,188,ผ,False,False,True,False,False,True
upclb,189,ฝ,False,False,True,False,False,True
upclb,190,พ,False,False,True,False,False,True
upclb,191,ฟ,False,False,True,False,False,True
upclb,192,ภ,False,False,True,False,False,True
upclb,193,ม,False,False,True,False,False,True
upclb,194,ย,False,False,True,False,False,True
upclb,195,ร,False,False,True,False,False,True
upclb,196,ฤ,False,False,True,False,False,True
upclb,197,ล,False,False,True,False,False,True
upclb,199,ว,False,False,True,False,False,True
upclb,200,ศ,False,False,True,False,False,True
upclb,201,ษ,False,False,True,False,False,True
upclb,202,ส,False,False,True,False,False,True
upclb,203,ห,False,False,True,False,False,True
upclb,204,ฬ,False,False,True,False,False,True
upclb,205,อ,False,False,True,False,False,True
upclb,206,ฮ,False,False,True,False,False,True
upclb,207,ฯ,False,False,True,False,False,True
upclb,209,ั,True,True,True,False,False,True
upclb,210,า,False,False,True,False,False,True
upclb,212,ิ,True,True,True,False,False,True
upclb,213,ี,True,True,True,False,False,True
upclb,214,ึ,True,True,True,False,False,True
upclb,215,ื,True,True,True,False,False,True
upclb,216,ุ,True,False,True,False,False,True
upclb,217,ู,True,False,True,False,False,True
upclb,224,เ,False,False,True,False,False,True
upclb,225,แ,False,False,True,False,False,True
upclb,226,โ,False,False,True,False,False,True
upclb,227,ใ,False,False,True,False,False,True
upclb,228,ไ,False,False,True,False,False,True
upclb,229,ๅ,False,False,True,False,False,True
upclb,230,ๆ,False,False,True,False,False,True
upclb,231,็,True,True,True,False,False,True
upclb,232,่,True,True,True,False,False,True
upclb,233,้,True,True,True,False,False,True
upclb,234,๊,True,True,True,False,False,True
upclb,236,์,True,True,True,False,False,True
upclb,240,๐,False,False,True,False,False,True
upclb,241,๑,False,False,True,False,False,True
upclb,242,๒,False,False,True,False,False,True
upclb,243,๓,False,False,True,False,False,True
upclb,244,๔,False,False,True,False,False,True
upclb,245,๕,False,False,True,False,False,True
upclb,246,๖,False,False,True,False,False,True
upclb,247,๗,False,False,True,False,False,True
upclb,248,๘,False,False,True,False,False,True
upclb,249,๙,False,False,True,False,False,True
upclbi,161,ก,False,False,True,False,False,True
upclbi,162,ข,False,False,True,False,False,True
upclbi,163,ฃ,False,False,True,False,False,True
upclbi,164,ค,False,False,True,False,False,True
upclbi,167,ง,False,False,True,False,False,True
upclbi,168,จ,False,False,True,False,False,True
upclbi,169,ฉ,False,False,True,False,False,True
upclbi,170,ช,False,False,True,False,False,True
upclbi,171,ซ,False,False,True,False,False,True
upclbi,173,ญ,False,False,True,False,False,True
upclbi,175,ฏ,False,False,True,False,False,True
upclbi,176,ฐ,False,False,True,False,False,True
upclbi,177,ฑ,False,False,True,False,False,True
upclbi,178,ฒ,False,False,True,False,False,True
upclbi,179,ณ,False,False,True,False,False,True
upclbi,180,ด,False,False,True,False,False,True
upclbi,181,ต,False,False,True,False,False,True
upclbi,182,ถ,False,False,True,False,False,True
upclbi,183,ท,False,False,True,False,False,True
upclbi,184,ธ,False,False,True,False,False,True
upclbi,185,น,False,False,True,False,False,True
upclbi,186,บ,False,False,True,False,False,True
upclbi,187,ป,False,False,True,False,False,True
upclbi,188,ผ,False,False,True,False,False,True
upclbi,189,ฝ,False,False,True,False,False,True
upclbi,190,พ,False,False,True,False,False,True
upclbi,191,ฟ,False,False,True,False,False,True
upclbi,192,ภ,False,False,True,False,False,True
upclbi,193,ม,False,False,True,False,False,True
upclbi,194,ย,False,False,True,False,False,True
upclbi,195,ร,False,False,True,False,False,True
upclbi,196,ฤ,False,False,True,False,False,True
upclbi,197,ล,False,False,True,False,False,True
upclbi,199,ว,False,False,True,False,False,True
upclbi,200,ศ,False,False,True,False,False,True
upclbi,201,ษ,False,False,True,False,False,True
upclbi,202,ส,False,False,True,False,False,True
upclbi,203,ห,False,False,True,False,False,True
upclbi,204,ฬ,False,False,True,False,False,True
upclbi,205,อ,False,False,True,False,False,True
upclbi,206,ฮ,False,False,True,False,False,True
upclbi,207,ฯ,False,False,True,False,False,True
upclbi,209,ั,True,True,True,False,False,True
upclbi,210,า,False,False,True,False,False,True
upclbi,212,ิ,True,True,True,False,False,True
upclbi,213,ี,True,True,True,False,False,True
upclbi,214,ึ,True,True,True,False,False,True
upclbi,215,ื,True,True,True,False,False,True
upclbi,216,ุ,True,False,True,False,False,True
upclbi,217,ู,True,False,True,False,False,True
upclbi,224,เ,False,False,True,False,False,True
upclbi,225,แ,False,False,True,False,False,True
upclbi,226,โ,False,False,True,False,False,True
upclbi,227,ใ,False,False,True,False,False,True
upclbi,228,ไ,False,False,True,False,False,True
upclbi,229,ๅ,False,False,True,False,False,True
upclbi,230,ๆ,False,False,True,False,False,True
upclbi,231,็,True,True,True,False,False,True
upclbi,232,่,True,True,True,False,False,True
upclbi,233,้,True,True,True,False,False,True
upclbi,234,๊,True,True,True,False,False,True
upclbi,236,์,True,True,True,False,False,True
upclbi,240,๐,False,False,True,False,False,True
upclbi,241,๑,False,False,True,False,False,True
upclbi,242,๒,False,False,True,False,False,True
upclbi,243,๓,False,False,True,False,False,True
upclbi,244,๔,False,False,True,False,False,True
upclbi,245,๕,False,False,True,False,False,True
upclbi,246,๖,False,False,True,False,False,True
upclbi,247,๗,False,False,True,False,False,True
upclbi,248,๘,False,False,True,False,False,True
upclbi,249,๙,False,False,True,False,False,True
upcli,161,ก,False,False,True,False,False,True
upcli,162,ข,False,False,True,False,False,True
upcli,163,ฃ,False,False,True,False,False,True
upcli,164,ค,False,False,True,False,False,True
upcli,167,ง,False,False,True,False,False,True
upcli,168,จ,False,False,True,False,False,True
upcli,169,ฉ,False,False,True,False,False,True
upcli,170,ช,False,False,True,False,False,True
upcli,171,ซ,False,False,True,False,False,True
upcli,173,ญ,False,False,True,False,False,True
upcli,175,ฏ,False,False,True,False,False,True
upcli,176,ฐ,False,False,True,False,False,True
upcli,177,ฑ,False,False,True,False,False,True
upcli,178,ฒ,False,False,True,False,False,True
upcli,179,ณ,False,False,True,False,False,True
upcli,180,ด,False,False,True,False,False,True
upcli,181,ต,False,False,True,False,False,True
upcli,182,ถ,False,False,True,False,False,True
upcli,183,ท,False,False,True,False,False,True
upcli,184,ธ,False,False,True,False,False,True
upcli,185,น,False,False,True,False,False,True
upcli,186,บ,False,False,True,False,False,True
upcli,187,ป,False,False,True,False,False,True
upcli,188,ผ,False,False,True,False,False,True
upcli,189,ฝ,False,False,True,False,False,True
upcli,190,พ,False,False,True,False,False,True
upcli,191,ฟ,False,False,True,False,False,True
upcli,192,ภ,False,False,True,False,False,True
upcli,193,ม,False,False,True,False,False,True
upcli,194,ย,False,False,True,False,False,True
upcli,195,ร,False,False,True,False,False,True
upcli,196,ฤ,False,False,True,False,False,True
upcli,197,ล,False,False,True,False,False,True
upcli,199,ว,False,False,True,False,False,True
upcli,200,ศ,False,False,True,False,False,True
upcli,201,ษ,False,False,True,False,False,True
upcli,202,ส,False,False,True,False,False,True
upcli,203,ห,False,False,True,False,False,True
upcli,204,ฬ,False,False,True,False,False,True
upcli,205,อ,False,False,True,False,False,True
upcli,206,ฮ,False,False,True,False,False,True
upcli,207,ฯ,False,False,True,False,False,True
upcli,209,ั,True,True,True,False,False,True
upcli,210,า,False,False,True,False,False,True
upcli,212,ิ,True,True,True,False,False,True
upcli,213,ี,True,True,True,False,False,True
upcli,214,ึ,True,True,True,False,False,True
upcli,215,ื,True,True,True,False,False,True
upcli,216,ุ,True,False,True,False,False,True
upcli,217,ู,True,False,True,False,False,True
upcli,224,เ,False,False,True,False,False,True
upcli,225,แ,False,False,True,False,False,True
upcli,226,โ,False,False,True,False,False,True
upcli,227,ใ,False,False,True,False,False,True
upcli,228,ไ,False,False,True,False,False,True
upcli,229,ๅ,False,False,True,False,False,True
upcli,230,ๆ,False,False,True,False,False,True
upcli,231,็,True,True,True,False,False,True
upcli,232,่,True,True,True,False,False,True
upcli,233,้,True,True,True,False,False,True
upcli,234,๊,True,True,True,False,False,True
upcli,236,์,True,True,True,False,False,True
upcli,240,๐,False,False,True,False,False,True
upcli,241,๑,False,False,True,False,False,True
upcli,242,๒,False,False,True,False,False,True
upcli,243,๓,False,False,True,False,False,True
upcli,244,๔,False,False,True,False,False,True
upcli,245,๕,False,False,True,False,False,True
upcli,246,๖,False,False,True,False,False,True
upcli,247,๗,False,False,True,False,False,True
upcli,248,๘,False,False,True,False,False,True
upcli,249,๙,False,False,True,False,False,True
upcll,161,ก,False,False,True,False,False,True
upcll,162,ข,False,False,True,False,False,True
upcll,163,ฃ,False,False,True,False,False,True
upcll,164,ค,False,False,True,False,False,True
upcll,167,ง,False,False,True,False,False,True
upcll,168,จ,False,False,True,False,False,True
upcll,169,ฉ,False,False,True,False,False,True
upcll,170,ช,False,False,True,False,False,True
upcll,171,ซ,False,False,True,False,False,True
upcll,173,ญ,False,False,True,False,False,True
upcll,175,ฏ,False,False,True,False,False,True
upcll,176,ฐ,False,False,True,False,False,True
upcll,177,ฑ,False,False,True,False,False,True
upcll,178,ฒ,False,False,True,False,False,True
upcll,179,ณ,False,False,True,False,False,True
upcll,180,ด,False,False,True,False,False,True
upcll,181,ต,False,False,True,False,False,True
upcll,182,ถ,False,False,True,False,False,True
upcll,183,ท,False,False,True,False,False,True
upcll,184,ธ,False,False,True,False,False,True
upcll,185,น,False,False,True,False,False,True
upcll,186,บ,False,False,True,False,False,True
upcll,187,ป,False,False,True,False,False,True
upcll,188,ผ,False,False,True,False,False,True
upcll,189,ฝ,False,False,True,False,False,True
upcll,190,พ,False,False,True,False,False,True
upcll,191,ฟ,False,False,True,False,False,True
upcll,192,ภ,False,False,True,False,False,True
upcll,193,ม,False,False,True,False,False,True
upcll,194,ย,False,False,True,False,False,True
upcll,195,ร,False,False,True,False,False,True
upcll,196,ฤ,False,False,True,False,False,True
upcll,197,ล,False,False,True,False,False,True
upcll,199,ว,False,False,True,False,False,True
upcll,200,ศ,False,False,True,False,False,True
upcll,201,ษ,False,False,True,False,False,True
upcll,202,ส,False,False,True,False,False,True
upcll,203,ห,False,False,True,False,False,True
upcll,204,ฬ,False,False,True,False,False,True
upcll,205,อ,False,False,True,False,False,True
upcll,206,ฮ,False,False,True,False,False,True
upcll,207,ฯ,False,False,True,False,False,True
upcll,209,ั,True,True,True,False,False,True
upcll,210,า,False,False,True,False,False,True
upcll,212,ิ,True,True,True,False,False,True
upcll,213,ี,True,True,True,False,False,True
upcll,214,ึ,True,True,True,False,False,True
upcll,215,ื,True,True,True,False,False,True
upcll,216,ุ,True,False,True,False,False,True
upcll,217,ู,True,False,True,False,False,True
upcll,224,เ,False,False,True,False,False,True
upcll,225,แ,False,False,True,False,False,True
upcll,226,โ,False,False,True,False,False,True
upcll,227,ใ,False,False,True,False,False,True
upcll,228,ไ,False,False,True,False,False,True
upcll,229,ๅ,False,False,True,False,False,True
upcll,230,ๆ,False,False,True,False,False,True
upcll,231,็,True,True,True,False,False,True
upcll,232,่,True,True,True,False,False,True
upcll,233,้,True,True,True,False,False,True
upcll,234,๊,True,True,True,False,False,True
upcll,236,์,True,True,True,False,False,True
upcll,240,๐,False,False,True,False,False,True
upcll,241,๑,False,False,True,False,False,True
upcll,242,๒,False,False,True,False,False,True
upcll,243,๓,False,False,True,False,False,True
upcll,244,๔,False,False,True,False,False,True
upcll,245,๕,False,False,True,False,False,True
upcll,246,๖,False,False,True,False,False,True
upcll,247,๗,False,False,True,False,False,True
upcll,248,๘,False,False,True,False,False,True
upcll,249,๙,False,False,True,False,False,True
